2026/08/17 00:32:39.831, 0 %, 0 %, 0 MiB, 46068 MiB, 39, 34.53 W, 210 MHz, 405 MHz
2026/08/17 00:32:44.901, 0 %, 0 %, 0 MiB, 46068 MiB, 38, 34.31 W, 210 MHz, 405 MHz
2026/08/17 00:32:49.954, 0 %, 0 %, 0 MiB, 46068 MiB, 38, 34.58 W, 210 MHz, 405 MHz
2026/08/17 00:32:55.025, 0 %, 0 %, 0 MiB, 46068 MiB, 38, 34.42 W, 210 MHz, 405 MHz
2026/08/17 00:33:00.094, 0 %, 0 %, 0 MiB, 46068 MiB, 37, 34.40 W, 210 MHz, 405 MHz
2026/08/17 00:33:05.164, 0 %, 0 %, 0 MiB, 46068 MiB, 37, 34.35 W, 210 MHz, 405 MHz
2026/08/17 00:33:10.261, 0 %, 0 %, 0 MiB, 46068 MiB, 37, 34.51 W, 210 MHz, 405 MHz
2026/08/17 00:33:15.333, 0 %, 0 %, 0 MiB, 46068 MiB, 37, 43.29 W, 1080 MHz, 810 MHz
2026/08/17 00:33:20.384, 0 %, 0 %, 0 MiB, 46068 MiB, 37, 34.59 W, 210 MHz, 405 MHz
2026/08/17 00:33:25.438, 0 %, 0 %, 0 MiB, 46068 MiB, 36, 34.42 W, 210 MHz, 405 MHz
2026/08/17 00:33:30.493, 0 %, 0 %, 0 MiB, 46068 MiB, 36, 34.48 W, 210 MHz, 405 MHz
2026/08/17 00:33:35.567, 0 %, 0 %, 0 MiB, 46068 MiB, 36, 34.38 W, 210 MHz, 405 MHz
2026/08/17 00:33:40.640, 0 %, 0 %, 0 MiB, 46068 MiB, 36, 34.38 W, 210 MHz, 405 MHz
2026/08/17 00:33:45.709, 0 %, 0 %, 0 MiB, 46068 MiB, 36, 34.36 W, 210 MHz, 405 MHz
2026/08/17 00:33:50.796, 0 %, 0 %, 0 MiB, 46068 MiB, 36, 34.32 W, 210 MHz, 405 MHz
2026/08/17 00:33:55.909, 0 %, 0 %, 0 MiB, 46068 MiB, 35, 34.30 W, 210 MHz, 405 MHz
2026/08/17 00:34:00.963, 0 %, 0 %, 0 MiB, 46068 MiB, 35, 34.39 W, 210 MHz, 405 MHz
2026/08/17 00:34:06.014, 0 %, 0 %, 0 MiB, 46068 MiB, 35, 34.14 W, 210 MHz, 405 MHz
2026/08/17 00:34:11.090, 0 %, 0 %, 0 MiB, 46068 MiB, 35, 34.19 W, 210 MHz, 405 MHz
2026/08/17 00:34:16.162, 0 %, 0 %, 0 MiB, 46068 MiB, 35, 34.22 W, 210 MHz, 405 MHz
2026/08/17 00:34:21.237, 0 %, 0 %, 0 MiB, 46068 MiB, 35, 34.25 W, 210 MHz, 405 MHz
2026/08/17 00:34:26.309, 0 %, 0 %, 0 MiB, 46068 MiB, 35, 34.23 W, 210 MHz, 405 MHz
2026/08/17 00:34:31.361, 0 %, 0 %, 0 MiB, 46068 MiB, 35, 34.34 W, 210 MHz, 405 MHz
2026/08/17 00:34:36.415, 0 %, 0 %, 0 MiB, 46068 MiB, 35, 34.28 W, 210 MHz, 405 MHz
2026/08/17 00:34:41.467, 0 %, 0 %, 19763 MiB, 46068 MiB, 38, 106.89 W, 1800 MHz, 7601 MHz
2026/08/17 00:34:46.519, 26 %, 1 %, 19793 MiB, 46068 MiB, 39, 108.92 W, 1800 MHz, 7601 MHz
2026/08/17 00:34:51.569, 0 %, 0 %, 42421 MiB, 46068 MiB, 43, 182.05 W, 1920 MHz, 7601 MHz
2026/08/17 00:34:56.651, 94 %, 62 %, 43571 MiB, 46068 MiB, 49, 292.76 W, 1440 MHz, 7601 MHz
2026/08/17 00:35:01.721, 81 %, 53 %, 43573 MiB, 46068 MiB, 52, 287.55 W, 1440 MHz, 7601 MHz
2026/08/17 00:35:06.776, 46 %, 30 %, 43575 MiB, 46068 MiB, 53, 261.14 W, 1860 MHz, 7601 MHz
2026/08/17 00:35:11.829, 85 %, 57 %, 43575 MiB, 46068 MiB, 57, 281.64 W, 1440 MHz, 7601 MHz
2026/08/17 00:35:16.883, 82 %, 64 %, 43577 MiB, 46068 MiB, 58, 290.57 W, 1455 MHz, 7601 MHz
2026/08/17 00:35:21.935, 78 %, 62 %, 43579 MiB, 46068 MiB, 60, 286.32 W, 1440 MHz, 7601 MHz
2026/08/17 00:35:27.011, 69 %, 28 %, 43693 MiB, 46068 MiB, 60, 278.71 W, 1635 MHz, 7601 MHz
2026/08/17 00:35:32.083, 88 %, 63 %, 43695 MiB, 46068 MiB, 63, 290.02 W, 1410 MHz, 7601 MHz
2026/08/17 00:35:37.136, 98 %, 61 %, 43697 MiB, 46068 MiB, 64, 288.53 W, 1575 MHz, 7601 MHz
2026/08/17 00:35:42.211, 79 %, 66 %, 43697 MiB, 46068 MiB, 65, 278.61 W, 1425 MHz, 7601 MHz
2026/08/17 00:35:47.282, 100 %, 65 %, 43699 MiB, 46068 MiB, 67, 292.01 W, 1410 MHz, 7601 MHz
2026/08/17 00:35:52.333, 0 %, 0 %, 0 MiB, 46068 MiB, 63, 151.72 W, 1905 MHz, 7601 MHz
2026/08/17 00:35:57.383, 0 %, 0 %, 0 MiB, 46068 MiB, 57, 39.50 W, 210 MHz, 405 MHz
2026/08/17 00:36:02.452, 0 %, 0 %, 0 MiB, 46068 MiB, 55, 37.62 W, 210 MHz, 405 MHz
2026/08/17 00:36:07.538, 0 %, 0 %, 0 MiB, 46068 MiB, 53, 36.99 W, 210 MHz, 405 MHz
2026/08/17 00:36:12.639, 0 %, 0 %, 0 MiB, 46068 MiB, 52, 36.41 W, 210 MHz, 405 MHz
2026/08/17 00:36:17.741, 0 %, 0 %, 0 MiB, 46068 MiB, 50, 35.74 W, 210 MHz, 405 MHz
2026/08/17 00:36:22.815, 0 %, 0 %, 0 MiB, 46068 MiB, 48, 35.46 W, 210 MHz, 405 MHz
2026/08/17 00:36:27.877, 0 %, 0 %, 0 MiB, 46068 MiB, 47, 35.09 W, 210 MHz, 405 MHz
2026/08/17 00:36:32.931, 0 %, 0 %, 0 MiB, 46068 MiB, 46, 34.82 W, 210 MHz, 405 MHz
2026/08/17 00:36:38.012, 0 %, 0 %, 0 MiB, 46068 MiB, 45, 34.62 W, 210 MHz, 405 MHz
2026/08/17 00:36:43.083, 0 %, 0 %, 0 MiB, 46068 MiB, 44, 34.62 W, 210 MHz, 405 MHz
2026/08/17 00:36:48.133, 0 %, 0 %, 0 MiB, 46068 MiB, 43, 34.66 W, 210 MHz, 405 MHz
2026/08/17 00:36:53.185, 2 %, 0 %, 19763 MiB, 46068 MiB, 47, 115.23 W, 1800 MHz, 7601 MHz
2026/08/17 00:36:58.238, 25 %, 1 %, 19793 MiB, 46068 MiB, 48, 124.32 W, 1920 MHz, 7601 MHz
2026/08/17 00:37:03.290, 0 %, 0 %, 42425 MiB, 46068 MiB, 51, 147.28 W, 1935 MHz, 7601 MHz
2026/08/17 00:37:08.342, 100 %, 82 %, 43571 MiB, 46068 MiB, 56, 292.27 W, 1440 MHz, 7601 MHz
2026/08/17 00:37:13.415, 99 %, 79 %, 43573 MiB, 46068 MiB, 59, 292.44 W, 1440 MHz, 7601 MHz
2026/08/17 00:37:18.494, 100 %, 74 %, 43575 MiB, 46068 MiB, 61, 289.42 W, 1425 MHz, 7601 MHz
2026/08/17 00:37:23.597, 99 %, 71 %, 43577 MiB, 46068 MiB, 62, 294.02 W, 1440 MHz, 7601 MHz
2026/08/17 00:37:28.662, 96 %, 59 %, 43579 MiB, 46068 MiB, 64, 294.62 W, 1545 MHz, 7601 MHz
2026/08/17 00:37:33.716, 100 %, 63 %, 43579 MiB, 46068 MiB, 65, 298.30 W, 1440 MHz, 7601 MHz
2026/08/17 00:37:38.771, 100 %, 64 %, 43693 MiB, 46068 MiB, 66, 296.28 W, 1650 MHz, 7601 MHz
2026/08/17 00:37:43.822, 99 %, 64 %, 43697 MiB, 46068 MiB, 67, 296.65 W, 1410 MHz, 7601 MHz
2026/08/17 00:37:48.874, 99 %, 56 %, 43699 MiB, 46068 MiB, 69, 289.62 W, 1710 MHz, 7601 MHz
2026/08/17 00:37:53.942, 92 %, 56 %, 43701 MiB, 46068 MiB, 68, 278.29 W, 1425 MHz, 7601 MHz
2026/08/17 00:37:59.005, 99 %, 70 %, 43701 MiB, 46068 MiB, 69, 294.58 W, 1485 MHz, 7601 MHz
2026/08/17 00:38:04.064, 87 %, 61 %, 43703 MiB, 46068 MiB, 70, 289.29 W, 1575 MHz, 7601 MHz
2026/08/17 00:38:09.115, 99 %, 70 %, 43703 MiB, 46068 MiB, 70, 295.90 W, 1485 MHz, 7601 MHz
2026/08/17 00:38:14.167, 99 %, 71 %, 43707 MiB, 46068 MiB, 71, 297.95 W, 1395 MHz, 7601 MHz
2026/08/17 00:38:19.221, 100 %, 60 %, 43709 MiB, 46068 MiB, 71, 288.00 W, 1695 MHz, 7601 MHz
2026/08/17 00:38:24.281, 98 %, 52 %, 43711 MiB, 46068 MiB, 70, 286.30 W, 1425 MHz, 7601 MHz
2026/08/17 00:38:29.339, 100 %, 63 %, 43711 MiB, 46068 MiB, 70, 293.90 W, 1395 MHz, 7601 MHz
2026/08/17 00:38:34.391, 95 %, 58 %, 43713 MiB, 46068 MiB, 71, 293.48 W, 1395 MHz, 7601 MHz
2026/08/17 00:38:39.447, 91 %, 55 %, 43715 MiB, 46068 MiB, 71, 292.61 W, 1410 MHz, 7601 MHz
2026/08/17 00:38:44.501, 100 %, 59 %, 43717 MiB, 46068 MiB, 71, 296.02 W, 1440 MHz, 7601 MHz
2026/08/17 00:38:49.557, 100 %, 62 %, 43717 MiB, 46068 MiB, 71, 297.88 W, 1395 MHz, 7601 MHz
2026/08/17 00:38:54.622, 100 %, 77 %, 43721 MiB, 46068 MiB, 72, 294.33 W, 1395 MHz, 7601 MHz
2026/08/17 00:38:59.715, 99 %, 66 %, 43723 MiB, 46068 MiB, 72, 291.83 W, 1695 MHz, 7601 MHz
2026/08/17 00:39:04.784, 91 %, 52 %, 43725 MiB, 46068 MiB, 72, 293.27 W, 1395 MHz, 7601 MHz
2026/08/17 00:39:09.861, 99 %, 71 %, 43727 MiB, 46068 MiB, 72, 289.08 W, 1395 MHz, 7601 MHz
2026/08/17 00:39:14.922, 100 %, 73 %, 43727 MiB, 46068 MiB, 72, 261.62 W, 1410 MHz, 7601 MHz
2026/08/17 00:39:19.974, 90 %, 56 %, 43729 MiB, 46068 MiB, 72, 296.10 W, 1395 MHz, 7601 MHz
2026/08/17 00:39:25.048, 99 %, 71 %, 43729 MiB, 46068 MiB, 72, 296.24 W, 1395 MHz, 7601 MHz
2026/08/17 00:39:30.141, 100 %, 61 %, 43729 MiB, 46068 MiB, 72, 296.11 W, 1485 MHz, 7601 MHz
2026/08/17 00:39:35.206, 71 %, 29 %, 43729 MiB, 46068 MiB, 71, 276.92 W, 1395 MHz, 7601 MHz
2026/08/17 00:39:40.261, 88 %, 40 %, 43729 MiB, 46068 MiB, 72, 287.87 W, 1425 MHz, 7601 MHz
2026/08/17 00:39:45.316, 94 %, 62 %, 43729 MiB, 46068 MiB, 71, 286.01 W, 1680 MHz, 7601 MHz
2026/08/17 00:39:50.367, 92 %, 60 %, 43729 MiB, 46068 MiB, 72, 294.21 W, 1425 MHz, 7601 MHz
2026/08/17 00:39:55.419, 100 %, 64 %, 43729 MiB, 46068 MiB, 72, 292.80 W, 1395 MHz, 7601 MHz
2026/08/17 00:40:00.493, 100 %, 58 %, 43729 MiB, 46068 MiB, 72, 293.75 W, 1395 MHz, 7601 MHz
2026/08/17 00:40:05.543, 99 %, 51 %, 43729 MiB, 46068 MiB, 72, 286.95 W, 1410 MHz, 7601 MHz
2026/08/17 00:40:10.609, 99 %, 61 %, 43729 MiB, 46068 MiB, 71, 287.40 W, 1575 MHz, 7601 MHz
2026/08/17 00:40:15.661, 98 %, 67 %, 43729 MiB, 46068 MiB, 72, 295.68 W, 1395 MHz, 7601 MHz
2026/08/17 00:40:20.712, 99 %, 73 %, 43729 MiB, 46068 MiB, 71, 295.01 W, 1605 MHz, 7601 MHz
2026/08/17 00:40:25.796, 100 %, 87 %, 43729 MiB, 46068 MiB, 72, 295.15 W, 1395 MHz, 7601 MHz
2026/08/17 00:40:30.898, 100 %, 78 %, 43729 MiB, 46068 MiB, 72, 296.27 W, 1395 MHz, 7601 MHz
2026/08/17 00:40:35.990, 99 %, 67 %, 43729 MiB, 46068 MiB, 72, 297.75 W, 1410 MHz, 7601 MHz
2026/08/17 00:40:41.067, 99 %, 62 %, 43729 MiB, 46068 MiB, 71, 293.71 W, 1410 MHz, 7601 MHz
2026/08/17 00:40:46.127, 100 %, 67 %, 43729 MiB, 46068 MiB, 72, 295.62 W, 1560 MHz, 7601 MHz
2026/08/17 00:40:51.183, 78 %, 48 %, 43729 MiB, 46068 MiB, 72, 286.11 W, 1410 MHz, 7601 MHz
2026/08/17 00:40:56.256, 92 %, 49 %, 43729 MiB, 46068 MiB, 72, 285.88 W, 1485 MHz, 7601 MHz
2026/08/17 00:41:01.316, 99 %, 67 %, 43729 MiB, 46068 MiB, 72, 291.42 W, 1410 MHz, 7601 MHz
2026/08/17 00:41:06.378, 100 %, 65 %, 43729 MiB, 46068 MiB, 72, 297.61 W, 1395 MHz, 7601 MHz
2026/08/17 00:41:11.430, 100 %, 67 %, 43729 MiB, 46068 MiB, 72, 296.03 W, 1455 MHz, 7601 MHz
2026/08/17 00:41:16.484, 85 %, 54 %, 43729 MiB, 46068 MiB, 71, 286.68 W, 1410 MHz, 7601 MHz
2026/08/17 00:41:21.537, 99 %, 68 %, 43729 MiB, 46068 MiB, 72, 295.36 W, 1410 MHz, 7601 MHz
2026/08/17 00:41:26.611, 99 %, 65 %, 43729 MiB, 46068 MiB, 71, 292.97 W, 1620 MHz, 7601 MHz
2026/08/17 00:41:31.688, 100 %, 67 %, 43729 MiB, 46068 MiB, 72, 295.89 W, 1695 MHz, 7601 MHz
2026/08/17 00:41:36.741, 99 %, 69 %, 43729 MiB, 46068 MiB, 72, 286.40 W, 1395 MHz, 7601 MHz
2026/08/17 00:41:41.818, 94 %, 62 %, 43729 MiB, 46068 MiB, 72, 292.88 W, 1500 MHz, 7601 MHz
2026/08/17 00:41:46.892, 99 %, 74 %, 43729 MiB, 46068 MiB, 72, 292.29 W, 1470 MHz, 7601 MHz
2026/08/17 00:41:51.944, 99 %, 64 %, 43729 MiB, 46068 MiB, 71, 294.78 W, 1395 MHz, 7601 MHz
2026/08/17 00:41:57.031, 95 %, 50 %, 43729 MiB, 46068 MiB, 72, 292.08 W, 1755 MHz, 7601 MHz
2026/08/17 00:42:02.097, 97 %, 63 %, 43729 MiB, 46068 MiB, 72, 297.57 W, 1440 MHz, 7601 MHz
2026/08/17 00:42:07.156, 99 %, 69 %, 43729 MiB, 46068 MiB, 72, 296.23 W, 1395 MHz, 7601 MHz
2026/08/17 00:42:12.206, 90 %, 46 %, 43729 MiB, 46068 MiB, 72, 294.13 W, 1425 MHz, 7601 MHz
2026/08/17 00:42:17.266, 98 %, 65 %, 43729 MiB, 46068 MiB, 71, 298.20 W, 1410 MHz, 7601 MHz
2026/08/17 00:42:22.346, 100 %, 67 %, 43729 MiB, 46068 MiB, 72, 290.72 W, 1695 MHz, 7601 MHz
2026/08/17 00:42:27.419, 92 %, 48 %, 43729 MiB, 46068 MiB, 72, 293.07 W, 1425 MHz, 7601 MHz
2026/08/17 00:42:32.475, 98 %, 64 %, 43729 MiB, 46068 MiB, 72, 293.63 W, 1635 MHz, 7601 MHz
2026/08/17 00:42:37.530, 99 %, 78 %, 43729 MiB, 46068 MiB, 72, 297.56 W, 1455 MHz, 7601 MHz
2026/08/17 00:42:42.585, 100 %, 66 %, 43729 MiB, 46068 MiB, 72, 295.54 W, 1440 MHz, 7601 MHz
2026/08/17 00:42:47.639, 91 %, 59 %, 43729 MiB, 46068 MiB, 72, 285.64 W, 1425 MHz, 7601 MHz
2026/08/17 00:42:52.692, 99 %, 69 %, 43729 MiB, 46068 MiB, 71, 290.68 W, 1500 MHz, 7601 MHz
2026/08/17 00:42:57.767, 98 %, 60 %, 43729 MiB, 46068 MiB, 72, 287.07 W, 1410 MHz, 7601 MHz
2026/08/17 00:43:02.826, 100 %, 76 %, 43729 MiB, 46068 MiB, 71, 297.45 W, 1410 MHz, 7601 MHz
2026/08/17 00:43:07.918, 99 %, 72 %, 43729 MiB, 46068 MiB, 72, 294.47 W, 1515 MHz, 7601 MHz
2026/08/17 00:43:13.007, 91 %, 51 %, 43729 MiB, 46068 MiB, 71, 287.88 W, 1395 MHz, 7601 MHz
2026/08/17 00:43:18.078, 99 %, 68 %, 43729 MiB, 46068 MiB, 72, 290.75 W, 1410 MHz, 7601 MHz
2026/08/17 00:43:23.132, 90 %, 55 %, 43729 MiB, 46068 MiB, 71, 296.58 W, 1545 MHz, 7601 MHz
2026/08/17 00:43:28.187, 100 %, 74 %, 43729 MiB, 46068 MiB, 72, 296.00 W, 1395 MHz, 7601 MHz
2026/08/17 00:43:33.266, 99 %, 81 %, 43729 MiB, 46068 MiB, 72, 295.04 W, 1395 MHz, 7601 MHz
2026/08/17 00:43:38.338, 99 %, 73 %, 43729 MiB, 46068 MiB, 71, 291.97 W, 1695 MHz, 7601 MHz
2026/08/17 00:43:43.393, 99 %, 63 %, 43729 MiB, 46068 MiB, 72, 290.28 W, 1500 MHz, 7601 MHz
2026/08/17 00:43:48.446, 89 %, 44 %, 43729 MiB, 46068 MiB, 72, 287.28 W, 1395 MHz, 7601 MHz
2026/08/17 00:43:53.499, 79 %, 49 %, 43729 MiB, 46068 MiB, 72, 285.31 W, 1725 MHz, 7601 MHz
2026/08/17 00:43:58.575, 99 %, 71 %, 43729 MiB, 46068 MiB, 72, 295.13 W, 1455 MHz, 7601 MHz
2026/08/17 00:44:03.640, 99 %, 67 %, 43729 MiB, 46068 MiB, 72, 293.00 W, 1575 MHz, 7601 MHz
2026/08/17 00:44:08.704, 96 %, 62 %, 43729 MiB, 46068 MiB, 72, 295.73 W, 1530 MHz, 7601 MHz
2026/08/17 00:44:13.785, 99 %, 72 %, 43729 MiB, 46068 MiB, 72, 297.68 W, 1395 MHz, 7601 MHz
2026/08/17 00:44:18.854, 96 %, 63 %, 43729 MiB, 46068 MiB, 72, 289.18 W, 1410 MHz, 7601 MHz
2026/08/17 00:44:23.906, 89 %, 55 %, 43729 MiB, 46068 MiB, 72, 293.83 W, 1395 MHz, 7601 MHz
2026/08/17 00:44:28.959, 89 %, 55 %, 43729 MiB, 46068 MiB, 72, 260.60 W, 1395 MHz, 7601 MHz
2026/08/17 00:44:34.011, 99 %, 74 %, 43729 MiB, 46068 MiB, 72, 292.64 W, 1395 MHz, 7601 MHz
2026/08/17 00:44:39.065, 77 %, 57 %, 43729 MiB, 46068 MiB, 72, 287.80 W, 1530 MHz, 7601 MHz
2026/08/17 00:44:44.120, 100 %, 75 %, 43729 MiB, 46068 MiB, 72, 297.90 W, 1395 MHz, 7601 MHz
2026/08/17 00:44:49.173, 99 %, 80 %, 43729 MiB, 46068 MiB, 72, 296.57 W, 1410 MHz, 7601 MHz
2026/08/17 00:44:54.248, 90 %, 43 %, 43729 MiB, 46068 MiB, 71, 287.71 W, 1470 MHz, 7601 MHz
2026/08/17 00:44:59.329, 100 %, 70 %, 43729 MiB, 46068 MiB, 71, 289.87 W, 1680 MHz, 7601 MHz
2026/08/17 00:45:04.401, 99 %, 69 %, 43729 MiB, 46068 MiB, 71, 295.90 W, 1470 MHz, 7601 MHz
2026/08/17 00:45:09.474, 99 %, 63 %, 43729 MiB, 46068 MiB, 72, 296.19 W, 1455 MHz, 7601 MHz
2026/08/17 00:45:14.537, 98 %, 62 %, 43729 MiB, 46068 MiB, 72, 297.29 W, 1440 MHz, 7601 MHz
2026/08/17 00:45:19.590, 99 %, 62 %, 43729 MiB, 46068 MiB, 72, 295.96 W, 1500 MHz, 7601 MHz
2026/08/17 00:45:24.645, 100 %, 73 %, 43729 MiB, 46068 MiB, 70, 293.49 W, 1440 MHz, 7601 MHz
2026/08/17 00:45:29.699, 95 %, 50 %, 43729 MiB, 46068 MiB, 71, 285.87 W, 1410 MHz, 7601 MHz
2026/08/17 00:45:34.769, 99 %, 80 %, 43729 MiB, 46068 MiB, 71, 293.64 W, 1410 MHz, 7601 MHz
2026/08/17 00:45:39.838, 88 %, 46 %, 43729 MiB, 46068 MiB, 72, 293.96 W, 1605 MHz, 7601 MHz
2026/08/17 00:45:44.934, 88 %, 42 %, 43729 MiB, 46068 MiB, 72, 290.89 W, 1500 MHz, 7601 MHz
2026/08/17 00:45:50.008, 98 %, 67 %, 43729 MiB, 46068 MiB, 72, 291.16 W, 1410 MHz, 7601 MHz
2026/08/17 00:45:55.063, 90 %, 57 %, 43729 MiB, 46068 MiB, 72, 294.65 W, 1410 MHz, 7601 MHz
2026/08/17 00:46:00.116, 99 %, 70 %, 43729 MiB, 46068 MiB, 72, 297.20 W, 1470 MHz, 7601 MHz
2026/08/17 00:46:05.170, 95 %, 61 %, 43729 MiB, 46068 MiB, 72, 293.57 W, 1395 MHz, 7601 MHz
2026/08/17 00:46:10.224, 98 %, 66 %, 43729 MiB, 46068 MiB, 72, 295.99 W, 1515 MHz, 7601 MHz
2026/08/17 00:46:15.278, 100 %, 71 %, 43729 MiB, 46068 MiB, 70, 292.35 W, 1380 MHz, 7601 MHz
2026/08/17 00:46:20.332, 92 %, 61 %, 43729 MiB, 46068 MiB, 71, 282.03 W, 1680 MHz, 7601 MHz
2026/08/17 00:46:25.386, 97 %, 57 %, 43729 MiB, 46068 MiB, 72, 287.18 W, 1500 MHz, 7601 MHz
2026/08/17 00:46:30.462, 91 %, 50 %, 43729 MiB, 46068 MiB, 72, 290.46 W, 1575 MHz, 7601 MHz
2026/08/17 00:46:35.529, 91 %, 56 %, 43729 MiB, 46068 MiB, 72, 297.17 W, 1410 MHz, 7601 MHz
2026/08/17 00:46:40.596, 100 %, 9 %, 0 MiB, 46068 MiB, 68, 160.56 W, 1890 MHz, 7601 MHz
2026/08/17 00:46:45.676, 0 %, 0 %, 0 MiB, 46068 MiB, 63, 52.46 W, 210 MHz, 810 MHz
2026/08/17 00:46:50.751, 0 %, 0 %, 0 MiB, 46068 MiB, 59, 40.45 W, 210 MHz, 405 MHz
2026/08/17 00:46:55.850, 0 %, 0 %, 0 MiB, 46068 MiB, 57, 39.63 W, 210 MHz, 405 MHz
2026/08/17 00:47:00.906, 0 %, 0 %, 0 MiB, 46068 MiB, 56, 38.60 W, 210 MHz, 405 MHz
2026/08/17 00:47:05.972, 0 %, 0 %, 0 MiB, 46068 MiB, 54, 37.67 W, 210 MHz, 405 MHz
2026/08/17 00:47:11.056, 0 %, 0 %, 0 MiB, 46068 MiB, 53, 37.10 W, 210 MHz, 405 MHz
2026/08/17 00:47:16.132, 0 %, 0 %, 0 MiB, 46068 MiB, 52, 36.42 W, 210 MHz, 405 MHz
2026/08/17 00:47:21.208, 0 %, 0 %, 0 MiB, 46068 MiB, 50, 35.96 W, 210 MHz, 405 MHz
2026/08/17 00:47:26.279, 0 %, 0 %, 0 MiB, 46068 MiB, 49, 35.66 W, 210 MHz, 405 MHz
2026/08/17 00:47:31.339, 0 %, 0 %, 0 MiB, 46068 MiB, 48, 35.54 W, 210 MHz, 405 MHz
2026/08/17 00:47:36.395, 0 %, 0 %, 0 MiB, 46068 MiB, 47, 35.46 W, 210 MHz, 405 MHz
2026/08/17 00:47:41.460, 0 %, 0 %, 0 MiB, 46068 MiB, 46, 35.36 W, 210 MHz, 405 MHz
2026/08/17 00:47:46.517, 0 %, 0 %, 0 MiB, 46068 MiB, 45, 35.55 W, 210 MHz, 405 MHz
2026/08/17 00:47:51.583, 0 %, 0 %, 0 MiB, 46068 MiB, 45, 35.37 W, 210 MHz, 405 MHz
2026/08/17 00:47:56.670, 0 %, 0 %, 0 MiB, 46068 MiB, 44, 35.37 W, 210 MHz, 405 MHz
2026/08/17 00:48:01.745, 0 %, 0 %, 0 MiB, 46068 MiB, 43, 35.23 W, 210 MHz, 405 MHz
2026/08/17 00:48:06.815, 0 %, 0 %, 0 MiB, 46068 MiB, 43, 35.00 W, 210 MHz, 405 MHz
2026/08/17 00:48:11.879, 0 %, 0 %, 0 MiB, 46068 MiB, 42, 34.97 W, 210 MHz, 405 MHz
2026/08/17 00:48:16.936, 0 %, 0 %, 0 MiB, 46068 MiB, 41, 35.01 W, 210 MHz, 405 MHz
2026/08/17 00:48:22.004, 0 %, 0 %, 0 MiB, 46068 MiB, 41, 34.92 W, 210 MHz, 405 MHz
2026/08/17 00:48:27.100, 0 %, 0 %, 0 MiB, 46068 MiB, 41, 34.87 W, 210 MHz, 405 MHz
2026/08/17 00:48:32.178, 0 %, 0 %, 0 MiB, 46068 MiB, 40, 34.97 W, 210 MHz, 405 MHz
2026/08/17 00:48:37.276, 0 %, 0 %, 0 MiB, 46068 MiB, 40, 34.74 W, 210 MHz, 405 MHz
2026/08/17 00:48:42.332, 0 %, 0 %, 0 MiB, 46068 MiB, 39, 34.64 W, 210 MHz, 405 MHz
2026/08/17 00:48:47.395, 0 %, 0 %, 0 MiB, 46068 MiB, 39, 34.58 W, 210 MHz, 405 MHz
2026/08/17 00:48:52.450, 0 %, 0 %, 0 MiB, 46068 MiB, 39, 34.82 W, 210 MHz, 405 MHz
2026/08/17 00:48:57.503, 0 %, 0 %, 0 MiB, 46068 MiB, 38, 34.83 W, 210 MHz, 405 MHz
2026/08/17 00:49:02.581, 0 %, 0 %, 0 MiB, 46068 MiB, 38, 34.55 W, 210 MHz, 405 MHz
2026/08/17 00:49:07.650, 0 %, 0 %, 0 MiB, 46068 MiB, 38, 34.58 W, 210 MHz, 405 MHz
2026/08/17 00:49:12.723, 0 %, 0 %, 0 MiB, 46068 MiB, 38, 34.53 W, 210 MHz, 405 MHz
2026/08/17 00:49:17.791, 0 %, 0 %, 0 MiB, 46068 MiB, 37, 34.60 W, 210 MHz, 405 MHz
2026/08/17 00:49:22.868, 0 %, 0 %, 0 MiB, 46068 MiB, 37, 34.66 W, 210 MHz, 405 MHz
2026/08/17 00:49:27.927, 0 %, 0 %, 0 MiB, 46068 MiB, 37, 34.57 W, 210 MHz, 405 MHz
2026/08/17 00:49:32.991, 0 %, 0 %, 0 MiB, 46068 MiB, 37, 34.44 W, 210 MHz, 405 MHz
2026/08/17 00:49:38.063, 0 %, 0 %, 0 MiB, 46068 MiB, 37, 34.32 W, 210 MHz, 405 MHz
2026/08/17 00:49:43.133, 0 %, 0 %, 0 MiB, 46068 MiB, 37, 34.39 W, 210 MHz, 405 MHz
2026/08/17 00:49:48.208, 0 %, 0 %, 0 MiB, 46068 MiB, 36, 34.42 W, 210 MHz, 405 MHz
2026/08/17 00:49:53.260, 0 %, 0 %, 0 MiB, 46068 MiB, 36, 34.22 W, 210 MHz, 405 MHz
2026/08/17 00:49:58.315, 0 %, 0 %, 0 MiB, 46068 MiB, 36, 34.50 W, 210 MHz, 405 MHz
2026/08/17 00:50:03.368, 0 %, 0 %, 0 MiB, 46068 MiB, 36, 34.45 W, 210 MHz, 405 MHz
2026/08/17 00:50:08.431, 0 %, 0 %, 0 MiB, 46068 MiB, 36, 34.34 W, 210 MHz, 405 MHz
2026/08/17 00:50:13.500, 0 %, 0 %, 0 MiB, 46068 MiB, 36, 34.59 W, 210 MHz, 405 MHz
2026/08/17 00:50:18.572, 0 %, 0 %, 0 MiB, 46068 MiB, 36, 34.66 W, 210 MHz, 405 MHz
2026/08/17 00:50:23.656, 0 %, 0 %, 0 MiB, 46068 MiB, 35, 34.56 W, 210 MHz, 405 MHz
2026/08/17 00:50:28.729, 0 %, 0 %, 0 MiB, 46068 MiB, 35, 34.51 W, 210 MHz, 405 MHz
2026/08/17 00:50:33.801, 0 %, 0 %, 0 MiB, 46068 MiB, 35, 34.51 W, 210 MHz, 405 MHz
2026/08/17 00:50:38.865, 0 %, 0 %, 0 MiB, 46068 MiB, 35, 34.33 W, 210 MHz, 405 MHz
2026/08/17 00:50:43.921, 0 %, 0 %, 0 MiB, 46068 MiB, 35, 34.47 W, 210 MHz, 405 MHz
2026/08/17 00:50:48.985, 0 %, 0 %, 0 MiB, 46068 MiB, 35, 34.44 W, 210 MHz, 405 MHz
2026/08/17 00:50:54.037, 0 %, 0 %, 0 MiB, 46068 MiB, 35, 34.38 W, 210 MHz, 405 MHz
2026/08/17 00:50:59.091, 0 %, 0 %, 0 MiB, 46068 MiB, 35, 34.38 W, 210 MHz, 405 MHz
2026/08/17 00:51:04.163, 0 %, 0 %, 19763 MiB, 46068 MiB, 38, 105.33 W, 1800 MHz, 7601 MHz
2026/08/17 00:51:09.236, 0 %, 0 %, 19763 MiB, 46068 MiB, 39, 106.43 W, 1800 MHz, 7601 MHz
2026/08/17 00:51:14.308, 0 %, 0 %, 19763 MiB, 46068 MiB, 41, 107.19 W, 1800 MHz, 7601 MHz
2026/08/17 00:51:19.374, 0 %, 0 %, 19763 MiB, 46068 MiB, 41, 109.16 W, 1800 MHz, 7601 MHz
2026/08/17 00:51:24.434, 0 %, 0 %, 19763 MiB, 46068 MiB, 42, 109.77 W, 1800 MHz, 7601 MHz
2026/08/17 00:51:29.502, 0 %, 0 %, 19763 MiB, 46068 MiB, 43, 110.58 W, 1800 MHz, 7601 MHz
2026/08/17 00:51:34.571, 0 %, 0 %, 19763 MiB, 46068 MiB, 44, 110.81 W, 1800 MHz, 7601 MHz
2026/08/17 00:51:39.647, 0 %, 0 %, 19763 MiB, 46068 MiB, 40, 35.07 W, 210 MHz, 405 MHz
2026/08/17 00:51:44.730, 0 %, 0 %, 19763 MiB, 46068 MiB, 39, 35.11 W, 210 MHz, 405 MHz
2026/08/17 00:51:49.831, 0 %, 0 %, 19763 MiB, 46068 MiB, 39, 34.99 W, 210 MHz, 405 MHz
2026/08/17 00:51:54.910, 0 %, 0 %, 19763 MiB, 46068 MiB, 38, 34.85 W, 210 MHz, 405 MHz
2026/08/17 00:51:59.992, 0 %, 0 %, 19763 MiB, 46068 MiB, 38, 34.65 W, 210 MHz, 405 MHz
2026/08/17 00:52:05.066, 0 %, 0 %, 19763 MiB, 46068 MiB, 41, 109.60 W, 1800 MHz, 7601 MHz
2026/08/17 00:52:10.118, 0 %, 0 %, 19763 MiB, 46068 MiB, 42, 109.99 W, 1800 MHz, 7601 MHz
2026/08/17 00:52:15.169, 0 %, 0 %, 19763 MiB, 46068 MiB, 42, 110.59 W, 1800 MHz, 7601 MHz
2026/08/17 00:52:20.222, 0 %, 0 %, 19763 MiB, 46068 MiB, 43, 111.14 W, 1800 MHz, 7601 MHz
2026/08/17 00:52:25.273, 0 %, 0 %, 19763 MiB, 46068 MiB, 43, 111.46 W, 1800 MHz, 7601 MHz
2026/08/17 00:52:30.325, 0 %, 0 %, 19763 MiB, 46068 MiB, 44, 112.00 W, 1800 MHz, 7601 MHz
2026/08/17 00:52:35.391, 0 %, 0 %, 19763 MiB, 46068 MiB, 44, 111.57 W, 1800 MHz, 7601 MHz
2026/08/17 00:52:40.463, 0 %, 0 %, 19763 MiB, 46068 MiB, 44, 111.97 W, 1800 MHz, 7601 MHz
2026/08/17 00:52:45.534, 0 %, 0 %, 19763 MiB, 46068 MiB, 44, 111.37 W, 1800 MHz, 7601 MHz
2026/08/17 00:52:50.586, 0 %, 0 %, 19763 MiB, 46068 MiB, 44, 112.24 W, 1800 MHz, 7601 MHz
2026/08/17 00:52:55.662, 0 %, 0 %, 19763 MiB, 46068 MiB, 44, 112.25 W, 1800 MHz, 7601 MHz
2026/08/17 00:53:00.722, 0 %, 0 %, 19763 MiB, 46068 MiB, 44, 112.15 W, 1800 MHz, 7601 MHz
2026/08/17 00:53:05.786, 0 %, 0 %, 19763 MiB, 46068 MiB, 45, 112.67 W, 1800 MHz, 7601 MHz
2026/08/17 00:53:10.838, 0 %, 0 %, 19763 MiB, 46068 MiB, 45, 112.77 W, 1800 MHz, 7601 MHz
2026/08/17 00:53:15.888, 1 %, 0 %, 19763 MiB, 46068 MiB, 45, 112.98 W, 1800 MHz, 7601 MHz
2026/08/17 00:53:20.953, 0 %, 0 %, 19763 MiB, 46068 MiB, 45, 112.85 W, 1800 MHz, 7601 MHz
2026/08/17 00:53:26.020, 0 %, 0 %, 19763 MiB, 46068 MiB, 45, 112.50 W, 1800 MHz, 7601 MHz
2026/08/17 00:53:31.072, 0 %, 0 %, 19763 MiB, 46068 MiB, 45, 112.88 W, 1800 MHz, 7601 MHz
2026/08/17 00:53:36.149, 0 %, 0 %, 19763 MiB, 46068 MiB, 45, 112.98 W, 1800 MHz, 7601 MHz
2026/08/17 00:53:41.220, 0 %, 0 %, 19763 MiB, 46068 MiB, 45, 112.87 W, 1800 MHz, 7601 MHz
2026/08/17 00:53:46.283, 0 %, 0 %, 19763 MiB, 46068 MiB, 45, 113.01 W, 1800 MHz, 7601 MHz
2026/08/17 00:53:51.370, 0 %, 0 %, 19763 MiB, 46068 MiB, 45, 113.21 W, 1800 MHz, 7601 MHz
2026/08/17 00:53:56.421, 0 %, 0 %, 19763 MiB, 46068 MiB, 45, 113.29 W, 1800 MHz, 7601 MHz
2026/08/17 00:54:01.472, 0 %, 0 %, 19763 MiB, 46068 MiB, 45, 113.18 W, 1800 MHz, 7601 MHz
2026/08/17 00:54:06.535, 0 %, 0 %, 19763 MiB, 46068 MiB, 45, 113.03 W, 1800 MHz, 7601 MHz
2026/08/17 00:54:11.612, 0 %, 0 %, 19763 MiB, 46068 MiB, 45, 113.24 W, 1800 MHz, 7601 MHz
2026/08/17 00:54:16.707, 0 %, 0 %, 19763 MiB, 46068 MiB, 45, 112.64 W, 1800 MHz, 7601 MHz
2026/08/17 00:54:21.787, 0 %, 0 %, 19763 MiB, 46068 MiB, 41, 35.47 W, 210 MHz, 405 MHz
2026/08/17 00:54:27.159, 0 %, 0 %, 0 MiB, 46068 MiB, 40, 35.11 W, 210 MHz, 405 MHz
2026/08/17 00:54:32.243, 0 %, 0 %, 0 MiB, 46068 MiB, 40, 42.07 W, 210 MHz, 810 MHz
2026/08/17 00:54:37.306, 0 %, 0 %, 0 MiB, 46068 MiB, 39, 34.99 W, 210 MHz, 405 MHz
2026/08/17 00:54:42.360, 0 %, 0 %, 0 MiB, 46068 MiB, 39, 34.67 W, 210 MHz, 405 MHz
2026/08/17 00:54:47.414, 0 %, 0 %, 0 MiB, 46068 MiB, 38, 34.78 W, 210 MHz, 405 MHz
2026/08/17 00:54:52.514, 0 %, 0 %, 0 MiB, 46068 MiB, 38, 34.74 W, 210 MHz, 405 MHz
2026/08/17 00:54:57.584, 9 %, 0 %, 1339 MiB, 46068 MiB, 41, 109.64 W, 1800 MHz, 7601 MHz
2026/08/17 00:55:02.635, 0 %, 0 %, 19763 MiB, 46068 MiB, 42, 109.03 W, 1800 MHz, 7601 MHz
2026/08/17 00:55:07.688, 0 %, 0 %, 19763 MiB, 46068 MiB, 43, 109.92 W, 1800 MHz, 7601 MHz
2026/08/17 00:55:12.767, 0 %, 0 %, 19763 MiB, 46068 MiB, 43, 110.68 W, 1800 MHz, 7601 MHz
2026/08/17 00:55:17.826, 0 %, 0 %, 19763 MiB, 46068 MiB, 44, 111.04 W, 1800 MHz, 7601 MHz
2026/08/17 00:55:22.901, 0 %, 0 %, 19763 MiB, 46068 MiB, 45, 111.34 W, 1800 MHz, 7601 MHz
2026/08/17 00:55:27.976, 0 %, 0 %, 19763 MiB, 46068 MiB, 45, 111.81 W, 1800 MHz, 7601 MHz
2026/08/17 00:55:33.055, 0 %, 0 %, 19763 MiB, 46068 MiB, 46, 113.37 W, 1800 MHz, 7601 MHz
2026/08/17 00:55:38.131, 0 %, 0 %, 19763 MiB, 46068 MiB, 46, 113.76 W, 1800 MHz, 7601 MHz
2026/08/17 00:55:43.204, 0 %, 0 %, 19763 MiB, 46068 MiB, 47, 114.03 W, 1800 MHz, 7601 MHz
2026/08/17 00:55:48.273, 0 %, 0 %, 19763 MiB, 46068 MiB, 47, 114.54 W, 1800 MHz, 7601 MHz
2026/08/17 00:55:53.351, 0 %, 0 %, 19763 MiB, 46068 MiB, 48, 114.55 W, 1800 MHz, 7601 MHz
2026/08/17 00:55:58.422, 0 %, 0 %, 19763 MiB, 46068 MiB, 46, 103.29 W, 315 MHz, 405 MHz
2026/08/17 00:56:03.511, 0 %, 0 %, 0 MiB, 46068 MiB, 44, 37.00 W, 375 MHz, 405 MHz
2026/08/17 00:56:08.593, 0 %, 0 %, 0 MiB, 46068 MiB, 44, 38.84 W, 210 MHz, 405 MHz
2026/08/17 00:56:13.673, 0 %, 0 %, 0 MiB, 46068 MiB, 43, 35.23 W, 210 MHz, 405 MHz
2026/08/17 00:56:18.724, 0 %, 0 %, 0 MiB, 46068 MiB, 42, 35.29 W, 210 MHz, 405 MHz
2026/08/17 00:56:23.780, 0 %, 0 %, 0 MiB, 46068 MiB, 41, 35.12 W, 210 MHz, 405 MHz
2026/08/17 00:56:28.846, 0 %, 0 %, 0 MiB, 46068 MiB, 41, 35.08 W, 210 MHz, 405 MHz
2026/08/17 00:56:33.926, 0 %, 0 %, 0 MiB, 46068 MiB, 40, 34.86 W, 210 MHz, 405 MHz
2026/08/17 00:56:39.011, 0 %, 0 %, 0 MiB, 46068 MiB, 40, 34.82 W, 210 MHz, 405 MHz
2026/08/17 00:56:44.080, 0 %, 0 %, 0 MiB, 46068 MiB, 39, 34.87 W, 210 MHz, 405 MHz
2026/08/17 00:56:49.167, 0 %, 0 %, 0 MiB, 46068 MiB, 39, 34.89 W, 210 MHz, 405 MHz
2026/08/17 00:56:54.239, 0 %, 0 %, 0 MiB, 46068 MiB, 38, 34.72 W, 210 MHz, 405 MHz
2026/08/17 00:56:59.293, 0 %, 0 %, 0 MiB, 46068 MiB, 38, 34.92 W, 210 MHz, 405 MHz
2026/08/17 00:57:04.346, 10 %, 0 %, 1339 MiB, 46068 MiB, 41, 109.92 W, 1800 MHz, 7601 MHz
2026/08/17 00:57:09.405, 1 %, 0 %, 19763 MiB, 46068 MiB, 42, 109.34 W, 1800 MHz, 7601 MHz
2026/08/17 00:57:14.476, 0 %, 0 %, 19763 MiB, 46068 MiB, 43, 110.12 W, 1800 MHz, 7601 MHz
2026/08/17 00:57:19.534, 0 %, 0 %, 19763 MiB, 46068 MiB, 43, 110.76 W, 1800 MHz, 7601 MHz
2026/08/17 00:57:24.585, 0 %, 0 %, 19763 MiB, 46068 MiB, 44, 111.30 W, 1800 MHz, 7601 MHz
2026/08/17 00:57:29.639, 0 %, 0 %, 19763 MiB, 46068 MiB, 45, 111.74 W, 1800 MHz, 7601 MHz
2026/08/17 00:57:34.709, 0 %, 0 %, 19763 MiB, 46068 MiB, 45, 112.41 W, 1800 MHz, 7601 MHz
2026/08/17 00:57:39.784, 0 %, 0 %, 19763 MiB, 46068 MiB, 46, 113.19 W, 1800 MHz, 7601 MHz
2026/08/17 00:57:44.853, 0 %, 0 %, 19763 MiB, 46068 MiB, 46, 113.67 W, 1800 MHz, 7601 MHz
2026/08/17 00:57:49.919, 0 %, 0 %, 19763 MiB, 46068 MiB, 47, 113.86 W, 1800 MHz, 7601 MHz
2026/08/17 00:57:54.987, 0 %, 0 %, 19763 MiB, 46068 MiB, 43, 35.36 W, 210 MHz, 405 MHz
2026/08/17 00:58:00.064, 0 %, 0 %, 19763 MiB, 46068 MiB, 42, 35.35 W, 210 MHz, 405 MHz
2026/08/17 00:58:05.127, 0 %, 0 %, 19763 MiB, 46068 MiB, 41, 35.35 W, 210 MHz, 405 MHz
2026/08/17 00:58:10.189, 0 %, 0 %, 19763 MiB, 46068 MiB, 41, 35.13 W, 210 MHz, 405 MHz
2026/08/17 00:58:15.263, 0 %, 0 %, 19763 MiB, 46068 MiB, 40, 34.71 W, 210 MHz, 405 MHz
2026/08/17 00:58:20.353, 0 %, 0 %, 19763 MiB, 46068 MiB, 39, 34.63 W, 210 MHz, 405 MHz
2026/08/17 00:58:25.416, 0 %, 0 %, 19763 MiB, 46068 MiB, 39, 34.70 W, 210 MHz, 405 MHz
2026/08/17 00:58:30.476, 0 %, 0 %, 0 MiB, 46068 MiB, 42, 138.11 W, 1920 MHz, 7601 MHz
2026/08/17 00:58:35.533, 0 %, 0 %, 0 MiB, 46068 MiB, 39, 34.78 W, 210 MHz, 405 MHz
2026/08/17 00:58:40.607, 0 %, 0 %, 0 MiB, 46068 MiB, 38, 34.77 W, 210 MHz, 405 MHz
2026/08/17 00:58:45.684, 0 %, 0 %, 0 MiB, 46068 MiB, 38, 34.80 W, 210 MHz, 405 MHz
2026/08/17 00:58:50.752, 0 %, 0 %, 0 MiB, 46068 MiB, 37, 34.88 W, 210 MHz, 405 MHz
2026/08/17 00:58:55.829, 0 %, 0 %, 0 MiB, 46068 MiB, 37, 34.67 W, 210 MHz, 405 MHz
2026/08/17 00:59:00.884, 0 %, 0 %, 0 MiB, 46068 MiB, 37, 34.62 W, 210 MHz, 405 MHz
2026/08/17 00:59:05.965, 0 %, 0 %, 0 MiB, 46068 MiB, 37, 34.73 W, 210 MHz, 405 MHz
2026/08/17 00:59:11.040, 0 %, 0 %, 0 MiB, 46068 MiB, 37, 34.71 W, 210 MHz, 405 MHz
2026/08/17 00:59:16.096, 0 %, 0 %, 0 MiB, 46068 MiB, 37, 34.60 W, 210 MHz, 405 MHz
2026/08/17 00:59:21.185, 0 %, 0 %, 0 MiB, 46068 MiB, 36, 34.54 W, 210 MHz, 405 MHz
2026/08/17 00:59:26.261, 0 %, 0 %, 0 MiB, 46068 MiB, 36, 34.58 W, 210 MHz, 405 MHz
2026/08/17 00:59:31.340, 0 %, 0 %, 0 MiB, 46068 MiB, 36, 34.51 W, 210 MHz, 405 MHz
2026/08/17 00:59:36.400, 0 %, 0 %, 0 MiB, 46068 MiB, 36, 34.52 W, 210 MHz, 405 MHz
2026/08/17 00:59:41.455, 6 %, 0 %, 19763 MiB, 46068 MiB, 39, 108.90 W, 1800 MHz, 7601 MHz
2026/08/17 00:59:46.522, 0 %, 0 %, 19763 MiB, 46068 MiB, 40, 108.26 W, 1800 MHz, 7601 MHz
2026/08/17 00:59:51.579, 0 %, 0 %, 19763 MiB, 46068 MiB, 41, 109.11 W, 1800 MHz, 7601 MHz
2026/08/17 00:59:56.635, 0 %, 0 %, 19763 MiB, 46068 MiB, 42, 109.59 W, 1800 MHz, 7601 MHz
2026/08/17 01:00:01.718, 0 %, 0 %, 19763 MiB, 46068 MiB, 42, 109.87 W, 1800 MHz, 7601 MHz
2026/08/17 01:00:06.845, 6 %, 1 %, 19763 MiB, 46068 MiB, 43, 110.62 W, 1800 MHz, 7601 MHz
2026/08/17 01:00:11.910, 0 %, 0 %, 19763 MiB, 46068 MiB, 44, 110.86 W, 1800 MHz, 7601 MHz
2026/08/17 01:00:16.975, 0 %, 0 %, 19763 MiB, 46068 MiB, 44, 111.18 W, 1800 MHz, 7601 MHz
2026/08/17 01:00:22.056, 0 %, 0 %, 19763 MiB, 46068 MiB, 45, 111.78 W, 1800 MHz, 7601 MHz
2026/08/17 01:00:27.144, 0 %, 0 %, 19763 MiB, 46068 MiB, 45, 112.19 W, 1800 MHz, 7601 MHz
2026/08/17 01:00:32.229, 0 %, 0 %, 19763 MiB, 46068 MiB, 46, 113.41 W, 1800 MHz, 7601 MHz
2026/08/17 01:00:37.319, 0 %, 0 %, 19763 MiB, 46068 MiB, 46, 113.95 W, 1800 MHz, 7601 MHz
2026/08/17 01:00:42.395, 0 %, 0 %, 19763 MiB, 46068 MiB, 47, 114.42 W, 1800 MHz, 7601 MHz
2026/08/17 01:00:47.492, 0 %, 0 %, 19763 MiB, 46068 MiB, 47, 114.60 W, 1800 MHz, 7601 MHz
2026/08/17 01:00:52.565, 0 %, 0 %, 19763 MiB, 46068 MiB, 47, 114.78 W, 1800 MHz, 7601 MHz
2026/08/17 01:00:57.623, 0 %, 0 %, 19763 MiB, 46068 MiB, 48, 115.04 W, 1800 MHz, 7601 MHz
2026/08/17 01:01:02.691, 0 %, 0 %, 19763 MiB, 46068 MiB, 48, 115.51 W, 1800 MHz, 7601 MHz
2026/08/17 01:01:07.753, 0 %, 0 %, 19763 MiB, 46068 MiB, 48, 115.81 W, 1800 MHz, 7601 MHz
2026/08/17 01:01:12.808, 0 %, 0 %, 19763 MiB, 46068 MiB, 48, 115.60 W, 1800 MHz, 7601 MHz
2026/08/17 01:01:17.865, 0 %, 0 %, 19763 MiB, 46068 MiB, 49, 116.32 W, 1800 MHz, 7601 MHz
2026/08/17 01:01:22.917, 0 %, 0 %, 19763 MiB, 46068 MiB, 49, 116.13 W, 1800 MHz, 7601 MHz
2026/08/17 01:01:27.988, 1 %, 0 %, 19763 MiB, 46068 MiB, 49, 116.12 W, 1800 MHz, 7601 MHz
2026/08/17 01:01:33.040, 0 %, 0 %, 19763 MiB, 46068 MiB, 49, 116.41 W, 1800 MHz, 7601 MHz
2026/08/17 01:01:38.093, 0 %, 0 %, 19763 MiB, 46068 MiB, 49, 116.52 W, 1800 MHz, 7601 MHz
2026/08/17 01:01:43.164, 0 %, 0 %, 19763 MiB, 46068 MiB, 49, 116.48 W, 1800 MHz, 7601 MHz
2026/08/17 01:01:48.232, 0 %, 0 %, 19763 MiB, 46068 MiB, 50, 116.47 W, 1800 MHz, 7601 MHz
2026/08/17 01:01:53.299, 0 %, 0 %, 19763 MiB, 46068 MiB, 50, 116.79 W, 1800 MHz, 7601 MHz
2026/08/17 01:01:58.353, 0 %, 0 %, 19763 MiB, 46068 MiB, 50, 116.98 W, 1800 MHz, 7601 MHz
2026/08/17 01:02:03.409, 0 %, 0 %, 19763 MiB, 46068 MiB, 50, 117.37 W, 1800 MHz, 7601 MHz
2026/08/17 01:02:08.474, 0 %, 0 %, 19763 MiB, 46068 MiB, 50, 117.68 W, 1800 MHz, 7601 MHz
2026/08/17 01:02:13.541, 0 %, 0 %, 19763 MiB, 46068 MiB, 50, 117.41 W, 1800 MHz, 7601 MHz
2026/08/17 01:02:18.597, 0 %, 0 %, 19763 MiB, 46068 MiB, 50, 116.93 W, 1800 MHz, 7601 MHz
2026/08/17 01:02:23.649, 0 %, 0 %, 19763 MiB, 46068 MiB, 49, 116.55 W, 1800 MHz, 7601 MHz
2026/08/17 01:02:28.702, 0 %, 0 %, 19763 MiB, 46068 MiB, 49, 116.61 W, 1800 MHz, 7601 MHz
2026/08/17 01:02:33.752, 0 %, 0 %, 19763 MiB, 46068 MiB, 49, 116.42 W, 1800 MHz, 7601 MHz
2026/08/17 01:02:38.802, 0 %, 0 %, 19763 MiB, 46068 MiB, 48, 115.99 W, 1800 MHz, 7601 MHz
2026/08/17 01:02:43.902, 0 %, 0 %, 19755 MiB, 46068 MiB, 48, 116.00 W, 1800 MHz, 7601 MHz
2026/08/17 01:02:48.986, 0 %, 0 %, 0 MiB, 46068 MiB, 45, 39.75 W, 210 MHz, 405 MHz
2026/08/17 01:02:54.043, 0 %, 0 %, 0 MiB, 46068 MiB, 43, 35.64 W, 210 MHz, 405 MHz
2026/08/17 01:02:59.099, 0 %, 0 %, 0 MiB, 46068 MiB, 42, 35.32 W, 210 MHz, 405 MHz
2026/08/17 01:03:04.153, 0 %, 0 %, 0 MiB, 46068 MiB, 41, 35.05 W, 210 MHz, 405 MHz
2026/08/17 01:03:09.221, 0 %, 0 %, 0 MiB, 46068 MiB, 40, 35.03 W, 210 MHz, 405 MHz
2026/08/17 01:03:14.276, 0 %, 0 %, 0 MiB, 46068 MiB, 39, 35.13 W, 210 MHz, 405 MHz
2026/08/17 01:03:19.329, 0 %, 0 %, 0 MiB, 46068 MiB, 38, 35.00 W, 210 MHz, 405 MHz
2026/08/17 01:03:24.383, 0 %, 0 %, 0 MiB, 46068 MiB, 38, 34.93 W, 210 MHz, 405 MHz
2026/08/17 01:03:29.438, 0 %, 0 %, 0 MiB, 46068 MiB, 37, 34.88 W, 210 MHz, 405 MHz
2026/08/17 01:03:34.513, 0 %, 0 %, 0 MiB, 46068 MiB, 37, 34.56 W, 210 MHz, 405 MHz
2026/08/17 01:03:39.586, 0 %, 0 %, 0 MiB, 46068 MiB, 37, 34.53 W, 210 MHz, 405 MHz
2026/08/17 01:03:44.675, 0 %, 0 %, 0 MiB, 46068 MiB, 36, 34.51 W, 210 MHz, 405 MHz
2026/08/17 01:03:49.773, 0 %, 0 %, 0 MiB, 46068 MiB, 36, 34.22 W, 210 MHz, 405 MHz
2026/08/17 01:03:54.842, 0 %, 0 %, 0 MiB, 46068 MiB, 36, 34.30 W, 210 MHz, 405 MHz
2026/08/17 01:03:59.900, 0 %, 0 %, 0 MiB, 46068 MiB, 36, 34.40 W, 210 MHz, 405 MHz
2026/08/17 01:04:05.011, 0 %, 0 %, 0 MiB, 46068 MiB, 36, 34.29 W, 210 MHz, 405 MHz
2026/08/17 01:04:10.112, 0 %, 0 %, 0 MiB, 46068 MiB, 36, 34.14 W, 210 MHz, 405 MHz
2026/08/17 01:04:15.170, 0 %, 0 %, 0 MiB, 46068 MiB, 36, 34.18 W, 210 MHz, 405 MHz
2026/08/17 01:04:20.229, 0 %, 0 %, 0 MiB, 46068 MiB, 36, 34.39 W, 210 MHz, 405 MHz
2026/08/17 01:04:25.310, 0 %, 0 %, 0 MiB, 46068 MiB, 36, 34.53 W, 210 MHz, 405 MHz
2026/08/17 01:04:30.407, 0 %, 0 %, 0 MiB, 46068 MiB, 35, 34.50 W, 210 MHz, 405 MHz
2026/08/17 01:04:35.478, 0 %, 0 %, 0 MiB, 46068 MiB, 36, 34.80 W, 210 MHz, 405 MHz
2026/08/17 01:04:40.557, 0 %, 0 %, 0 MiB, 46068 MiB, 35, 34.62 W, 210 MHz, 405 MHz
2026/08/17 01:04:45.610, 0 %, 0 %, 0 MiB, 46068 MiB, 35, 34.47 W, 210 MHz, 405 MHz
2026/08/17 01:04:50.663, 0 %, 0 %, 0 MiB, 46068 MiB, 35, 34.51 W, 210 MHz, 405 MHz
2026/08/17 01:04:55.767, 0 %, 0 %, 0 MiB, 46068 MiB, 35, 34.40 W, 210 MHz, 405 MHz
2026/08/17 01:05:00.841, 0 %, 0 %, 0 MiB, 46068 MiB, 35, 34.42 W, 210 MHz, 405 MHz
2026/08/17 01:05:05.895, 0 %, 0 %, 0 MiB, 46068 MiB, 35, 34.29 W, 210 MHz, 405 MHz
2026/08/17 01:05:10.948, 0 %, 0 %, 0 MiB, 46068 MiB, 35, 34.48 W, 210 MHz, 405 MHz
2026/08/17 01:05:16.018, 0 %, 0 %, 0 MiB, 46068 MiB, 35, 34.53 W, 210 MHz, 405 MHz
2026/08/17 01:05:21.068, 0 %, 0 %, 0 MiB, 46068 MiB, 35, 34.52 W, 210 MHz, 405 MHz
2026/08/17 01:05:26.119, 8 %, 0 %, 1337 MiB, 46068 MiB, 38, 91.50 W, 1800 MHz, 7601 MHz
2026/08/17 01:05:31.167, 19 %, 1 %, 19763 MiB, 46068 MiB, 39, 108.34 W, 1800 MHz, 7601 MHz
2026/08/17 01:05:36.218, 100 %, 70 %, 21999 MiB, 46068 MiB, 46, 245.17 W, 1695 MHz, 7601 MHz
2026/08/17 01:05:41.270, 99 %, 63 %, 43571 MiB, 46068 MiB, 48, 207.24 W, 1440 MHz, 7601 MHz
2026/08/17 01:05:46.324, 99 %, 81 %, 43573 MiB, 46068 MiB, 52, 291.58 W, 1470 MHz, 7601 MHz
2026/08/17 01:05:51.590, 0 %, 0 %, 0 MiB, 46068 MiB, 51, 145.24 W, 1935 MHz, 7601 MHz
2026/08/17 01:05:56.692, 0 %, 0 %, 0 MiB, 46068 MiB, 46, 48.26 W, 210 MHz, 810 MHz
2026/08/17 01:06:01.779, 0 %, 0 %, 0 MiB, 46068 MiB, 45, 35.40 W, 210 MHz, 405 MHz
2026/08/17 01:06:06.866, 0 %, 0 %, 0 MiB, 46068 MiB, 43, 35.14 W, 210 MHz, 405 MHz
2026/08/17 01:06:11.935, 0 %, 0 %, 0 MiB, 46068 MiB, 43, 35.03 W, 210 MHz, 405 MHz
2026/08/17 01:06:16.997, 0 %, 0 %, 0 MiB, 46068 MiB, 42, 34.98 W, 210 MHz, 405 MHz
2026/08/17 01:06:22.048, 0 %, 0 %, 0 MiB, 46068 MiB, 41, 34.93 W, 210 MHz, 405 MHz
2026/08/17 01:06:27.117, 0 %, 0 %, 0 MiB, 46068 MiB, 40, 34.78 W, 210 MHz, 405 MHz
2026/08/17 01:06:32.182, 8 %, 0 %, 1955 MiB, 46068 MiB, 43, 111.87 W, 1800 MHz, 7601 MHz
2026/08/17 01:06:37.231, 0 %, 0 %, 21999 MiB, 46068 MiB, 45, 123.91 W, 1920 MHz, 7601 MHz
2026/08/17 01:06:42.305, 0 %, 0 %, 42425 MiB, 46068 MiB, 47, 136.80 W, 1800 MHz, 7601 MHz
2026/08/17 01:06:47.366, 99 %, 66 %, 43571 MiB, 46068 MiB, 54, 296.20 W, 1560 MHz, 7601 MHz
2026/08/17 01:06:52.447, 100 %, 81 %, 43573 MiB, 46068 MiB, 56, 295.50 W, 1440 MHz, 7601 MHz
2026/08/17 01:06:57.520, 0 %, 0 %, 0 MiB, 46068 MiB, 54, 145.49 W, 1920 MHz, 7601 MHz
2026/08/17 01:07:02.598, 0 %, 0 %, 0 MiB, 46068 MiB, 48, 36.38 W, 210 MHz, 405 MHz
2026/08/17 01:07:07.666, 0 %, 0 %, 0 MiB, 46068 MiB, 47, 35.50 W, 210 MHz, 405 MHz
2026/08/17 01:07:12.717, 0 %, 0 %, 0 MiB, 46068 MiB, 46, 35.37 W, 210 MHz, 405 MHz
2026/08/17 01:07:17.790, 0 %, 0 %, 0 MiB, 46068 MiB, 44, 35.11 W, 210 MHz, 405 MHz
2026/08/17 01:07:22.861, 0 %, 0 %, 0 MiB, 46068 MiB, 44, 35.05 W, 210 MHz, 405 MHz
2026/08/17 01:07:27.943, 0 %, 0 %, 0 MiB, 46068 MiB, 43, 34.73 W, 210 MHz, 405 MHz
2026/08/17 01:07:33.005, 0 %, 0 %, 0 MiB, 46068 MiB, 42, 34.56 W, 210 MHz, 405 MHz
2026/08/17 01:07:38.056, 0 %, 0 %, 0 MiB, 46068 MiB, 41, 34.63 W, 210 MHz, 405 MHz
2026/08/17 01:07:43.117, 11 %, 1 %, 19763 MiB, 46068 MiB, 45, 113.79 W, 1800 MHz, 7601 MHz
2026/08/17 01:07:48.185, 100 %, 68 %, 21999 MiB, 46068 MiB, 51, 299.11 W, 1665 MHz, 7601 MHz
2026/08/17 01:07:53.261, 97 %, 80 %, 43571 MiB, 46068 MiB, 54, 276.31 W, 1425 MHz, 7601 MHz
2026/08/17 01:07:58.329, 99 %, 66 %, 43573 MiB, 46068 MiB, 56, 292.20 W, 1590 MHz, 7601 MHz
2026/08/17 01:08:03.382, 100 %, 66 %, 43575 MiB, 46068 MiB, 58, 295.64 W, 1455 MHz, 7601 MHz
2026/08/17 01:08:08.457, 98 %, 66 %, 43575 MiB, 46068 MiB, 60, 298.79 W, 1410 MHz, 7601 MHz
2026/08/17 01:08:13.528, 99 %, 66 %, 43577 MiB, 46068 MiB, 61, 286.70 W, 1740 MHz, 7601 MHz
2026/08/17 01:08:18.602, 0 %, 0 %, 0 MiB, 46068 MiB, 60, 150.64 W, 1920 MHz, 7601 MHz
2026/08/17 01:08:23.692, 0 %, 0 %, 0 MiB, 46068 MiB, 55, 42.05 W, 210 MHz, 405 MHz
2026/08/17 01:08:28.786, 0 %, 0 %, 0 MiB, 46068 MiB, 53, 37.17 W, 210 MHz, 405 MHz
2026/08/17 01:08:33.858, 0 %, 0 %, 0 MiB, 46068 MiB, 51, 36.64 W, 210 MHz, 405 MHz
2026/08/17 01:08:38.920, 0 %, 0 %, 0 MiB, 46068 MiB, 50, 35.99 W, 210 MHz, 405 MHz
2026/08/17 01:08:43.974, 0 %, 0 %, 0 MiB, 46068 MiB, 48, 35.92 W, 210 MHz, 405 MHz
2026/08/17 01:08:49.040, 0 %, 0 %, 0 MiB, 46068 MiB, 47, 35.54 W, 210 MHz, 405 MHz
2026/08/17 01:08:54.123, 0 %, 0 %, 0 MiB, 46068 MiB, 46, 35.38 W, 210 MHz, 405 MHz
2026/08/17 01:08:59.188, 0 %, 0 %, 0 MiB, 46068 MiB, 45, 35.17 W, 210 MHz, 405 MHz
2026/08/17 01:09:04.240, 0 %, 0 %, 0 MiB, 46068 MiB, 44, 34.82 W, 210 MHz, 405 MHz
2026/08/17 01:09:09.320, 34 %, 2 %, 19763 MiB, 46068 MiB, 48, 119.55 W, 1800 MHz, 7601 MHz
2026/08/17 01:09:14.387, 100 %, 70 %, 21999 MiB, 46068 MiB, 55, 298.93 W, 1680 MHz, 7601 MHz
2026/08/17 01:09:19.455, 99 %, 64 %, 43571 MiB, 46068 MiB, 57, 295.76 W, 1440 MHz, 7601 MHz
2026/08/17 01:09:24.519, 99 %, 77 %, 43573 MiB, 46068 MiB, 58, 294.03 W, 1665 MHz, 7601 MHz
2026/08/17 01:09:29.596, 0 %, 0 %, 0 MiB, 46068 MiB, 56, 146.71 W, 1920 MHz, 7601 MHz
2026/08/17 01:09:34.662, 0 %, 0 %, 0 MiB, 46068 MiB, 51, 36.13 W, 210 MHz, 405 MHz
2026/08/17 01:09:39.719, 0 %, 0 %, 0 MiB, 46068 MiB, 49, 35.90 W, 210 MHz, 405 MHz
2026/08/17 01:09:44.788, 0 %, 0 %, 0 MiB, 46068 MiB, 48, 35.63 W, 210 MHz, 405 MHz
2026/08/17 01:09:49.862, 0 %, 0 %, 0 MiB, 46068 MiB, 47, 35.14 W, 210 MHz, 405 MHz
2026/08/17 01:09:54.933, 0 %, 0 %, 0 MiB, 46068 MiB, 46, 34.96 W, 210 MHz, 405 MHz
2026/08/17 01:10:00.005, 0 %, 0 %, 0 MiB, 46068 MiB, 45, 35.33 W, 210 MHz, 405 MHz
2026/08/17 01:10:05.057, 0 %, 0 %, 0 MiB, 46068 MiB, 44, 35.08 W, 210 MHz, 405 MHz
2026/08/17 01:10:10.112, 0 %, 0 %, 0 MiB, 46068 MiB, 43, 35.05 W, 210 MHz, 405 MHz
2026/08/17 01:10:15.172, 0 %, 0 %, 0 MiB, 46068 MiB, 42, 34.85 W, 210 MHz, 405 MHz
2026/08/17 01:10:20.255, 0 %, 0 %, 0 MiB, 46068 MiB, 42, 34.83 W, 210 MHz, 405 MHz
2026/08/17 01:10:25.315, 0 %, 0 %, 0 MiB, 46068 MiB, 41, 34.75 W, 210 MHz, 405 MHz
2026/08/17 01:10:30.369, 0 %, 0 %, 0 MiB, 46068 MiB, 41, 34.58 W, 210 MHz, 405 MHz
2026/08/17 01:10:35.425, 0 %, 0 %, 0 MiB, 46068 MiB, 40, 34.63 W, 210 MHz, 405 MHz
2026/08/17 01:10:40.496, 0 %, 0 %, 0 MiB, 46068 MiB, 40, 34.61 W, 210 MHz, 405 MHz
2026/08/17 01:10:45.576, 0 %, 0 %, 0 MiB, 46068 MiB, 39, 34.58 W, 210 MHz, 405 MHz
2026/08/17 01:10:50.667, 0 %, 0 %, 0 MiB, 46068 MiB, 39, 34.60 W, 210 MHz, 405 MHz
2026/08/17 01:10:55.726, 0 %, 0 %, 0 MiB, 46068 MiB, 39, 34.54 W, 210 MHz, 405 MHz
2026/08/17 01:11:00.793, 0 %, 0 %, 0 MiB, 46068 MiB, 38, 34.62 W, 210 MHz, 405 MHz
2026/08/17 01:11:05.847, 0 %, 0 %, 0 MiB, 46068 MiB, 38, 34.55 W, 210 MHz, 405 MHz
2026/08/17 01:11:10.926, 0 %, 0 %, 0 MiB, 46068 MiB, 38, 34.50 W, 210 MHz, 405 MHz
2026/08/17 01:11:16.007, 0 %, 0 %, 0 MiB, 46068 MiB, 38, 34.38 W, 210 MHz, 405 MHz
2026/08/17 01:11:21.064, 0 %, 0 %, 0 MiB, 46068 MiB, 37, 34.41 W, 210 MHz, 405 MHz
2026/08/17 01:11:26.139, 0 %, 0 %, 0 MiB, 46068 MiB, 37, 34.57 W, 210 MHz, 405 MHz
2026/08/17 01:11:31.229, 0 %, 0 %, 0 MiB, 46068 MiB, 37, 34.44 W, 210 MHz, 405 MHz
2026/08/17 01:11:36.297, 0 %, 0 %, 0 MiB, 46068 MiB, 37, 34.38 W, 210 MHz, 405 MHz
2026/08/17 01:11:41.377, 0 %, 0 %, 0 MiB, 46068 MiB, 37, 34.35 W, 210 MHz, 405 MHz
2026/08/17 01:11:46.447, 0 %, 0 %, 0 MiB, 46068 MiB, 36, 34.39 W, 210 MHz, 405 MHz
2026/08/17 01:11:51.506, 0 %, 0 %, 0 MiB, 46068 MiB, 36, 34.31 W, 210 MHz, 405 MHz
2026/08/17 01:11:56.556, 0 %, 0 %, 0 MiB, 46068 MiB, 36, 34.21 W, 210 MHz, 405 MHz
2026/08/17 01:12:01.632, 0 %, 0 %, 0 MiB, 46068 MiB, 36, 34.23 W, 210 MHz, 405 MHz
2026/08/17 01:12:06.703, 0 %, 0 %, 0 MiB, 46068 MiB, 36, 34.10 W, 210 MHz, 405 MHz
2026/08/17 01:12:11.765, 0 %, 0 %, 0 MiB, 46068 MiB, 36, 34.40 W, 210 MHz, 405 MHz
2026/08/17 01:12:16.840, 0 %, 0 %, 0 MiB, 46068 MiB, 36, 34.24 W, 210 MHz, 405 MHz
2026/08/17 01:12:21.932, 0 %, 0 %, 0 MiB, 46068 MiB, 36, 34.22 W, 210 MHz, 405 MHz
2026/08/17 01:12:27.006, 0 %, 0 %, 0 MiB, 46068 MiB, 36, 34.31 W, 210 MHz, 405 MHz
2026/08/17 01:12:32.081, 0 %, 0 %, 0 MiB, 46068 MiB, 35, 34.07 W, 210 MHz, 405 MHz
2026/08/17 01:12:37.148, 4 %, 0 %, 19763 MiB, 46068 MiB, 38, 107.11 W, 1800 MHz, 7601 MHz
2026/08/17 01:12:42.199, 100 %, 68 %, 21999 MiB, 46068 MiB, 44, 226.49 W, 1665 MHz, 7601 MHz
2026/08/17 01:12:47.255, 100 %, 51 %, 43571 MiB, 46068 MiB, 48, 206.75 W, 1665 MHz, 7601 MHz
2026/08/17 01:12:52.308, 82 %, 48 %, 43573 MiB, 46068 MiB, 51, 279.93 W, 1845 MHz, 7601 MHz
2026/08/17 01:12:57.360, 99 %, 77 %, 43575 MiB, 46068 MiB, 54, 290.97 W, 1455 MHz, 7601 MHz
2026/08/17 01:13:02.413, 95 %, 61 %, 43575 MiB, 46068 MiB, 57, 294.31 W, 1470 MHz, 7601 MHz
2026/08/17 01:13:07.480, 100 %, 79 %, 43577 MiB, 46068 MiB, 59, 293.95 W, 1530 MHz, 7601 MHz
2026/08/17 01:13:12.550, 100 %, 9 %, 0 MiB, 46068 MiB, 57, 153.69 W, 1920 MHz, 7601 MHz
2026/08/17 01:13:17.600, 0 %, 0 %, 0 MiB, 46068 MiB, 52, 39.34 W, 210 MHz, 405 MHz
2026/08/17 01:13:22.661, 0 %, 0 %, 0 MiB, 46068 MiB, 50, 35.99 W, 210 MHz, 405 MHz
2026/08/17 01:13:27.713, 0 %, 0 %, 0 MiB, 46068 MiB, 48, 35.88 W, 210 MHz, 405 MHz
2026/08/17 01:13:32.768, 0 %, 0 %, 0 MiB, 46068 MiB, 47, 35.54 W, 210 MHz, 405 MHz
2026/08/17 01:13:37.846, 0 %, 0 %, 0 MiB, 46068 MiB, 46, 35.45 W, 210 MHz, 405 MHz
2026/08/17 01:13:42.921, 0 %, 0 %, 0 MiB, 46068 MiB, 45, 35.51 W, 210 MHz, 405 MHz
2026/08/17 01:13:47.984, 0 %, 0 %, 0 MiB, 46068 MiB, 44, 35.51 W, 210 MHz, 405 MHz
2026/08/17 01:13:53.059, 0 %, 0 %, 0 MiB, 46068 MiB, 43, 35.23 W, 210 MHz, 405 MHz
2026/08/17 01:13:58.129, 8 %, 0 %, 1337 MiB, 46068 MiB, 45, 97.21 W, 1800 MHz, 7601 MHz
2026/08/17 01:14:03.193, 17 %, 1 %, 19763 MiB, 46068 MiB, 46, 116.81 W, 1800 MHz, 7601 MHz
2026/08/17 01:14:08.262, 1 %, 0 %, 42421 MiB, 46068 MiB, 51, 283.31 W, 1935 MHz, 7601 MHz
2026/08/17 01:14:13.313, 99 %, 69 %, 43571 MiB, 46068 MiB, 55, 294.99 W, 1590 MHz, 7601 MHz
2026/08/17 01:14:18.382, 100 %, 83 %, 43573 MiB, 46068 MiB, 58, 297.99 W, 1440 MHz, 7601 MHz
2026/08/17 01:14:23.454, 99 %, 68 %, 43575 MiB, 46068 MiB, 60, 292.56 W, 1515 MHz, 7601 MHz
2026/08/17 01:14:28.511, 100 %, 74 %, 43577 MiB, 46068 MiB, 61, 289.43 W, 1500 MHz, 7601 MHz
2026/08/17 01:14:33.564, 93 %, 58 %, 43579 MiB, 46068 MiB, 63, 293.90 W, 1440 MHz, 7601 MHz
2026/08/17 01:14:38.639, 99 %, 61 %, 43579 MiB, 46068 MiB, 65, 282.52 W, 1425 MHz, 7601 MHz
2026/08/17 01:14:43.706, 100 %, 75 %, 43693 MiB, 46068 MiB, 66, 293.62 W, 1440 MHz, 7601 MHz
2026/08/17 01:14:48.758, 99 %, 78 %, 43695 MiB, 46068 MiB, 66, 293.37 W, 1650 MHz, 7601 MHz
2026/08/17 01:14:53.811, 100 %, 84 %, 43699 MiB, 46068 MiB, 67, 298.17 W, 1575 MHz, 7601 MHz
2026/08/17 01:14:58.862, 0 %, 0 %, 43699 MiB, 46068 MiB, 66, 198.45 W, 1905 MHz, 7601 MHz
2026/08/17 01:15:03.917, 0 %, 0 %, 0 MiB, 46068 MiB, 62, 137.04 W, 420 MHz, 5001 MHz
2026/08/17 01:15:08.968, 0 %, 0 %, 0 MiB, 46068 MiB, 61, 126.78 W, 1800 MHz, 7601 MHz
2026/08/17 01:15:14.026, 0 %, 0 %, 0 MiB, 46068 MiB, 57, 39.08 W, 210 MHz, 405 MHz
2026/08/17 01:15:19.082, 0 %, 0 %, 0 MiB, 46068 MiB, 55, 37.78 W, 210 MHz, 405 MHz
2026/08/17 01:15:24.181, 0 %, 0 %, 0 MiB, 46068 MiB, 54, 37.08 W, 210 MHz, 405 MHz
2026/08/17 01:15:29.250, 0 %, 0 %, 0 MiB, 46068 MiB, 52, 36.36 W, 210 MHz, 405 MHz
2026/08/17 01:15:34.314, 0 %, 0 %, 0 MiB, 46068 MiB, 51, 36.02 W, 210 MHz, 405 MHz
2026/08/17 01:15:39.368, 0 %, 0 %, 0 MiB, 46068 MiB, 49, 35.74 W, 210 MHz, 405 MHz
2026/08/17 01:15:44.446, 0 %, 0 %, 0 MiB, 46068 MiB, 48, 35.38 W, 210 MHz, 405 MHz
2026/08/17 01:15:49.520, 0 %, 0 %, 0 MiB, 46068 MiB, 47, 35.36 W, 210 MHz, 405 MHz
2026/08/17 01:15:54.578, 0 %, 0 %, 0 MiB, 46068 MiB, 46, 34.90 W, 210 MHz, 405 MHz
2026/08/17 01:15:59.665, 0 %, 0 %, 0 MiB, 46068 MiB, 45, 35.08 W, 210 MHz, 405 MHz
2026/08/17 01:16:04.742, 0 %, 0 %, 0 MiB, 46068 MiB, 44, 35.00 W, 210 MHz, 405 MHz
2026/08/17 01:16:09.794, 0 %, 0 %, 0 MiB, 46068 MiB, 44, 35.01 W, 210 MHz, 405 MHz
2026/08/17 01:16:14.856, 0 %, 0 %, 0 MiB, 46068 MiB, 43, 34.63 W, 210 MHz, 405 MHz
2026/08/17 01:16:19.941, 0 %, 0 %, 0 MiB, 46068 MiB, 42, 34.66 W, 210 MHz, 405 MHz
2026/08/17 01:16:25.023, 0 %, 0 %, 0 MiB, 46068 MiB, 42, 34.73 W, 210 MHz, 405 MHz
2026/08/17 01:16:30.086, 0 %, 0 %, 0 MiB, 46068 MiB, 41, 34.68 W, 210 MHz, 405 MHz
2026/08/17 01:16:35.140, 0 %, 0 %, 0 MiB, 46068 MiB, 41, 34.64 W, 210 MHz, 405 MHz
2026/08/17 01:16:40.204, 0 %, 0 %, 0 MiB, 46068 MiB, 40, 34.48 W, 210 MHz, 405 MHz
2026/08/17 01:16:45.290, 0 %, 0 %, 0 MiB, 46068 MiB, 40, 34.31 W, 210 MHz, 405 MHz
2026/08/17 01:16:50.359, 0 %, 0 %, 0 MiB, 46068 MiB, 39, 34.29 W, 210 MHz, 405 MHz
2026/08/17 01:16:55.448, 0 %, 0 %, 0 MiB, 46068 MiB, 39, 34.56 W, 210 MHz, 405 MHz
2026/08/17 01:17:00.503, 0 %, 0 %, 0 MiB, 46068 MiB, 39, 34.34 W, 210 MHz, 405 MHz
2026/08/17 01:17:05.569, 0 %, 0 %, 0 MiB, 46068 MiB, 38, 34.33 W, 210 MHz, 405 MHz
2026/08/17 01:17:10.652, 0 %, 0 %, 0 MiB, 46068 MiB, 38, 34.48 W, 210 MHz, 405 MHz
2026/08/17 01:17:15.718, 0 %, 0 %, 0 MiB, 46068 MiB, 38, 34.36 W, 210 MHz, 405 MHz
2026/08/17 01:17:20.798, 0 %, 0 %, 0 MiB, 46068 MiB, 38, 34.36 W, 210 MHz, 405 MHz
2026/08/17 01:17:25.865, 0 %, 0 %, 0 MiB, 46068 MiB, 37, 34.32 W, 210 MHz, 405 MHz
2026/08/17 01:17:30.931, 0 %, 0 %, 0 MiB, 46068 MiB, 37, 34.25 W, 210 MHz, 405 MHz
2026/08/17 01:17:35.985, 0 %, 0 %, 0 MiB, 46068 MiB, 37, 34.32 W, 210 MHz, 405 MHz
2026/08/17 01:17:41.042, 0 %, 0 %, 0 MiB, 46068 MiB, 37, 34.48 W, 210 MHz, 405 MHz
2026/08/17 01:17:46.128, 0 %, 0 %, 0 MiB, 46068 MiB, 37, 34.39 W, 210 MHz, 405 MHz
2026/08/17 01:17:51.236, 0 %, 0 %, 0 MiB, 46068 MiB, 37, 34.28 W, 210 MHz, 405 MHz
2026/08/17 01:17:56.310, 0 %, 0 %, 0 MiB, 46068 MiB, 36, 34.37 W, 210 MHz, 405 MHz
2026/08/17 01:18:01.362, 0 %, 0 %, 0 MiB, 46068 MiB, 36, 34.26 W, 210 MHz, 405 MHz
2026/08/17 01:18:06.413, 0 %, 0 %, 0 MiB, 46068 MiB, 36, 34.08 W, 210 MHz, 405 MHz
2026/08/17 01:18:11.482, 0 %, 0 %, 0 MiB, 46068 MiB, 36, 34.10 W, 210 MHz, 405 MHz
2026/08/17 01:18:16.557, 0 %, 0 %, 0 MiB, 46068 MiB, 36, 34.13 W, 210 MHz, 405 MHz
2026/08/17 01:18:21.634, 0 %, 0 %, 0 MiB, 46068 MiB, 36, 34.18 W, 210 MHz, 405 MHz
2026/08/17 01:18:26.686, 0 %, 0 %, 0 MiB, 46068 MiB, 36, 34.28 W, 210 MHz, 405 MHz
2026/08/17 01:18:31.762, 0 %, 0 %, 0 MiB, 46068 MiB, 36, 34.23 W, 210 MHz, 405 MHz
2026/08/17 01:18:36.830, 0 %, 0 %, 0 MiB, 46068 MiB, 36, 33.91 W, 210 MHz, 405 MHz
2026/08/17 01:18:41.885, 0 %, 0 %, 0 MiB, 46068 MiB, 35, 34.08 W, 210 MHz, 405 MHz
2026/08/17 01:18:46.943, 0 %, 0 %, 0 MiB, 46068 MiB, 35, 34.03 W, 210 MHz, 405 MHz
