timestamp, utilization.gpu [%], utilization.memory [%], memory.used [MiB], memory.free [MiB], power.draw [W], temperature.gpu, clocks.current.sm [MHz], clocks.current.memory [MHz]
2026/08/12 19:38:53.827, 0 %, 0 %, 1 MiB, 24123 MiB, 22.98 W, 28, 210 MHz, 405 MHz
2026/08/12 19:38:55.838, 0 %, 0 %, 1 MiB, 24123 MiB, 22.94 W, 28, 210 MHz, 405 MHz
2026/08/12 19:38:57.838, 0 %, 0 %, 1 MiB, 24123 MiB, 22.96 W, 28, 210 MHz, 405 MHz
2026/08/12 19:38:59.839, 0 %, 0 %, 1 MiB, 24123 MiB, 23.02 W, 28, 210 MHz, 405 MHz
2026/08/12 19:39:01.839, 0 %, 0 %, 1 MiB, 24123 MiB, 23.02 W, 28, 210 MHz, 405 MHz
2026/08/12 19:39:03.840, 0 %, 0 %, 1 MiB, 24123 MiB, 23.18 W, 28, 210 MHz, 405 MHz
2026/08/12 19:39:05.841, 0 %, 0 %, 1 MiB, 24123 MiB, 23.08 W, 28, 210 MHz, 405 MHz
2026/08/12 19:39:07.842, 0 %, 0 %, 1 MiB, 24123 MiB, 22.95 W, 28, 210 MHz, 405 MHz
2026/08/12 19:39:09.842, 0 %, 0 %, 1 MiB, 24123 MiB, 23.08 W, 28, 210 MHz, 405 MHz
2026/08/12 19:39:11.843, 0 %, 0 %, 1 MiB, 24123 MiB, 23.18 W, 28, 210 MHz, 405 MHz
2026/08/12 19:39:13.843, 0 %, 0 %, 1 MiB, 24123 MiB, 23.25 W, 28, 210 MHz, 405 MHz
2026/08/12 19:39:15.844, 0 %, 0 %, 1 MiB, 24123 MiB, 23.22 W, 27, 210 MHz, 405 MHz
2026/08/12 19:39:17.844, 0 %, 0 %, 1 MiB, 24123 MiB, 23.06 W, 27, 210 MHz, 405 MHz
2026/08/12 19:39:19.845, 0 %, 0 %, 1 MiB, 24123 MiB, 23.16 W, 27, 210 MHz, 405 MHz
2026/08/12 19:39:21.849, 0 %, 0 %, 1 MiB, 24123 MiB, 23.16 W, 27, 210 MHz, 405 MHz
2026/08/12 19:39:23.850, 0 %, 0 %, 1 MiB, 24123 MiB, 23.30 W, 27, 210 MHz, 405 MHz
2026/08/12 19:39:25.850, 0 %, 0 %, 1 MiB, 24123 MiB, 23.01 W, 27, 210 MHz, 405 MHz
2026/08/12 19:39:27.851, 0 %, 0 %, 1 MiB, 24123 MiB, 23.09 W, 27, 210 MHz, 405 MHz
2026/08/12 19:39:29.851, 0 %, 0 %, 1 MiB, 24123 MiB, 23.16 W, 27, 210 MHz, 405 MHz
2026/08/12 19:39:31.852, 0 %, 0 %, 1 MiB, 24123 MiB, 23.09 W, 27, 210 MHz, 405 MHz
2026/08/12 19:39:33.852, 0 %, 0 %, 1 MiB, 24123 MiB, 23.01 W, 27, 210 MHz, 405 MHz
2026/08/12 19:39:35.853, 0 %, 0 %, 1 MiB, 24123 MiB, 23.14 W, 27, 210 MHz, 405 MHz
2026/08/12 19:39:37.853, 0 %, 0 %, 1 MiB, 24123 MiB, 42.05 W, 30, 1695 MHz, 9501 MHz
2026/08/12 19:39:39.854, 0 %, 0 %, 1 MiB, 24123 MiB, 111.38 W, 30, 1695 MHz, 9751 MHz
2026/08/12 19:39:41.854, 0 %, 0 %, 1 MiB, 24123 MiB, 28.49 W, 28, 210 MHz, 405 MHz
2026/08/12 19:39:43.855, 0 %, 0 %, 1 MiB, 24123 MiB, 23.16 W, 28, 210 MHz, 405 MHz
2026/08/12 19:39:45.856, 0 %, 0 %, 1 MiB, 24123 MiB, 23.29 W, 28, 210 MHz, 405 MHz
2026/08/12 19:39:47.856, 0 %, 0 %, 1 MiB, 24123 MiB, 23.16 W, 28, 210 MHz, 405 MHz
2026/08/12 19:39:49.857, 0 %, 0 %, 1 MiB, 24123 MiB, 22.96 W, 28, 210 MHz, 405 MHz
2026/08/12 19:39:51.857, 0 %, 0 %, 1 MiB, 24123 MiB, 23.19 W, 28, 210 MHz, 405 MHz
2026/08/12 19:39:53.858, 0 %, 0 %, 1 MiB, 24123 MiB, 22.97 W, 28, 210 MHz, 405 MHz
2026/08/12 19:39:55.858, 0 %, 0 %, 1 MiB, 24123 MiB, 23.02 W, 28, 210 MHz, 405 MHz
2026/08/12 19:39:57.859, 0 %, 0 %, 1 MiB, 24123 MiB, 22.99 W, 28, 210 MHz, 405 MHz
2026/08/12 19:39:59.859, 0 %, 0 %, 1 MiB, 24123 MiB, 23.05 W, 28, 210 MHz, 405 MHz
2026/08/12 19:40:01.860, 0 %, 0 %, 1 MiB, 24123 MiB, 22.83 W, 28, 210 MHz, 405 MHz
2026/08/12 19:40:03.860, 5 %, 0 %, 1330 MiB, 22795 MiB, 104.39 W, 30, 1695 MHz, 9501 MHz
2026/08/12 19:40:05.861, 5 %, 0 %, 1351 MiB, 22774 MiB, 110.57 W, 31, 1695 MHz, 9501 MHz
2026/08/12 19:40:07.861, 5 %, 0 %, 8912 MiB, 15213 MiB, 110.91 W, 31, 1695 MHz, 9501 MHz
2026/08/12 19:40:09.865, 0 %, 0 %, 19758 MiB, 4367 MiB, 110.57 W, 31, 1695 MHz, 9501 MHz
2026/08/12 19:40:11.865, 0 %, 0 %, 19758 MiB, 4367 MiB, 110.79 W, 32, 1695 MHz, 9501 MHz
2026/08/12 19:40:13.866, 1 %, 0 %, 19758 MiB, 4367 MiB, 110.89 W, 32, 1695 MHz, 9501 MHz
2026/08/12 19:40:15.867, 1 %, 0 %, 19758 MiB, 4367 MiB, 110.21 W, 32, 1695 MHz, 9501 MHz
2026/08/12 19:40:17.867, 1 %, 0 %, 19758 MiB, 4367 MiB, 110.43 W, 33, 1695 MHz, 9501 MHz
2026/08/12 19:40:19.868, 1 %, 0 %, 19758 MiB, 4367 MiB, 110.67 W, 33, 1695 MHz, 9501 MHz
2026/08/12 19:40:21.868, 1 %, 0 %, 19758 MiB, 4367 MiB, 110.56 W, 33, 1695 MHz, 9501 MHz
2026/08/12 19:40:23.869, 1 %, 0 %, 19758 MiB, 4367 MiB, 110.46 W, 34, 1695 MHz, 9501 MHz
2026/08/12 19:40:25.869, 1 %, 0 %, 19758 MiB, 4367 MiB, 110.35 W, 34, 1695 MHz, 9501 MHz
2026/08/12 19:40:27.870, 1 %, 0 %, 19758 MiB, 4367 MiB, 110.51 W, 34, 1695 MHz, 9501 MHz
2026/08/12 19:40:29.871, 1 %, 0 %, 19758 MiB, 4367 MiB, 110.63 W, 35, 1695 MHz, 9501 MHz
2026/08/12 19:40:31.871, 1 %, 0 %, 19758 MiB, 4367 MiB, 110.77 W, 35, 1695 MHz, 9501 MHz
2026/08/12 19:40:33.872, 1 %, 0 %, 19758 MiB, 4367 MiB, 111.03 W, 35, 1695 MHz, 9501 MHz
2026/08/12 19:40:35.872, 0 %, 0 %, 19758 MiB, 4367 MiB, 111.22 W, 35, 1695 MHz, 9501 MHz
2026/08/12 19:40:37.873, 1 %, 0 %, 19758 MiB, 4367 MiB, 111.26 W, 35, 1695 MHz, 9501 MHz
2026/08/12 19:40:39.873, 1 %, 0 %, 19758 MiB, 4367 MiB, 111.37 W, 36, 1695 MHz, 9501 MHz
2026/08/12 19:40:41.874, 1 %, 0 %, 19758 MiB, 4367 MiB, 111.29 W, 36, 1695 MHz, 9501 MHz
2026/08/12 19:40:43.874, 1 %, 0 %, 19758 MiB, 4367 MiB, 111.50 W, 36, 1695 MHz, 9501 MHz
2026/08/12 19:40:45.875, 1 %, 0 %, 19758 MiB, 4367 MiB, 111.58 W, 36, 1695 MHz, 9501 MHz
2026/08/12 19:40:47.875, 1 %, 0 %, 19758 MiB, 4367 MiB, 111.55 W, 36, 1695 MHz, 9501 MHz
2026/08/12 19:40:49.876, 1 %, 0 %, 19758 MiB, 4367 MiB, 111.53 W, 37, 1695 MHz, 9501 MHz
2026/08/12 19:40:51.876, 1 %, 0 %, 19758 MiB, 4367 MiB, 111.66 W, 37, 1695 MHz, 9501 MHz
2026/08/12 19:40:53.877, 1 %, 0 %, 19758 MiB, 4367 MiB, 111.85 W, 37, 1695 MHz, 9501 MHz
2026/08/12 19:40:55.878, 1 %, 0 %, 19758 MiB, 4367 MiB, 112.15 W, 37, 1695 MHz, 9501 MHz
2026/08/12 19:40:57.878, 1 %, 0 %, 19758 MiB, 4367 MiB, 112.67 W, 37, 1695 MHz, 9501 MHz
2026/08/12 19:40:59.879, 1 %, 0 %, 19758 MiB, 4367 MiB, 112.42 W, 38, 1695 MHz, 9501 MHz
2026/08/12 19:41:01.879, 0 %, 0 %, 19758 MiB, 4367 MiB, 112.42 W, 38, 1695 MHz, 9501 MHz
2026/08/12 19:41:03.880, 0 %, 0 %, 19758 MiB, 4367 MiB, 112.58 W, 38, 1695 MHz, 9501 MHz
2026/08/12 19:41:05.880, 0 %, 0 %, 19758 MiB, 4367 MiB, 112.48 W, 38, 1695 MHz, 9501 MHz
2026/08/12 19:41:07.880, 0 %, 0 %, 19758 MiB, 4367 MiB, 112.57 W, 38, 1695 MHz, 9501 MHz
2026/08/12 19:41:09.881, 0 %, 0 %, 19758 MiB, 4367 MiB, 112.46 W, 38, 1695 MHz, 9501 MHz
2026/08/12 19:41:11.881, 0 %, 0 %, 19758 MiB, 4367 MiB, 112.74 W, 39, 1695 MHz, 9501 MHz
2026/08/12 19:41:13.882, 0 %, 0 %, 19758 MiB, 4367 MiB, 113.05 W, 39, 1695 MHz, 9501 MHz
2026/08/12 19:41:15.882, 1 %, 0 %, 19758 MiB, 4367 MiB, 113.07 W, 39, 1695 MHz, 9501 MHz
2026/08/12 19:41:17.883, 1 %, 0 %, 19758 MiB, 4367 MiB, 113.09 W, 39, 1695 MHz, 9501 MHz
2026/08/12 19:41:19.883, 1 %, 0 %, 19758 MiB, 4367 MiB, 113.17 W, 39, 1695 MHz, 9501 MHz
2026/08/12 19:41:21.884, 0 %, 0 %, 19758 MiB, 4367 MiB, 113.18 W, 39, 1695 MHz, 9501 MHz
2026/08/12 19:41:23.885, 0 %, 0 %, 19758 MiB, 4367 MiB, 113.33 W, 40, 1695 MHz, 9501 MHz
2026/08/12 19:41:25.885, 1 %, 0 %, 19758 MiB, 4367 MiB, 113.21 W, 40, 1695 MHz, 9501 MHz
2026/08/12 19:41:27.886, 0 %, 0 %, 19758 MiB, 4367 MiB, 113.34 W, 40, 1695 MHz, 9501 MHz
2026/08/12 19:41:29.886, 0 %, 0 %, 19758 MiB, 4367 MiB, 113.13 W, 40, 1695 MHz, 9501 MHz
2026/08/12 19:41:31.887, 0 %, 0 %, 19758 MiB, 4367 MiB, 112.89 W, 40, 1695 MHz, 9501 MHz
2026/08/12 19:41:33.887, 0 %, 0 %, 19758 MiB, 4367 MiB, 113.15 W, 40, 1695 MHz, 9501 MHz
2026/08/12 19:41:35.888, 0 %, 0 %, 19758 MiB, 4367 MiB, 112.96 W, 40, 1695 MHz, 9501 MHz
2026/08/12 19:41:37.888, 0 %, 0 %, 19758 MiB, 4367 MiB, 113.02 W, 40, 1695 MHz, 9501 MHz
2026/08/12 19:41:39.889, 0 %, 0 %, 19758 MiB, 4367 MiB, 113.01 W, 41, 1695 MHz, 9501 MHz
2026/08/12 19:41:41.890, 1 %, 0 %, 19758 MiB, 4367 MiB, 113.19 W, 41, 1695 MHz, 9501 MHz
2026/08/12 19:41:43.890, 1 %, 0 %, 19758 MiB, 4367 MiB, 113.09 W, 41, 1695 MHz, 9501 MHz
2026/08/12 19:41:45.891, 1 %, 0 %, 19758 MiB, 4367 MiB, 113.12 W, 41, 1695 MHz, 9501 MHz
2026/08/12 19:41:47.891, 0 %, 0 %, 19758 MiB, 4367 MiB, 113.25 W, 41, 1695 MHz, 9501 MHz
2026/08/12 19:41:49.892, 1 %, 0 %, 19758 MiB, 4367 MiB, 113.30 W, 41, 1695 MHz, 9501 MHz
2026/08/12 19:41:51.892, 1 %, 0 %, 19758 MiB, 4367 MiB, 113.14 W, 41, 1695 MHz, 9501 MHz
2026/08/12 19:41:53.893, 1 %, 0 %, 19758 MiB, 4367 MiB, 113.35 W, 41, 1695 MHz, 9501 MHz
2026/08/12 19:41:55.893, 1 %, 0 %, 19758 MiB, 4367 MiB, 113.49 W, 41, 1695 MHz, 9501 MHz
2026/08/12 19:41:57.893, 1 %, 0 %, 19758 MiB, 4367 MiB, 113.42 W, 42, 1695 MHz, 9501 MHz
2026/08/12 19:41:59.894, 0 %, 0 %, 19758 MiB, 4367 MiB, 113.55 W, 42, 1695 MHz, 9501 MHz
2026/08/12 19:42:01.894, 1 %, 0 %, 19758 MiB, 4367 MiB, 113.73 W, 42, 1695 MHz, 9501 MHz
2026/08/12 19:42:03.895, 1 %, 0 %, 19758 MiB, 4367 MiB, 113.57 W, 42, 1695 MHz, 9501 MHz
2026/08/12 19:42:05.895, 1 %, 0 %, 19758 MiB, 4367 MiB, 113.68 W, 42, 1695 MHz, 9501 MHz
2026/08/12 19:42:07.896, 1 %, 0 %, 19758 MiB, 4367 MiB, 113.69 W, 42, 1695 MHz, 9501 MHz
2026/08/12 19:42:09.896, 1 %, 0 %, 19758 MiB, 4367 MiB, 113.65 W, 42, 1695 MHz, 9501 MHz
2026/08/12 19:42:11.897, 1 %, 0 %, 19758 MiB, 4367 MiB, 113.59 W, 42, 1695 MHz, 9501 MHz
2026/08/12 19:42:13.897, 0 %, 0 %, 19758 MiB, 4367 MiB, 113.78 W, 42, 1695 MHz, 9501 MHz
2026/08/12 19:42:15.898, 1 %, 0 %, 19758 MiB, 4367 MiB, 113.54 W, 42, 1695 MHz, 9501 MHz
2026/08/12 19:42:17.898, 0 %, 0 %, 19758 MiB, 4367 MiB, 113.81 W, 42, 1695 MHz, 9501 MHz
2026/08/12 19:42:19.899, 1 %, 0 %, 19758 MiB, 4367 MiB, 113.68 W, 43, 1695 MHz, 9501 MHz
2026/08/12 19:42:21.899, 1 %, 0 %, 19758 MiB, 4367 MiB, 113.94 W, 43, 1695 MHz, 9501 MHz
2026/08/12 19:42:23.900, 1 %, 0 %, 19758 MiB, 4367 MiB, 113.74 W, 43, 1695 MHz, 9501 MHz
2026/08/12 19:42:25.900, 100 %, 43 %, 21994 MiB, 2131 MiB, 216.10 W, 48, 1905 MHz, 9501 MHz
2026/08/12 19:42:27.901, 100 %, 46 %, 21994 MiB, 2131 MiB, 340.49 W, 50, 1905 MHz, 9501 MHz
2026/08/12 19:42:29.901, 100 %, 45 %, 21994 MiB, 2131 MiB, 343.37 W, 52, 1890 MHz, 9501 MHz
2026/08/12 19:42:31.902, 0 %, 0 %, 22130 MiB, 1995 MiB, 135.46 W, 47, 1920 MHz, 9501 MHz
2026/08/12 19:42:33.902, 0 %, 0 %, 22680 MiB, 1445 MiB, 115.80 W, 46, 1695 MHz, 9501 MHz
2026/08/12 19:42:35.903, 73 %, 32 %, 22680 MiB, 1445 MiB, 217.06 W, 48, 1920 MHz, 9501 MHz
2026/08/12 19:42:37.903, 85 %, 19 %, 22680 MiB, 1445 MiB, 216.57 W, 50, 1920 MHz, 9501 MHz
2026/08/12 19:42:39.907, 96 %, 8 %, 22680 MiB, 1445 MiB, 217.68 W, 50, 1920 MHz, 9501 MHz
2026/08/12 19:42:41.907, 0 %, 0 %, 23112 MiB, 1013 MiB, 159.76 W, 48, 1920 MHz, 9501 MHz
2026/08/12 19:42:43.908, 0 %, 0 %, 1 MiB, 24123 MiB, 140.13 W, 48, 1920 MHz, 9501 MHz
2026/08/12 19:42:47.231, 0 %, 0 %, 1 MiB, 24123 MiB, 136.02 W, 48, 1695 MHz, 9751 MHz
2026/08/12 19:42:49.232, 0 %, 0 %, 1 MiB, 24123 MiB, 52.39 W, 44, 210 MHz, 810 MHz
2026/08/12 19:42:51.232, 0 %, 0 %, 1 MiB, 24123 MiB, 24.75 W, 44, 210 MHz, 405 MHz
2026/08/12 19:42:53.233, 0 %, 0 %, 1 MiB, 24123 MiB, 24.35 W, 43, 210 MHz, 405 MHz
2026/08/12 19:42:55.233, 0 %, 0 %, 1 MiB, 24123 MiB, 23.67 W, 42, 210 MHz, 405 MHz
2026/08/12 19:42:57.234, 0 %, 0 %, 1 MiB, 24123 MiB, 23.57 W, 42, 210 MHz, 405 MHz
2026/08/12 19:42:59.234, 0 %, 0 %, 1 MiB, 24123 MiB, 23.65 W, 41, 210 MHz, 405 MHz
2026/08/12 19:43:01.235, 0 %, 0 %, 1 MiB, 24123 MiB, 23.38 W, 40, 210 MHz, 405 MHz
2026/08/12 19:43:03.235, 0 %, 0 %, 1 MiB, 24123 MiB, 23.64 W, 40, 210 MHz, 405 MHz
2026/08/12 19:43:05.236, 0 %, 0 %, 1 MiB, 24123 MiB, 23.62 W, 39, 210 MHz, 405 MHz
2026/08/12 19:43:07.236, 0 %, 0 %, 1 MiB, 24123 MiB, 23.56 W, 39, 210 MHz, 405 MHz
2026/08/12 19:43:09.236, 0 %, 0 %, 1 MiB, 24123 MiB, 23.55 W, 38, 210 MHz, 405 MHz
2026/08/12 19:43:11.237, 0 %, 0 %, 1 MiB, 24123 MiB, 23.33 W, 38, 210 MHz, 405 MHz
2026/08/12 19:43:13.238, 0 %, 0 %, 1 MiB, 24123 MiB, 23.97 W, 37, 210 MHz, 405 MHz
2026/08/12 19:43:15.238, 0 %, 0 %, 1 MiB, 24123 MiB, 23.47 W, 37, 210 MHz, 405 MHz
2026/08/12 19:43:17.239, 0 %, 0 %, 1 MiB, 24123 MiB, 23.22 W, 37, 210 MHz, 405 MHz
2026/08/12 19:43:19.239, 0 %, 0 %, 1 MiB, 24123 MiB, 23.26 W, 36, 210 MHz, 405 MHz
2026/08/12 19:43:21.240, 0 %, 0 %, 1 MiB, 24123 MiB, 23.00 W, 36, 210 MHz, 405 MHz
2026/08/12 19:43:23.240, 0 %, 0 %, 1 MiB, 24123 MiB, 23.07 W, 36, 210 MHz, 405 MHz
2026/08/12 19:43:25.241, 0 %, 0 %, 1 MiB, 24123 MiB, 22.89 W, 35, 210 MHz, 405 MHz
2026/08/12 19:43:27.242, 0 %, 0 %, 1 MiB, 24123 MiB, 22.92 W, 35, 210 MHz, 405 MHz
2026/08/12 19:43:29.242, 0 %, 0 %, 1 MiB, 24123 MiB, 22.94 W, 35, 210 MHz, 405 MHz
2026/08/12 19:43:31.243, 0 %, 0 %, 1 MiB, 24123 MiB, 23.11 W, 35, 210 MHz, 405 MHz
2026/08/12 19:43:33.244, 0 %, 0 %, 1 MiB, 24123 MiB, 23.06 W, 35, 210 MHz, 405 MHz
2026/08/12 19:43:35.244, 0 %, 0 %, 1 MiB, 24123 MiB, 22.84 W, 34, 210 MHz, 405 MHz
2026/08/12 19:43:37.245, 0 %, 0 %, 1 MiB, 24123 MiB, 22.94 W, 34, 210 MHz, 405 MHz
2026/08/12 19:43:39.245, 0 %, 0 %, 1 MiB, 24123 MiB, 22.97 W, 34, 210 MHz, 405 MHz
2026/08/12 19:43:41.246, 0 %, 0 %, 1 MiB, 24123 MiB, 22.97 W, 34, 210 MHz, 405 MHz
2026/08/12 19:43:43.246, 0 %, 0 %, 1 MiB, 24123 MiB, 23.02 W, 34, 210 MHz, 405 MHz
2026/08/12 19:43:45.247, 0 %, 0 %, 1 MiB, 24123 MiB, 23.02 W, 33, 210 MHz, 405 MHz
2026/08/12 19:43:47.247, 0 %, 0 %, 1 MiB, 24123 MiB, 22.90 W, 33, 210 MHz, 405 MHz
2026/08/12 19:43:49.247, 0 %, 0 %, 1 MiB, 24123 MiB, 23.00 W, 33, 210 MHz, 405 MHz
2026/08/12 19:43:51.248, 0 %, 0 %, 1 MiB, 24123 MiB, 23.22 W, 33, 210 MHz, 405 MHz
2026/08/12 19:43:53.249, 0 %, 0 %, 1 MiB, 24123 MiB, 23.07 W, 33, 210 MHz, 405 MHz
2026/08/12 19:43:55.249, 0 %, 0 %, 1 MiB, 24123 MiB, 23.13 W, 33, 210 MHz, 405 MHz
2026/08/12 19:43:57.250, 0 %, 0 %, 1 MiB, 24123 MiB, 23.13 W, 33, 210 MHz, 405 MHz
2026/08/12 19:43:59.250, 0 %, 0 %, 1 MiB, 24123 MiB, 23.03 W, 33, 210 MHz, 405 MHz
2026/08/12 19:44:01.251, 0 %, 0 %, 1 MiB, 24123 MiB, 22.98 W, 33, 210 MHz, 405 MHz
2026/08/12 19:44:03.251, 0 %, 0 %, 1 MiB, 24123 MiB, 23.11 W, 32, 210 MHz, 405 MHz
2026/08/12 19:44:05.252, 0 %, 0 %, 1 MiB, 24123 MiB, 22.83 W, 32, 210 MHz, 405 MHz
2026/08/12 19:44:07.252, 0 %, 0 %, 1 MiB, 24123 MiB, 22.94 W, 32, 210 MHz, 405 MHz
2026/08/12 19:44:09.253, 0 %, 0 %, 1 MiB, 24123 MiB, 22.84 W, 32, 210 MHz, 405 MHz
2026/08/12 19:44:11.253, 0 %, 0 %, 1 MiB, 24123 MiB, 22.85 W, 32, 210 MHz, 405 MHz
2026/08/12 19:44:13.254, 0 %, 0 %, 1 MiB, 24123 MiB, 22.77 W, 32, 210 MHz, 405 MHz
2026/08/12 19:44:15.254, 0 %, 0 %, 1 MiB, 24123 MiB, 22.69 W, 32, 210 MHz, 405 MHz
2026/08/12 19:44:17.255, 0 %, 0 %, 1 MiB, 24123 MiB, 22.95 W, 32, 210 MHz, 405 MHz
2026/08/12 19:44:19.255, 0 %, 0 %, 1 MiB, 24123 MiB, 22.74 W, 32, 210 MHz, 405 MHz
2026/08/12 19:44:21.255, 0 %, 0 %, 1 MiB, 24123 MiB, 22.67 W, 32, 210 MHz, 405 MHz
2026/08/12 19:44:23.256, 0 %, 0 %, 1 MiB, 24123 MiB, 22.92 W, 31, 210 MHz, 405 MHz
2026/08/12 19:44:25.256, 0 %, 0 %, 1 MiB, 24123 MiB, 22.84 W, 31, 210 MHz, 405 MHz
2026/08/12 19:44:27.257, 0 %, 0 %, 1 MiB, 24123 MiB, 22.69 W, 31, 210 MHz, 405 MHz
2026/08/12 19:44:29.257, 0 %, 0 %, 1 MiB, 24123 MiB, 22.79 W, 31, 210 MHz, 405 MHz
2026/08/12 19:44:31.258, 0 %, 0 %, 1 MiB, 24123 MiB, 22.74 W, 31, 210 MHz, 405 MHz
2026/08/12 19:44:33.258, 0 %, 0 %, 1 MiB, 24123 MiB, 22.76 W, 31, 210 MHz, 405 MHz
2026/08/12 19:44:35.259, 0 %, 0 %, 1 MiB, 24123 MiB, 22.84 W, 31, 210 MHz, 405 MHz
2026/08/12 19:44:37.260, 0 %, 0 %, 1 MiB, 24123 MiB, 22.76 W, 31, 210 MHz, 405 MHz
2026/08/12 19:44:39.260, 0 %, 0 %, 1 MiB, 24123 MiB, 22.69 W, 31, 210 MHz, 405 MHz
2026/08/12 19:44:41.260, 0 %, 0 %, 1 MiB, 24123 MiB, 22.80 W, 31, 210 MHz, 405 MHz
2026/08/12 19:44:43.261, 0 %, 0 %, 1 MiB, 24123 MiB, 22.87 W, 31, 210 MHz, 405 MHz
2026/08/12 19:44:45.261, 0 %, 0 %, 1 MiB, 24123 MiB, 22.77 W, 31, 210 MHz, 405 MHz
2026/08/12 19:44:47.262, 0 %, 0 %, 1 MiB, 24123 MiB, 22.73 W, 31, 210 MHz, 405 MHz
2026/08/12 19:44:49.262, 0 %, 0 %, 1 MiB, 24123 MiB, 22.86 W, 31, 210 MHz, 405 MHz
2026/08/12 19:44:51.263, 0 %, 0 %, 1 MiB, 24123 MiB, 22.65 W, 30, 210 MHz, 405 MHz
2026/08/12 19:44:53.263, 0 %, 0 %, 1 MiB, 24123 MiB, 22.57 W, 30, 210 MHz, 405 MHz
2026/08/12 19:44:55.263, 0 %, 0 %, 1 MiB, 24123 MiB, 22.76 W, 30, 210 MHz, 405 MHz
2026/08/12 19:44:57.264, 0 %, 0 %, 1 MiB, 24123 MiB, 22.61 W, 30, 210 MHz, 405 MHz
2026/08/12 19:44:59.264, 0 %, 0 %, 1 MiB, 24123 MiB, 22.54 W, 30, 210 MHz, 405 MHz
2026/08/12 19:45:01.265, 0 %, 0 %, 1 MiB, 24123 MiB, 22.69 W, 30, 210 MHz, 405 MHz
2026/08/12 19:45:03.265, 0 %, 0 %, 1 MiB, 24123 MiB, 22.68 W, 30, 210 MHz, 405 MHz
2026/08/12 19:45:05.265, 0 %, 0 %, 266 MiB, 23859 MiB, 31.52 W, 32, 1695 MHz, 9501 MHz
2026/08/12 19:45:07.267, 0 %, 0 %, 1 MiB, 24123 MiB, 111.63 W, 33, 1695 MHz, 9751 MHz
2026/08/12 19:45:09.267, 0 %, 0 %, 1 MiB, 24123 MiB, 80.67 W, 32, 330 MHz, 810 MHz
2026/08/12 19:45:11.268, 0 %, 0 %, 1 MiB, 24123 MiB, 24.19 W, 31, 210 MHz, 405 MHz
2026/08/12 19:45:13.268, 0 %, 0 %, 1 MiB, 24123 MiB, 22.98 W, 31, 210 MHz, 405 MHz
2026/08/12 19:45:15.269, 0 %, 0 %, 1 MiB, 24123 MiB, 23.12 W, 31, 210 MHz, 405 MHz
2026/08/12 19:45:17.269, 0 %, 0 %, 1 MiB, 24123 MiB, 22.87 W, 30, 210 MHz, 405 MHz
2026/08/12 19:45:19.269, 0 %, 0 %, 1 MiB, 24123 MiB, 22.90 W, 30, 210 MHz, 405 MHz
2026/08/12 19:45:21.270, 0 %, 0 %, 1 MiB, 24123 MiB, 23.18 W, 30, 210 MHz, 405 MHz
2026/08/12 19:45:23.270, 0 %, 0 %, 1 MiB, 24123 MiB, 23.03 W, 30, 210 MHz, 405 MHz
2026/08/12 19:45:25.271, 0 %, 0 %, 1 MiB, 24123 MiB, 22.87 W, 30, 210 MHz, 405 MHz
2026/08/12 19:45:27.271, 0 %, 0 %, 1 MiB, 24123 MiB, 22.72 W, 30, 210 MHz, 405 MHz
2026/08/12 19:45:29.271, 0 %, 0 %, 1 MiB, 24123 MiB, 22.65 W, 30, 210 MHz, 405 MHz
2026/08/12 19:45:31.272, 0 %, 0 %, 1 MiB, 24123 MiB, 22.77 W, 30, 210 MHz, 405 MHz
2026/08/12 19:45:33.272, 0 %, 0 %, 1 MiB, 24123 MiB, 22.75 W, 30, 210 MHz, 405 MHz
2026/08/12 19:45:35.273, 0 %, 0 %, 1 MiB, 24123 MiB, 22.55 W, 30, 210 MHz, 405 MHz
2026/08/12 19:45:37.273, 0 %, 0 %, 1 MiB, 24123 MiB, 22.63 W, 30, 210 MHz, 405 MHz
2026/08/12 19:45:39.274, 0 %, 0 %, 1 MiB, 24123 MiB, 22.86 W, 30, 210 MHz, 405 MHz
2026/08/12 19:45:41.274, 0 %, 0 %, 1 MiB, 24123 MiB, 22.72 W, 30, 210 MHz, 405 MHz
2026/08/12 19:45:43.274, 0 %, 0 %, 1 MiB, 24123 MiB, 22.98 W, 30, 210 MHz, 405 MHz
2026/08/12 19:45:45.275, 0 %, 0 %, 1 MiB, 24123 MiB, 22.72 W, 30, 210 MHz, 405 MHz
2026/08/12 19:45:47.275, 0 %, 0 %, 1 MiB, 24123 MiB, 22.90 W, 30, 210 MHz, 405 MHz
2026/08/12 19:45:49.276, 0 %, 0 %, 1 MiB, 24123 MiB, 23.01 W, 30, 210 MHz, 405 MHz
2026/08/12 19:45:51.276, 0 %, 0 %, 1 MiB, 24123 MiB, 22.97 W, 30, 210 MHz, 405 MHz
2026/08/12 19:45:53.276, 0 %, 0 %, 1 MiB, 24123 MiB, 22.94 W, 29, 210 MHz, 405 MHz
2026/08/12 19:45:55.277, 0 %, 0 %, 1 MiB, 24123 MiB, 22.91 W, 29, 210 MHz, 405 MHz
2026/08/12 19:45:57.277, 0 %, 0 %, 1 MiB, 24123 MiB, 23.00 W, 29, 210 MHz, 405 MHz
2026/08/12 19:45:59.278, 0 %, 0 %, 1 MiB, 24123 MiB, 23.19 W, 29, 210 MHz, 405 MHz
2026/08/12 19:46:01.278, 0 %, 0 %, 1 MiB, 24123 MiB, 22.96 W, 29, 210 MHz, 405 MHz
2026/08/12 19:46:03.279, 0 %, 0 %, 1 MiB, 24123 MiB, 22.96 W, 29, 210 MHz, 405 MHz
2026/08/12 19:46:05.279, 0 %, 0 %, 1 MiB, 24123 MiB, 23.11 W, 29, 210 MHz, 405 MHz
2026/08/12 19:46:07.280, 0 %, 0 %, 1 MiB, 24123 MiB, 23.08 W, 29, 210 MHz, 405 MHz
2026/08/12 19:46:09.280, 0 %, 0 %, 1 MiB, 24123 MiB, 23.12 W, 29, 210 MHz, 405 MHz
2026/08/12 19:46:11.281, 0 %, 0 %, 1 MiB, 24123 MiB, 23.11 W, 29, 210 MHz, 405 MHz
2026/08/12 19:46:13.281, 0 %, 0 %, 1 MiB, 24123 MiB, 23.15 W, 29, 210 MHz, 405 MHz
2026/08/12 19:46:15.282, 0 %, 0 %, 1 MiB, 24123 MiB, 23.02 W, 29, 210 MHz, 405 MHz
2026/08/12 19:46:17.282, 0 %, 0 %, 1 MiB, 24123 MiB, 23.14 W, 29, 210 MHz, 405 MHz
2026/08/12 19:46:19.283, 0 %, 0 %, 1 MiB, 24123 MiB, 23.31 W, 29, 210 MHz, 405 MHz
2026/08/12 19:46:21.283, 0 %, 0 %, 1 MiB, 24123 MiB, 22.97 W, 29, 210 MHz, 405 MHz
2026/08/12 19:46:23.284, 0 %, 0 %, 1 MiB, 24123 MiB, 22.98 W, 29, 210 MHz, 405 MHz
2026/08/12 19:46:25.284, 0 %, 0 %, 1 MiB, 24123 MiB, 23.04 W, 29, 210 MHz, 405 MHz
2026/08/12 19:46:27.284, 0 %, 0 %, 1 MiB, 24123 MiB, 23.01 W, 29, 210 MHz, 405 MHz
2026/08/12 19:46:29.285, 0 %, 0 %, 1 MiB, 24123 MiB, 23.09 W, 29, 210 MHz, 405 MHz
2026/08/12 19:46:31.285, 0 %, 0 %, 1 MiB, 24123 MiB, 23.16 W, 29, 210 MHz, 405 MHz
2026/08/12 19:46:33.286, 0 %, 0 %, 1 MiB, 24123 MiB, 23.21 W, 29, 210 MHz, 405 MHz
2026/08/12 19:46:35.286, 0 %, 0 %, 1 MiB, 24123 MiB, 23.10 W, 29, 210 MHz, 405 MHz
2026/08/12 19:46:37.287, 0 %, 0 %, 1 MiB, 24123 MiB, 23.09 W, 29, 210 MHz, 405 MHz
2026/08/12 19:46:39.287, 0 %, 0 %, 1 MiB, 24123 MiB, 22.99 W, 29, 210 MHz, 405 MHz
2026/08/12 19:46:41.288, 0 %, 0 %, 1 MiB, 24123 MiB, 22.76 W, 29, 210 MHz, 405 MHz
2026/08/12 19:46:43.288, 0 %, 0 %, 1 MiB, 24123 MiB, 22.98 W, 29, 210 MHz, 405 MHz
2026/08/12 19:46:45.289, 0 %, 0 %, 1 MiB, 24123 MiB, 22.98 W, 29, 210 MHz, 405 MHz
2026/08/12 19:46:47.289, 0 %, 0 %, 1 MiB, 24123 MiB, 22.96 W, 29, 210 MHz, 405 MHz
2026/08/12 19:46:49.290, 0 %, 0 %, 1 MiB, 24123 MiB, 22.98 W, 29, 210 MHz, 405 MHz
2026/08/12 19:46:51.290, 0 %, 0 %, 1 MiB, 24123 MiB, 22.97 W, 29, 210 MHz, 405 MHz
2026/08/12 19:46:53.290, 0 %, 0 %, 1 MiB, 24123 MiB, 23.00 W, 29, 210 MHz, 405 MHz
2026/08/12 19:46:55.291, 0 %, 0 %, 1 MiB, 24123 MiB, 22.86 W, 29, 210 MHz, 405 MHz
2026/08/12 19:46:57.292, 0 %, 0 %, 1 MiB, 24123 MiB, 23.25 W, 29, 210 MHz, 405 MHz
2026/08/12 19:46:59.292, 0 %, 0 %, 1 MiB, 24123 MiB, 22.99 W, 29, 210 MHz, 405 MHz
2026/08/12 19:47:01.293, 0 %, 0 %, 1 MiB, 24123 MiB, 23.04 W, 29, 210 MHz, 405 MHz
2026/08/12 19:47:03.293, 0 %, 0 %, 1 MiB, 24123 MiB, 23.35 W, 29, 210 MHz, 405 MHz
2026/08/12 19:47:05.294, 0 %, 0 %, 1 MiB, 24123 MiB, 23.22 W, 29, 210 MHz, 405 MHz
2026/08/12 19:47:07.294, 0 %, 0 %, 1 MiB, 24123 MiB, 23.15 W, 29, 210 MHz, 405 MHz
2026/08/12 19:47:09.295, 0 %, 0 %, 1 MiB, 24123 MiB, 23.07 W, 29, 210 MHz, 405 MHz
2026/08/12 19:47:11.295, 0 %, 0 %, 1 MiB, 24123 MiB, 22.93 W, 29, 210 MHz, 405 MHz
2026/08/12 19:47:13.296, 0 %, 0 %, 1 MiB, 24123 MiB, 22.96 W, 29, 210 MHz, 405 MHz
2026/08/12 19:47:15.296, 0 %, 0 %, 1 MiB, 24123 MiB, 22.99 W, 29, 210 MHz, 405 MHz
2026/08/12 19:47:17.297, 0 %, 0 %, 1 MiB, 24123 MiB, 22.88 W, 29, 210 MHz, 405 MHz
2026/08/12 19:47:19.297, 0 %, 0 %, 1 MiB, 24123 MiB, 22.90 W, 29, 210 MHz, 405 MHz
2026/08/12 19:47:21.298, 0 %, 0 %, 1 MiB, 24123 MiB, 23.02 W, 29, 210 MHz, 405 MHz
2026/08/12 19:47:23.298, 0 %, 0 %, 1 MiB, 24123 MiB, 22.86 W, 29, 210 MHz, 405 MHz
2026/08/12 19:47:25.299, 0 %, 0 %, 1 MiB, 24123 MiB, 23.04 W, 28, 210 MHz, 405 MHz
2026/08/12 19:47:27.299, 0 %, 0 %, 1 MiB, 24123 MiB, 23.07 W, 28, 210 MHz, 405 MHz
2026/08/12 19:47:29.300, 0 %, 0 %, 1 MiB, 24123 MiB, 23.07 W, 28, 210 MHz, 405 MHz
2026/08/12 19:47:31.300, 0 %, 0 %, 1 MiB, 24123 MiB, 23.04 W, 28, 210 MHz, 405 MHz
2026/08/12 19:47:33.300, 0 %, 0 %, 1 MiB, 24123 MiB, 22.99 W, 28, 210 MHz, 405 MHz
2026/08/12 19:47:35.301, 0 %, 0 %, 1 MiB, 24123 MiB, 23.16 W, 28, 210 MHz, 405 MHz
2026/08/12 19:47:37.301, 0 %, 0 %, 1 MiB, 24123 MiB, 22.87 W, 28, 210 MHz, 405 MHz
2026/08/12 19:47:39.302, 0 %, 0 %, 1 MiB, 24123 MiB, 23.01 W, 28, 210 MHz, 405 MHz
2026/08/12 19:47:41.302, 0 %, 0 %, 1 MiB, 24123 MiB, 23.12 W, 28, 210 MHz, 405 MHz
2026/08/12 19:47:43.303, 0 %, 0 %, 1 MiB, 24123 MiB, 22.89 W, 28, 210 MHz, 405 MHz
2026/08/12 19:47:45.303, 0 %, 0 %, 1 MiB, 24123 MiB, 22.95 W, 28, 210 MHz, 405 MHz
2026/08/12 19:47:47.304, 0 %, 0 %, 1 MiB, 24123 MiB, 23.03 W, 28, 210 MHz, 405 MHz
2026/08/12 19:47:49.304, 0 %, 0 %, 1 MiB, 24123 MiB, 23.01 W, 28, 210 MHz, 405 MHz
2026/08/12 19:47:51.305, 0 %, 0 %, 1 MiB, 24123 MiB, 23.09 W, 28, 210 MHz, 405 MHz
2026/08/12 19:47:53.305, 0 %, 0 %, 1 MiB, 24123 MiB, 23.08 W, 28, 210 MHz, 405 MHz
2026/08/12 19:47:55.306, 0 %, 0 %, 1 MiB, 24123 MiB, 22.92 W, 28, 210 MHz, 405 MHz
2026/08/12 19:47:57.306, 0 %, 0 %, 1 MiB, 24123 MiB, 23.03 W, 28, 210 MHz, 405 MHz
2026/08/12 19:47:59.307, 0 %, 0 %, 1 MiB, 24123 MiB, 22.89 W, 28, 210 MHz, 405 MHz
2026/08/12 19:48:01.307, 0 %, 0 %, 1 MiB, 24123 MiB, 22.65 W, 28, 210 MHz, 405 MHz
2026/08/12 19:48:03.308, 0 %, 0 %, 1 MiB, 24123 MiB, 22.79 W, 28, 210 MHz, 405 MHz
2026/08/12 19:48:05.308, 0 %, 0 %, 1 MiB, 24123 MiB, 22.72 W, 28, 210 MHz, 405 MHz
2026/08/12 19:48:07.308, 0 %, 0 %, 1 MiB, 24123 MiB, 22.87 W, 28, 210 MHz, 405 MHz
2026/08/12 19:48:09.309, 0 %, 0 %, 1 MiB, 24123 MiB, 22.82 W, 28, 210 MHz, 405 MHz
2026/08/12 19:48:11.309, 0 %, 0 %, 1 MiB, 24123 MiB, 22.88 W, 28, 210 MHz, 405 MHz
2026/08/12 19:48:13.310, 0 %, 0 %, 1 MiB, 24123 MiB, 22.97 W, 28, 210 MHz, 405 MHz
2026/08/12 19:48:15.310, 0 %, 0 %, 1 MiB, 24123 MiB, 22.72 W, 28, 210 MHz, 405 MHz
2026/08/12 19:48:17.311, 0 %, 0 %, 1 MiB, 24123 MiB, 22.69 W, 28, 210 MHz, 405 MHz
2026/08/12 19:48:19.311, 0 %, 0 %, 1 MiB, 24123 MiB, 22.83 W, 28, 210 MHz, 405 MHz
2026/08/12 19:48:21.312, 0 %, 0 %, 1 MiB, 24123 MiB, 22.86 W, 28, 210 MHz, 405 MHz
2026/08/12 19:48:23.312, 0 %, 0 %, 1 MiB, 24123 MiB, 22.91 W, 28, 210 MHz, 405 MHz
2026/08/12 19:48:25.314, 0 %, 0 %, 1 MiB, 24123 MiB, 23.17 W, 28, 210 MHz, 405 MHz
2026/08/12 19:48:27.315, 0 %, 0 %, 1 MiB, 24123 MiB, 22.97 W, 28, 210 MHz, 405 MHz
2026/08/12 19:48:29.315, 0 %, 0 %, 1 MiB, 24123 MiB, 22.88 W, 28, 210 MHz, 405 MHz
2026/08/12 19:48:31.315, 0 %, 0 %, 1 MiB, 24123 MiB, 23.01 W, 28, 210 MHz, 405 MHz
2026/08/12 19:48:33.316, 0 %, 0 %, 1 MiB, 24123 MiB, 22.85 W, 28, 210 MHz, 405 MHz
2026/08/12 19:48:35.316, 0 %, 0 %, 1 MiB, 24123 MiB, 22.79 W, 28, 210 MHz, 405 MHz
2026/08/12 19:48:37.317, 0 %, 0 %, 1 MiB, 24123 MiB, 22.97 W, 28, 210 MHz, 405 MHz
2026/08/12 19:48:39.317, 0 %, 0 %, 1 MiB, 24123 MiB, 22.84 W, 28, 210 MHz, 405 MHz
2026/08/12 19:48:41.318, 0 %, 0 %, 1 MiB, 24123 MiB, 22.83 W, 28, 210 MHz, 405 MHz
2026/08/12 19:48:43.318, 0 %, 0 %, 1 MiB, 24123 MiB, 22.79 W, 28, 210 MHz, 405 MHz
2026/08/12 19:48:45.318, 0 %, 0 %, 1 MiB, 24123 MiB, 22.94 W, 28, 210 MHz, 405 MHz
2026/08/12 19:48:47.319, 0 %, 0 %, 1 MiB, 24123 MiB, 22.89 W, 28, 210 MHz, 405 MHz
2026/08/12 19:48:49.319, 0 %, 0 %, 1 MiB, 24123 MiB, 22.93 W, 28, 210 MHz, 405 MHz
2026/08/12 19:48:51.321, 0 %, 0 %, 1 MiB, 24123 MiB, 22.95 W, 28, 210 MHz, 405 MHz
2026/08/12 19:48:53.321, 0 %, 0 %, 1 MiB, 24123 MiB, 22.79 W, 28, 210 MHz, 405 MHz
2026/08/12 19:48:55.321, 0 %, 0 %, 1 MiB, 24123 MiB, 22.98 W, 28, 210 MHz, 405 MHz
2026/08/12 19:48:57.322, 0 %, 0 %, 1 MiB, 24123 MiB, 23.29 W, 28, 210 MHz, 405 MHz
2026/08/12 19:48:59.322, 0 %, 0 %, 1 MiB, 24123 MiB, 22.93 W, 28, 210 MHz, 405 MHz
2026/08/12 19:49:01.323, 0 %, 0 %, 1 MiB, 24123 MiB, 23.06 W, 28, 210 MHz, 405 MHz
2026/08/12 19:49:03.323, 0 %, 0 %, 1 MiB, 24123 MiB, 23.06 W, 28, 210 MHz, 405 MHz
2026/08/12 19:49:05.324, 0 %, 0 %, 1 MiB, 24123 MiB, 22.81 W, 28, 210 MHz, 405 MHz
2026/08/12 19:49:07.324, 0 %, 0 %, 1 MiB, 24123 MiB, 22.85 W, 28, 210 MHz, 405 MHz
2026/08/12 19:49:09.325, 0 %, 0 %, 1 MiB, 24123 MiB, 22.89 W, 28, 210 MHz, 405 MHz
2026/08/12 19:49:11.325, 0 %, 0 %, 1 MiB, 24123 MiB, 22.80 W, 28, 210 MHz, 405 MHz
2026/08/12 19:49:13.326, 0 %, 0 %, 1 MiB, 24123 MiB, 22.88 W, 28, 210 MHz, 405 MHz
2026/08/12 19:49:15.326, 0 %, 0 %, 1 MiB, 24123 MiB, 23.08 W, 28, 210 MHz, 405 MHz
2026/08/12 19:49:17.327, 0 %, 0 %, 1 MiB, 24123 MiB, 22.92 W, 28, 210 MHz, 405 MHz
2026/08/12 19:49:19.327, 0 %, 0 %, 1 MiB, 24123 MiB, 22.97 W, 28, 210 MHz, 405 MHz
2026/08/12 19:49:21.328, 0 %, 0 %, 1 MiB, 24123 MiB, 22.82 W, 28, 210 MHz, 405 MHz
2026/08/12 19:49:23.328, 0 %, 0 %, 1 MiB, 24123 MiB, 23.10 W, 28, 210 MHz, 405 MHz
2026/08/12 19:49:25.329, 0 %, 0 %, 1 MiB, 24123 MiB, 22.93 W, 28, 210 MHz, 405 MHz
2026/08/12 19:49:27.329, 0 %, 0 %, 1 MiB, 24123 MiB, 22.95 W, 28, 210 MHz, 405 MHz
2026/08/12 19:49:29.330, 0 %, 0 %, 1 MiB, 24123 MiB, 23.01 W, 28, 210 MHz, 405 MHz
2026/08/12 19:49:31.330, 0 %, 0 %, 1 MiB, 24123 MiB, 22.93 W, 28, 210 MHz, 405 MHz
2026/08/12 19:49:33.331, 0 %, 0 %, 1 MiB, 24123 MiB, 22.73 W, 28, 210 MHz, 405 MHz
2026/08/12 19:49:35.331, 0 %, 0 %, 1 MiB, 24123 MiB, 22.81 W, 28, 210 MHz, 405 MHz
2026/08/12 19:49:37.332, 0 %, 0 %, 1 MiB, 24123 MiB, 22.79 W, 28, 210 MHz, 405 MHz
2026/08/12 19:49:39.332, 0 %, 0 %, 1 MiB, 24123 MiB, 22.96 W, 28, 210 MHz, 405 MHz
2026/08/12 19:49:41.332, 0 %, 0 %, 1 MiB, 24123 MiB, 22.93 W, 28, 210 MHz, 405 MHz
2026/08/12 19:49:43.333, 0 %, 0 %, 1 MiB, 24123 MiB, 23.14 W, 28, 210 MHz, 405 MHz
2026/08/12 19:49:45.333, 0 %, 0 %, 1 MiB, 24123 MiB, 23.05 W, 28, 210 MHz, 405 MHz
2026/08/12 19:49:47.334, 0 %, 0 %, 1 MiB, 24123 MiB, 23.12 W, 28, 210 MHz, 405 MHz
2026/08/12 19:49:49.334, 0 %, 0 %, 1 MiB, 24123 MiB, 23.02 W, 28, 210 MHz, 405 MHz
2026/08/12 19:49:51.335, 0 %, 0 %, 1 MiB, 24123 MiB, 23.01 W, 28, 210 MHz, 405 MHz
2026/08/12 19:49:53.335, 0 %, 0 %, 1 MiB, 24123 MiB, 23.08 W, 28, 210 MHz, 405 MHz
2026/08/12 19:49:55.336, 0 %, 0 %, 1 MiB, 24123 MiB, 22.91 W, 28, 210 MHz, 405 MHz
2026/08/12 19:49:57.336, 0 %, 0 %, 1 MiB, 24123 MiB, 22.72 W, 28, 210 MHz, 405 MHz
2026/08/12 19:49:59.337, 0 %, 0 %, 1 MiB, 24123 MiB, 22.83 W, 28, 210 MHz, 405 MHz
2026/08/12 19:50:01.337, 0 %, 0 %, 1 MiB, 24123 MiB, 22.81 W, 28, 210 MHz, 405 MHz
2026/08/12 19:50:03.338, 0 %, 0 %, 1 MiB, 24123 MiB, 22.86 W, 28, 210 MHz, 405 MHz
2026/08/12 19:50:05.338, 0 %, 0 %, 4 MiB, 24120 MiB, 24.97 W, 29, 210 MHz, 405 MHz
2026/08/12 19:50:07.339, 7 %, 0 %, 1 MiB, 24123 MiB, 110.21 W, 31, 1695 MHz, 9751 MHz
2026/08/12 19:50:09.340, 0 %, 0 %, 1 MiB, 24123 MiB, 108.19 W, 32, 390 MHz, 810 MHz
2026/08/12 19:50:11.340, 0 %, 0 %, 1 MiB, 24123 MiB, 24.83 W, 30, 210 MHz, 405 MHz
2026/08/12 19:50:13.341, 0 %, 0 %, 1 MiB, 24123 MiB, 23.10 W, 29, 210 MHz, 405 MHz
2026/08/12 19:50:15.341, 0 %, 0 %, 1 MiB, 24123 MiB, 23.25 W, 29, 210 MHz, 405 MHz
2026/08/12 19:50:17.342, 0 %, 0 %, 1 MiB, 24123 MiB, 23.18 W, 29, 210 MHz, 405 MHz
2026/08/12 19:50:19.342, 0 %, 0 %, 1 MiB, 24123 MiB, 23.04 W, 29, 210 MHz, 405 MHz
2026/08/12 19:50:21.343, 0 %, 0 %, 1 MiB, 24123 MiB, 23.09 W, 29, 210 MHz, 405 MHz
2026/08/12 19:50:23.343, 0 %, 0 %, 1 MiB, 24123 MiB, 23.19 W, 29, 210 MHz, 405 MHz
2026/08/12 19:50:25.343, 0 %, 0 %, 1 MiB, 24123 MiB, 22.92 W, 29, 210 MHz, 405 MHz
2026/08/12 19:50:27.344, 0 %, 0 %, 1 MiB, 24123 MiB, 23.06 W, 29, 210 MHz, 405 MHz
2026/08/12 19:50:29.344, 0 %, 0 %, 1 MiB, 24123 MiB, 23.08 W, 29, 210 MHz, 405 MHz
2026/08/12 19:50:31.345, 0 %, 0 %, 1 MiB, 24123 MiB, 23.05 W, 29, 210 MHz, 405 MHz
2026/08/12 19:50:33.345, 0 %, 0 %, 1 MiB, 24123 MiB, 23.25 W, 29, 210 MHz, 405 MHz
2026/08/12 19:50:35.346, 0 %, 0 %, 1 MiB, 24123 MiB, 23.10 W, 29, 210 MHz, 405 MHz
2026/08/12 19:50:37.346, 0 %, 0 %, 1 MiB, 24123 MiB, 22.96 W, 29, 210 MHz, 405 MHz
2026/08/12 19:50:39.347, 0 %, 0 %, 1 MiB, 24123 MiB, 22.97 W, 29, 210 MHz, 405 MHz
2026/08/12 19:50:41.347, 0 %, 0 %, 1 MiB, 24123 MiB, 22.89 W, 29, 210 MHz, 405 MHz
2026/08/12 19:50:43.348, 0 %, 0 %, 1 MiB, 24123 MiB, 22.65 W, 29, 210 MHz, 405 MHz
2026/08/12 19:50:45.348, 0 %, 0 %, 1 MiB, 24123 MiB, 22.76 W, 29, 210 MHz, 405 MHz
2026/08/12 19:50:47.349, 0 %, 0 %, 1 MiB, 24123 MiB, 22.84 W, 29, 210 MHz, 405 MHz
2026/08/12 19:50:49.349, 0 %, 0 %, 1 MiB, 24123 MiB, 22.75 W, 29, 210 MHz, 405 MHz
2026/08/12 19:50:51.350, 0 %, 0 %, 1 MiB, 24123 MiB, 22.65 W, 29, 210 MHz, 405 MHz
2026/08/12 19:50:53.350, 0 %, 0 %, 1 MiB, 24123 MiB, 22.96 W, 29, 210 MHz, 405 MHz
2026/08/12 19:50:55.350, 0 %, 0 %, 4 MiB, 24120 MiB, 23.99 W, 29, 210 MHz, 405 MHz
2026/08/12 19:50:57.351, 5 %, 0 %, 1332 MiB, 22793 MiB, 109.36 W, 32, 1695 MHz, 9501 MHz
2026/08/12 19:50:59.351, 4 %, 0 %, 1336 MiB, 22789 MiB, 109.60 W, 32, 1695 MHz, 9501 MHz
2026/08/12 19:51:01.352, 0 %, 0 %, 19758 MiB, 4367 MiB, 109.54 W, 32, 1695 MHz, 9501 MHz
2026/08/12 19:51:03.352, 1 %, 0 %, 19758 MiB, 4367 MiB, 109.61 W, 33, 1695 MHz, 9501 MHz
2026/08/12 19:51:05.353, 1 %, 0 %, 19758 MiB, 4367 MiB, 109.82 W, 33, 1695 MHz, 9501 MHz
2026/08/12 19:51:07.353, 0 %, 0 %, 19758 MiB, 4367 MiB, 110.06 W, 33, 1695 MHz, 9501 MHz
2026/08/12 19:51:09.354, 1 %, 0 %, 19758 MiB, 4367 MiB, 110.29 W, 34, 1695 MHz, 9501 MHz
2026/08/12 19:51:11.354, 1 %, 0 %, 19758 MiB, 4367 MiB, 110.76 W, 34, 1695 MHz, 9501 MHz
2026/08/12 19:51:13.355, 1 %, 0 %, 19758 MiB, 4367 MiB, 110.63 W, 34, 1695 MHz, 9501 MHz
2026/08/12 19:51:15.355, 1 %, 0 %, 19758 MiB, 4367 MiB, 110.53 W, 35, 1695 MHz, 9501 MHz
2026/08/12 19:51:17.356, 1 %, 0 %, 19758 MiB, 4367 MiB, 110.62 W, 35, 1695 MHz, 9501 MHz
2026/08/12 19:51:19.356, 1 %, 0 %, 19758 MiB, 4367 MiB, 110.65 W, 35, 1695 MHz, 9501 MHz
2026/08/12 19:51:21.357, 1 %, 0 %, 19758 MiB, 4367 MiB, 110.77 W, 36, 1695 MHz, 9501 MHz
2026/08/12 19:51:23.357, 1 %, 0 %, 19758 MiB, 4367 MiB, 110.86 W, 36, 1695 MHz, 9501 MHz
2026/08/12 19:51:25.358, 1 %, 0 %, 19758 MiB, 4367 MiB, 110.77 W, 36, 1695 MHz, 9501 MHz
2026/08/12 19:51:27.358, 1 %, 0 %, 19758 MiB, 4367 MiB, 111.00 W, 36, 1695 MHz, 9501 MHz
2026/08/12 19:51:29.359, 1 %, 0 %, 19758 MiB, 4367 MiB, 111.17 W, 37, 1695 MHz, 9501 MHz
2026/08/12 19:51:31.359, 1 %, 0 %, 19758 MiB, 4367 MiB, 111.23 W, 37, 1695 MHz, 9501 MHz
2026/08/12 19:51:33.360, 1 %, 0 %, 19758 MiB, 4367 MiB, 111.39 W, 37, 1695 MHz, 9501 MHz
2026/08/12 19:51:35.362, 1 %, 0 %, 19758 MiB, 4367 MiB, 111.71 W, 37, 1695 MHz, 9501 MHz
2026/08/12 19:51:37.362, 1 %, 0 %, 19758 MiB, 4367 MiB, 112.25 W, 37, 1695 MHz, 9501 MHz
2026/08/12 19:51:39.363, 1 %, 0 %, 19758 MiB, 4367 MiB, 112.27 W, 38, 1695 MHz, 9501 MHz
2026/08/12 19:51:41.363, 1 %, 0 %, 19758 MiB, 4367 MiB, 112.60 W, 38, 1695 MHz, 9501 MHz
2026/08/12 19:51:43.364, 1 %, 0 %, 19758 MiB, 4367 MiB, 112.58 W, 38, 1695 MHz, 9501 MHz
2026/08/12 19:51:45.365, 1 %, 0 %, 19758 MiB, 4367 MiB, 112.72 W, 38, 1695 MHz, 9501 MHz
2026/08/12 19:51:47.365, 1 %, 0 %, 19758 MiB, 4367 MiB, 112.94 W, 39, 1695 MHz, 9501 MHz
2026/08/12 19:51:49.366, 1 %, 0 %, 19758 MiB, 4367 MiB, 112.82 W, 39, 1695 MHz, 9501 MHz
2026/08/12 19:51:51.366, 1 %, 0 %, 19758 MiB, 4367 MiB, 112.64 W, 39, 1695 MHz, 9501 MHz
2026/08/12 19:51:53.367, 0 %, 0 %, 19758 MiB, 4367 MiB, 112.75 W, 39, 1695 MHz, 9501 MHz
2026/08/12 19:51:55.367, 1 %, 0 %, 19758 MiB, 4367 MiB, 112.64 W, 39, 1695 MHz, 9501 MHz
2026/08/12 19:51:57.368, 0 %, 0 %, 19758 MiB, 4367 MiB, 112.79 W, 39, 1695 MHz, 9501 MHz
2026/08/12 19:51:59.368, 0 %, 0 %, 19758 MiB, 4367 MiB, 112.67 W, 40, 1695 MHz, 9501 MHz
2026/08/12 19:52:01.369, 0 %, 0 %, 19758 MiB, 4367 MiB, 112.68 W, 40, 1695 MHz, 9501 MHz
2026/08/12 19:52:03.369, 0 %, 0 %, 19758 MiB, 4367 MiB, 112.82 W, 40, 1695 MHz, 9501 MHz
2026/08/12 19:52:05.370, 1 %, 0 %, 19758 MiB, 4367 MiB, 113.30 W, 40, 1695 MHz, 9501 MHz
2026/08/12 19:52:07.371, 1 %, 0 %, 19758 MiB, 4367 MiB, 113.18 W, 40, 1695 MHz, 9501 MHz
2026/08/12 19:52:09.371, 0 %, 0 %, 19758 MiB, 4367 MiB, 113.10 W, 41, 1695 MHz, 9501 MHz
2026/08/12 19:52:11.372, 0 %, 0 %, 19758 MiB, 4367 MiB, 113.20 W, 41, 1695 MHz, 9501 MHz
2026/08/12 19:52:13.372, 1 %, 0 %, 19758 MiB, 4367 MiB, 113.35 W, 41, 1695 MHz, 9501 MHz
2026/08/12 19:52:15.373, 1 %, 0 %, 19758 MiB, 4367 MiB, 113.23 W, 41, 1695 MHz, 9501 MHz
2026/08/12 19:52:17.373, 0 %, 0 %, 19758 MiB, 4367 MiB, 113.18 W, 41, 1695 MHz, 9501 MHz
2026/08/12 19:52:19.374, 0 %, 0 %, 19758 MiB, 4367 MiB, 113.09 W, 41, 1695 MHz, 9501 MHz
2026/08/12 19:52:21.374, 0 %, 0 %, 19758 MiB, 4367 MiB, 113.34 W, 42, 1695 MHz, 9501 MHz
2026/08/12 19:52:23.374, 0 %, 0 %, 19758 MiB, 4367 MiB, 113.03 W, 42, 1695 MHz, 9501 MHz
2026/08/12 19:52:25.375, 0 %, 0 %, 19758 MiB, 4367 MiB, 113.24 W, 42, 1695 MHz, 9501 MHz
2026/08/12 19:52:27.375, 0 %, 0 %, 19758 MiB, 4367 MiB, 113.31 W, 42, 1695 MHz, 9501 MHz
2026/08/12 19:52:29.376, 1 %, 0 %, 19758 MiB, 4367 MiB, 113.50 W, 42, 1695 MHz, 9501 MHz
2026/08/12 19:52:31.376, 1 %, 0 %, 19758 MiB, 4367 MiB, 113.62 W, 42, 1695 MHz, 9501 MHz
2026/08/12 19:52:33.377, 1 %, 0 %, 19758 MiB, 4367 MiB, 113.85 W, 42, 1695 MHz, 9501 MHz
2026/08/12 19:52:35.377, 1 %, 0 %, 19758 MiB, 4367 MiB, 113.87 W, 43, 1695 MHz, 9501 MHz
2026/08/12 19:52:37.378, 1 %, 0 %, 19758 MiB, 4367 MiB, 113.96 W, 43, 1695 MHz, 9501 MHz
2026/08/12 19:52:39.378, 0 %, 0 %, 19758 MiB, 4367 MiB, 114.12 W, 43, 1695 MHz, 9501 MHz
2026/08/12 19:52:41.379, 0 %, 0 %, 19758 MiB, 4367 MiB, 113.88 W, 43, 1695 MHz, 9501 MHz
2026/08/12 19:52:43.379, 1 %, 0 %, 19758 MiB, 4367 MiB, 114.04 W, 43, 1695 MHz, 9501 MHz
2026/08/12 19:52:45.380, 1 %, 0 %, 19758 MiB, 4367 MiB, 113.94 W, 43, 1695 MHz, 9501 MHz
2026/08/12 19:52:47.380, 1 %, 0 %, 19758 MiB, 4367 MiB, 114.14 W, 43, 1695 MHz, 9501 MHz
2026/08/12 19:52:49.381, 1 %, 0 %, 19758 MiB, 4367 MiB, 114.02 W, 43, 1695 MHz, 9501 MHz
2026/08/12 19:52:51.381, 1 %, 0 %, 19758 MiB, 4367 MiB, 114.04 W, 44, 1695 MHz, 9501 MHz
2026/08/12 19:52:53.382, 1 %, 0 %, 19758 MiB, 4367 MiB, 114.11 W, 44, 1695 MHz, 9501 MHz
2026/08/12 19:52:55.382, 1 %, 0 %, 19758 MiB, 4367 MiB, 114.23 W, 44, 1695 MHz, 9501 MHz
2026/08/12 19:52:57.383, 1 %, 0 %, 19758 MiB, 4367 MiB, 114.57 W, 44, 1695 MHz, 9501 MHz
2026/08/12 19:52:59.383, 1 %, 0 %, 19758 MiB, 4367 MiB, 114.31 W, 44, 1695 MHz, 9501 MHz
2026/08/12 19:53:01.384, 1 %, 0 %, 19758 MiB, 4367 MiB, 114.28 W, 44, 1695 MHz, 9501 MHz
2026/08/12 19:53:03.384, 1 %, 0 %, 19758 MiB, 4367 MiB, 114.46 W, 44, 1695 MHz, 9501 MHz
2026/08/12 19:53:05.385, 1 %, 0 %, 19758 MiB, 4367 MiB, 114.52 W, 44, 1695 MHz, 9501 MHz
2026/08/12 19:53:07.385, 1 %, 0 %, 19758 MiB, 4367 MiB, 114.51 W, 44, 1695 MHz, 9501 MHz
2026/08/12 19:53:09.385, 0 %, 0 %, 19758 MiB, 4367 MiB, 114.51 W, 45, 1695 MHz, 9501 MHz
2026/08/12 19:53:11.386, 1 %, 0 %, 19758 MiB, 4367 MiB, 114.54 W, 45, 1695 MHz, 9501 MHz
2026/08/12 19:53:13.386, 29 %, 1 %, 21502 MiB, 2623 MiB, 130.21 W, 46, 1935 MHz, 9501 MHz
2026/08/12 19:53:15.387, 100 %, 45 %, 21994 MiB, 2131 MiB, 330.81 W, 51, 1905 MHz, 9501 MHz
2026/08/12 19:53:17.387, 100 %, 47 %, 21994 MiB, 2131 MiB, 343.16 W, 53, 1920 MHz, 9501 MHz
2026/08/12 19:53:19.387, 0 %, 0 %, 22128 MiB, 1997 MiB, 176.89 W, 49, 1935 MHz, 9501 MHz
2026/08/12 19:53:21.388, 0 %, 0 %, 22132 MiB, 1993 MiB, 115.59 W, 48, 1695 MHz, 9501 MHz
2026/08/12 19:53:23.388, 94 %, 45 %, 23278 MiB, 847 MiB, 253.98 W, 53, 1755 MHz, 9501 MHz
2026/08/12 19:53:25.389, 85 %, 39 %, 23278 MiB, 847 MiB, 340.01 W, 55, 1785 MHz, 9501 MHz
2026/08/12 19:53:27.389, 100 %, 44 %, 23278 MiB, 847 MiB, 343.21 W, 56, 1770 MHz, 9501 MHz
2026/08/12 19:53:29.390, 89 %, 32 %, 23394 MiB, 731 MiB, 328.99 W, 56, 1770 MHz, 9501 MHz
2026/08/12 19:53:31.390, 100 %, 44 %, 23394 MiB, 731 MiB, 342.80 W, 57, 1815 MHz, 9501 MHz
2026/08/12 19:53:33.390, 89 %, 45 %, 23394 MiB, 731 MiB, 343.20 W, 57, 1770 MHz, 9501 MHz
2026/08/12 19:53:35.391, 100 %, 42 %, 23396 MiB, 729 MiB, 335.54 W, 58, 1845 MHz, 9501 MHz
2026/08/12 19:53:37.391, 91 %, 37 %, 23396 MiB, 729 MiB, 336.93 W, 59, 1740 MHz, 9501 MHz
2026/08/12 19:53:39.392, 92 %, 49 %, 23396 MiB, 729 MiB, 343.63 W, 59, 1770 MHz, 9501 MHz
2026/08/12 19:53:41.392, 89 %, 31 %, 23396 MiB, 729 MiB, 324.50 W, 59, 1770 MHz, 9501 MHz
2026/08/12 19:53:43.393, 89 %, 40 %, 23396 MiB, 729 MiB, 338.05 W, 60, 1755 MHz, 9501 MHz
2026/08/12 19:53:45.394, 97 %, 43 %, 23396 MiB, 729 MiB, 344.90 W, 60, 1845 MHz, 9501 MHz
2026/08/12 19:53:47.394, 100 %, 44 %, 23398 MiB, 727 MiB, 329.88 W, 61, 1875 MHz, 9501 MHz
2026/08/12 19:53:49.394, 94 %, 40 %, 23398 MiB, 727 MiB, 340.22 W, 61, 1740 MHz, 9501 MHz
2026/08/12 19:53:51.395, 88 %, 44 %, 23398 MiB, 727 MiB, 340.93 W, 61, 1740 MHz, 9501 MHz
2026/08/12 19:53:53.396, 100 %, 24 %, 23400 MiB, 725 MiB, 328.08 W, 60, 1845 MHz, 9501 MHz
2026/08/12 19:53:55.396, 86 %, 38 %, 23400 MiB, 725 MiB, 338.89 W, 62, 1785 MHz, 9501 MHz
2026/08/12 19:53:57.397, 0 %, 0 %, 23400 MiB, 725 MiB, 233.39 W, 58, 1920 MHz, 9501 MHz
2026/08/12 19:53:59.397, 0 %, 0 %, 23381 MiB, 744 MiB, 128.87 W, 56, 1695 MHz, 9501 MHz
2026/08/12 19:54:01.397, 0 %, 0 %, 1 MiB, 24123 MiB, 147.87 W, 56, 1920 MHz, 9501 MHz
2026/08/12 19:54:03.398, 0 %, 0 %, 1 MiB, 24123 MiB, 141.93 W, 55, 1695 MHz, 9751 MHz
2026/08/12 19:54:05.398, 0 %, 0 %, 1 MiB, 24123 MiB, 61.66 W, 52, 210 MHz, 810 MHz
2026/08/12 19:54:07.399, 0 %, 0 %, 1 MiB, 24123 MiB, 26.44 W, 51, 210 MHz, 405 MHz
2026/08/12 19:54:09.399, 0 %, 0 %, 1 MiB, 24123 MiB, 25.00 W, 49, 210 MHz, 405 MHz
2026/08/12 19:54:11.400, 0 %, 0 %, 1 MiB, 24123 MiB, 24.60 W, 48, 210 MHz, 405 MHz
2026/08/12 19:54:13.401, 0 %, 0 %, 1 MiB, 24123 MiB, 24.84 W, 47, 210 MHz, 405 MHz
2026/08/12 19:54:15.401, 0 %, 0 %, 1 MiB, 24123 MiB, 24.41 W, 46, 210 MHz, 405 MHz
2026/08/12 19:54:17.402, 0 %, 0 %, 1 MiB, 24123 MiB, 24.41 W, 45, 210 MHz, 405 MHz
2026/08/12 19:54:19.402, 0 %, 0 %, 1 MiB, 24123 MiB, 24.06 W, 44, 210 MHz, 405 MHz
2026/08/12 19:54:21.403, 0 %, 0 %, 1 MiB, 24123 MiB, 24.03 W, 43, 210 MHz, 405 MHz
2026/08/12 19:54:23.403, 0 %, 0 %, 1 MiB, 24123 MiB, 23.96 W, 42, 210 MHz, 405 MHz
2026/08/12 19:54:25.404, 0 %, 0 %, 1 MiB, 24123 MiB, 23.98 W, 42, 210 MHz, 405 MHz
2026/08/12 19:54:27.404, 0 %, 0 %, 1 MiB, 24123 MiB, 24.04 W, 41, 210 MHz, 405 MHz
2026/08/12 19:54:29.405, 0 %, 0 %, 1 MiB, 24123 MiB, 23.59 W, 41, 210 MHz, 405 MHz
2026/08/12 19:54:31.405, 0 %, 0 %, 1 MiB, 24123 MiB, 23.72 W, 40, 210 MHz, 405 MHz
2026/08/12 19:54:33.406, 0 %, 0 %, 1 MiB, 24123 MiB, 23.56 W, 40, 210 MHz, 405 MHz
2026/08/12 19:54:35.406, 0 %, 0 %, 1 MiB, 24123 MiB, 23.39 W, 39, 210 MHz, 405 MHz
2026/08/12 19:54:37.407, 0 %, 0 %, 1 MiB, 24123 MiB, 23.50 W, 39, 210 MHz, 405 MHz
2026/08/12 19:54:39.407, 4 %, 0 %, 1330 MiB, 22795 MiB, 104.91 W, 41, 1695 MHz, 9501 MHz
2026/08/12 19:54:41.408, 5 %, 0 %, 1334 MiB, 22791 MiB, 113.95 W, 41, 1695 MHz, 9501 MHz
2026/08/12 19:54:43.408, 0 %, 0 %, 19758 MiB, 4367 MiB, 114.12 W, 41, 1695 MHz, 9501 MHz
2026/08/12 19:54:45.409, 1 %, 0 %, 19758 MiB, 4367 MiB, 113.86 W, 42, 1695 MHz, 9501 MHz
2026/08/12 19:54:47.409, 1 %, 0 %, 19758 MiB, 4367 MiB, 113.86 W, 42, 1695 MHz, 9501 MHz
2026/08/12 19:54:49.410, 1 %, 0 %, 19758 MiB, 4367 MiB, 113.95 W, 42, 1695 MHz, 9501 MHz
2026/08/12 19:54:51.410, 1 %, 0 %, 19758 MiB, 4367 MiB, 113.85 W, 42, 1695 MHz, 9501 MHz
2026/08/12 19:54:53.411, 1 %, 0 %, 19758 MiB, 4367 MiB, 113.80 W, 42, 1695 MHz, 9501 MHz
2026/08/12 19:54:55.411, 1 %, 0 %, 19758 MiB, 4367 MiB, 114.04 W, 42, 1695 MHz, 9501 MHz
2026/08/12 19:54:57.412, 1 %, 0 %, 19758 MiB, 4367 MiB, 113.86 W, 42, 1695 MHz, 9501 MHz
2026/08/12 19:54:59.412, 1 %, 0 %, 19758 MiB, 4367 MiB, 114.19 W, 42, 1695 MHz, 9501 MHz
2026/08/12 19:55:01.413, 2 %, 0 %, 19758 MiB, 4367 MiB, 114.09 W, 42, 1695 MHz, 9501 MHz
2026/08/12 19:55:03.413, 1 %, 0 %, 19758 MiB, 4367 MiB, 114.11 W, 42, 1695 MHz, 9501 MHz
2026/08/12 19:55:05.414, 1 %, 0 %, 19758 MiB, 4367 MiB, 113.98 W, 43, 1695 MHz, 9501 MHz
2026/08/12 19:55:07.414, 1 %, 0 %, 19758 MiB, 4367 MiB, 114.44 W, 43, 1695 MHz, 9501 MHz
2026/08/12 19:55:09.415, 1 %, 0 %, 19758 MiB, 4367 MiB, 114.18 W, 43, 1695 MHz, 9501 MHz
2026/08/12 19:55:11.415, 1 %, 0 %, 19758 MiB, 4367 MiB, 114.21 W, 43, 1695 MHz, 9501 MHz
2026/08/12 19:55:13.416, 1 %, 0 %, 19758 MiB, 4367 MiB, 114.39 W, 43, 1695 MHz, 9501 MHz
2026/08/12 19:55:15.416, 1 %, 0 %, 19758 MiB, 4367 MiB, 114.41 W, 43, 1695 MHz, 9501 MHz
2026/08/12 19:55:17.417, 1 %, 0 %, 19758 MiB, 4367 MiB, 114.29 W, 43, 1695 MHz, 9501 MHz
2026/08/12 19:55:19.418, 1 %, 0 %, 19758 MiB, 4367 MiB, 114.43 W, 43, 1695 MHz, 9501 MHz
2026/08/12 19:55:21.419, 1 %, 0 %, 19758 MiB, 4367 MiB, 114.32 W, 43, 1695 MHz, 9501 MHz
2026/08/12 19:55:23.419, 1 %, 0 %, 19758 MiB, 4367 MiB, 114.60 W, 43, 1695 MHz, 9501 MHz
2026/08/12 19:55:25.420, 1 %, 0 %, 19758 MiB, 4367 MiB, 114.34 W, 43, 1695 MHz, 9501 MHz
2026/08/12 19:55:27.420, 1 %, 0 %, 19758 MiB, 4367 MiB, 114.36 W, 43, 1695 MHz, 9501 MHz
2026/08/12 19:55:29.421, 0 %, 0 %, 19758 MiB, 4367 MiB, 114.22 W, 43, 1695 MHz, 9501 MHz
2026/08/12 19:55:31.421, 0 %, 0 %, 19758 MiB, 4367 MiB, 114.07 W, 43, 1695 MHz, 9501 MHz
2026/08/12 19:55:33.422, 0 %, 0 %, 19758 MiB, 4367 MiB, 114.08 W, 43, 1695 MHz, 9501 MHz
2026/08/12 19:55:35.422, 0 %, 0 %, 19758 MiB, 4367 MiB, 114.00 W, 43, 1695 MHz, 9501 MHz
2026/08/12 19:55:37.423, 0 %, 0 %, 19758 MiB, 4367 MiB, 113.85 W, 43, 1695 MHz, 9501 MHz
2026/08/12 19:55:39.423, 1 %, 0 %, 19758 MiB, 4367 MiB, 114.07 W, 43, 1695 MHz, 9501 MHz
2026/08/12 19:55:41.424, 1 %, 0 %, 19758 MiB, 4367 MiB, 114.33 W, 43, 1695 MHz, 9501 MHz
2026/08/12 19:55:43.424, 1 %, 0 %, 19758 MiB, 4367 MiB, 114.35 W, 43, 1695 MHz, 9501 MHz
2026/08/12 19:55:45.425, 1 %, 0 %, 19758 MiB, 4367 MiB, 114.44 W, 43, 1695 MHz, 9501 MHz
2026/08/12 19:55:47.425, 1 %, 0 %, 19758 MiB, 4367 MiB, 114.30 W, 43, 1695 MHz, 9501 MHz
2026/08/12 19:55:49.426, 0 %, 0 %, 19758 MiB, 4367 MiB, 114.15 W, 43, 1695 MHz, 9501 MHz
2026/08/12 19:55:51.426, 0 %, 0 %, 19758 MiB, 4367 MiB, 114.10 W, 43, 1695 MHz, 9501 MHz
2026/08/12 19:55:53.427, 0 %, 0 %, 19758 MiB, 4367 MiB, 114.07 W, 43, 1695 MHz, 9501 MHz
2026/08/12 19:55:55.427, 0 %, 0 %, 19758 MiB, 4367 MiB, 114.07 W, 44, 1695 MHz, 9501 MHz
2026/08/12 19:55:57.427, 0 %, 0 %, 19758 MiB, 4367 MiB, 114.29 W, 43, 1695 MHz, 9501 MHz
2026/08/12 19:55:59.428, 0 %, 0 %, 19758 MiB, 4367 MiB, 114.25 W, 44, 1695 MHz, 9501 MHz
2026/08/12 19:56:01.428, 1 %, 0 %, 19758 MiB, 4367 MiB, 114.33 W, 44, 1695 MHz, 9501 MHz
2026/08/12 19:56:03.429, 1 %, 0 %, 19758 MiB, 4367 MiB, 114.19 W, 44, 1695 MHz, 9501 MHz
2026/08/12 19:56:05.429, 1 %, 0 %, 19758 MiB, 4367 MiB, 114.48 W, 44, 1695 MHz, 9501 MHz
2026/08/12 19:56:07.430, 1 %, 0 %, 19758 MiB, 4367 MiB, 114.41 W, 44, 1695 MHz, 9501 MHz
2026/08/12 19:56:09.431, 1 %, 0 %, 19758 MiB, 4367 MiB, 114.39 W, 44, 1695 MHz, 9501 MHz
2026/08/12 19:56:11.431, 1 %, 0 %, 19758 MiB, 4367 MiB, 114.53 W, 44, 1695 MHz, 9501 MHz
2026/08/12 19:56:13.432, 0 %, 0 %, 19758 MiB, 4367 MiB, 114.59 W, 44, 1695 MHz, 9501 MHz
2026/08/12 19:56:15.432, 1 %, 0 %, 19758 MiB, 4367 MiB, 114.51 W, 44, 1695 MHz, 9501 MHz
2026/08/12 19:56:17.433, 1 %, 0 %, 19758 MiB, 4367 MiB, 114.43 W, 44, 1695 MHz, 9501 MHz
2026/08/12 19:56:19.433, 1 %, 0 %, 19758 MiB, 4367 MiB, 114.60 W, 44, 1695 MHz, 9501 MHz
2026/08/12 19:56:21.434, 1 %, 0 %, 19758 MiB, 4367 MiB, 114.43 W, 44, 1695 MHz, 9501 MHz
2026/08/12 19:56:23.434, 1 %, 0 %, 19758 MiB, 4367 MiB, 114.62 W, 44, 1695 MHz, 9501 MHz
2026/08/12 19:56:25.435, 1 %, 0 %, 19758 MiB, 4367 MiB, 114.51 W, 44, 1695 MHz, 9501 MHz
2026/08/12 19:56:27.435, 1 %, 0 %, 19758 MiB, 4367 MiB, 114.63 W, 44, 1695 MHz, 9501 MHz
2026/08/12 19:56:29.436, 1 %, 0 %, 19758 MiB, 4367 MiB, 114.59 W, 44, 1695 MHz, 9501 MHz
2026/08/12 19:56:31.437, 1 %, 0 %, 19758 MiB, 4367 MiB, 114.40 W, 44, 1695 MHz, 9501 MHz
2026/08/12 19:56:33.437, 1 %, 0 %, 19758 MiB, 4367 MiB, 114.43 W, 44, 1695 MHz, 9501 MHz
2026/08/12 19:56:35.438, 1 %, 0 %, 19758 MiB, 4367 MiB, 114.53 W, 44, 1695 MHz, 9501 MHz
2026/08/12 19:56:37.438, 92 %, 3 %, 19788 MiB, 4337 MiB, 115.27 W, 44, 1935 MHz, 9501 MHz
2026/08/12 19:56:39.439, 100 %, 38 %, 21994 MiB, 2131 MiB, 275.82 W, 49, 1905 MHz, 9501 MHz
2026/08/12 19:56:41.439, 100 %, 43 %, 21994 MiB, 2131 MiB, 343.11 W, 52, 1890 MHz, 9501 MHz
2026/08/12 19:56:43.440, 0 %, 0 %, 21994 MiB, 2131 MiB, 303.83 W, 49, 1935 MHz, 9501 MHz
2026/08/12 19:56:45.440, 0 %, 0 %, 22130 MiB, 1995 MiB, 129.14 W, 47, 1695 MHz, 9501 MHz
2026/08/12 19:56:47.441, 0 %, 0 %, 22134 MiB, 1991 MiB, 116.16 W, 47, 1695 MHz, 9501 MHz
2026/08/12 19:56:49.442, 97 %, 44 %, 23278 MiB, 847 MiB, 333.15 W, 53, 1770 MHz, 9501 MHz
2026/08/12 19:56:51.442, 90 %, 39 %, 23278 MiB, 847 MiB, 339.32 W, 54, 1755 MHz, 9501 MHz
2026/08/12 19:56:53.443, 62 %, 37 %, 23278 MiB, 847 MiB, 333.42 W, 55, 1725 MHz, 9501 MHz
2026/08/12 19:56:55.443, 86 %, 35 %, 23282 MiB, 843 MiB, 314.96 W, 56, 1905 MHz, 9501 MHz
2026/08/12 19:56:57.443, 86 %, 35 %, 23282 MiB, 843 MiB, 337.56 W, 56, 1785 MHz, 9501 MHz
2026/08/12 19:56:59.444, 99 %, 41 %, 23282 MiB, 843 MiB, 343.33 W, 57, 1725 MHz, 9501 MHz
2026/08/12 19:57:01.444, 90 %, 29 %, 23284 MiB, 841 MiB, 325.70 W, 58, 1740 MHz, 9501 MHz
2026/08/12 19:57:03.445, 90 %, 37 %, 23284 MiB, 841 MiB, 341.74 W, 58, 1755 MHz, 9501 MHz
2026/08/12 19:57:05.445, 100 %, 44 %, 23284 MiB, 841 MiB, 343.38 W, 59, 1770 MHz, 9501 MHz
2026/08/12 19:57:07.446, 83 %, 45 %, 23284 MiB, 841 MiB, 325.68 W, 59, 1755 MHz, 9501 MHz
2026/08/12 19:57:09.446, 89 %, 41 %, 23284 MiB, 841 MiB, 340.27 W, 60, 1755 MHz, 9501 MHz
2026/08/12 19:57:11.447, 80 %, 40 %, 23286 MiB, 839 MiB, 340.44 W, 60, 1755 MHz, 9501 MHz
2026/08/12 19:57:13.447, 100 %, 43 %, 23286 MiB, 839 MiB, 341.43 W, 60, 1785 MHz, 9501 MHz
2026/08/12 19:57:15.447, 95 %, 41 %, 23286 MiB, 839 MiB, 341.48 W, 61, 1725 MHz, 9501 MHz
2026/08/12 19:57:17.448, 100 %, 40 %, 23288 MiB, 837 MiB, 336.81 W, 60, 1890 MHz, 9501 MHz
2026/08/12 19:57:19.448, 88 %, 37 %, 23288 MiB, 837 MiB, 339.35 W, 61, 1755 MHz, 9501 MHz
2026/08/12 19:57:21.449, 86 %, 40 %, 23288 MiB, 837 MiB, 340.47 W, 62, 1740 MHz, 9501 MHz
2026/08/12 19:57:23.449, 94 %, 34 %, 23288 MiB, 837 MiB, 332.76 W, 61, 1875 MHz, 9501 MHz
2026/08/12 19:57:25.450, 89 %, 38 %, 23288 MiB, 837 MiB, 339.72 W, 62, 1740 MHz, 9501 MHz
2026/08/12 19:57:27.450, 100 %, 40 %, 23288 MiB, 837 MiB, 339.94 W, 62, 1800 MHz, 9501 MHz
2026/08/12 19:57:29.450, 92 %, 38 %, 23402 MiB, 723 MiB, 331.02 W, 62, 1845 MHz, 9501 MHz
2026/08/12 19:57:31.451, 81 %, 37 %, 23402 MiB, 723 MiB, 336.60 W, 62, 1725 MHz, 9501 MHz
2026/08/12 19:57:33.451, 96 %, 43 %, 23402 MiB, 723 MiB, 340.85 W, 62, 1800 MHz, 9501 MHz
2026/08/12 19:57:35.452, 100 %, 42 %, 23404 MiB, 721 MiB, 340.87 W, 62, 1770 MHz, 9501 MHz
2026/08/12 19:57:37.452, 97 %, 43 %, 23404 MiB, 721 MiB, 337.60 W, 62, 1740 MHz, 9501 MHz
2026/08/12 19:57:39.453, 85 %, 48 %, 23404 MiB, 721 MiB, 338.22 W, 63, 1740 MHz, 9501 MHz
2026/08/12 19:57:41.453, 89 %, 45 %, 23404 MiB, 721 MiB, 339.44 W, 62, 1725 MHz, 9501 MHz
2026/08/12 19:57:43.454, 84 %, 50 %, 23406 MiB, 719 MiB, 336.24 W, 62, 1740 MHz, 9501 MHz
2026/08/12 19:57:45.454, 98 %, 41 %, 23406 MiB, 719 MiB, 338.91 W, 63, 1740 MHz, 9501 MHz
2026/08/12 19:57:47.455, 87 %, 42 %, 23406 MiB, 719 MiB, 342.31 W, 63, 1725 MHz, 9501 MHz
2026/08/12 19:57:49.455, 100 %, 42 %, 23408 MiB, 717 MiB, 336.21 W, 63, 1785 MHz, 9501 MHz
2026/08/12 19:57:51.456, 88 %, 36 %, 23408 MiB, 717 MiB, 338.28 W, 63, 1740 MHz, 9501 MHz
2026/08/12 19:57:53.456, 93 %, 40 %, 23408 MiB, 717 MiB, 340.17 W, 63, 1785 MHz, 9501 MHz
2026/08/12 19:57:55.457, 89 %, 37 %, 23410 MiB, 715 MiB, 328.97 W, 63, 1740 MHz, 9501 MHz
2026/08/12 19:57:57.457, 89 %, 36 %, 23410 MiB, 715 MiB, 340.24 W, 63, 1725 MHz, 9501 MHz
2026/08/12 19:57:59.458, 85 %, 42 %, 23410 MiB, 715 MiB, 338.93 W, 63, 1740 MHz, 9501 MHz
2026/08/12 19:58:01.458, 96 %, 43 %, 23410 MiB, 715 MiB, 331.76 W, 63, 1740 MHz, 9501 MHz
2026/08/12 19:58:03.458, 100 %, 41 %, 23410 MiB, 715 MiB, 339.54 W, 63, 1800 MHz, 9501 MHz
2026/08/12 19:58:05.459, 99 %, 41 %, 23412 MiB, 713 MiB, 339.21 W, 63, 1830 MHz, 9501 MHz
2026/08/12 19:58:07.459, 88 %, 45 %, 23412 MiB, 713 MiB, 340.13 W, 64, 1740 MHz, 9501 MHz
2026/08/12 19:58:09.460, 86 %, 52 %, 23412 MiB, 713 MiB, 341.85 W, 63, 1725 MHz, 9501 MHz
2026/08/12 19:58:11.460, 83 %, 46 %, 23412 MiB, 713 MiB, 333.46 W, 64, 1740 MHz, 9501 MHz
2026/08/12 19:58:13.461, 100 %, 41 %, 23412 MiB, 713 MiB, 340.28 W, 64, 1815 MHz, 9501 MHz
2026/08/12 19:58:15.461, 88 %, 46 %, 23412 MiB, 713 MiB, 340.72 W, 63, 1755 MHz, 9501 MHz
2026/08/12 19:58:17.462, 89 %, 28 %, 23414 MiB, 711 MiB, 329.91 W, 64, 1725 MHz, 9501 MHz
2026/08/12 19:58:19.463, 85 %, 38 %, 23414 MiB, 711 MiB, 340.04 W, 63, 1725 MHz, 9501 MHz
2026/08/12 19:58:21.463, 80 %, 46 %, 23414 MiB, 711 MiB, 342.02 W, 63, 1725 MHz, 9501 MHz
2026/08/12 19:58:23.463, 100 %, 41 %, 23416 MiB, 709 MiB, 336.05 W, 63, 1890 MHz, 9501 MHz
2026/08/12 19:58:25.464, 86 %, 37 %, 23416 MiB, 709 MiB, 342.07 W, 63, 1725 MHz, 9501 MHz
2026/08/12 19:58:27.464, 100 %, 42 %, 23416 MiB, 709 MiB, 343.10 W, 63, 1785 MHz, 9501 MHz
2026/08/12 19:58:29.465, 88 %, 44 %, 23416 MiB, 709 MiB, 340.78 W, 63, 1725 MHz, 9501 MHz
2026/08/12 19:58:31.465, 81 %, 48 %, 23418 MiB, 707 MiB, 333.47 W, 63, 1725 MHz, 9501 MHz
2026/08/12 19:58:33.466, 92 %, 42 %, 23418 MiB, 707 MiB, 339.45 W, 64, 1755 MHz, 9501 MHz
2026/08/12 19:58:35.466, 87 %, 45 %, 23418 MiB, 707 MiB, 341.33 W, 64, 1725 MHz, 9501 MHz
2026/08/12 19:58:37.467, 87 %, 39 %, 23420 MiB, 705 MiB, 334.88 W, 63, 1830 MHz, 9501 MHz
2026/08/12 19:58:39.467, 80 %, 46 %, 23420 MiB, 705 MiB, 337.91 W, 64, 1740 MHz, 9501 MHz
2026/08/12 19:58:41.468, 86 %, 36 %, 23420 MiB, 705 MiB, 327.30 W, 63, 1755 MHz, 9501 MHz
2026/08/12 19:58:43.468, 100 %, 44 %, 23420 MiB, 705 MiB, 339.42 W, 64, 1845 MHz, 9501 MHz
2026/08/12 19:58:45.469, 84 %, 48 %, 23420 MiB, 705 MiB, 337.73 W, 64, 1740 MHz, 9501 MHz
2026/08/12 19:58:47.469, 78 %, 39 %, 23422 MiB, 703 MiB, 331.87 W, 63, 1740 MHz, 9501 MHz
2026/08/12 19:58:49.470, 84 %, 36 %, 23422 MiB, 703 MiB, 339.68 W, 63, 1725 MHz, 9501 MHz
2026/08/12 19:58:51.470, 89 %, 50 %, 23422 MiB, 703 MiB, 339.96 W, 63, 1755 MHz, 9501 MHz
2026/08/12 19:58:53.471, 97 %, 41 %, 23422 MiB, 703 MiB, 340.48 W, 63, 1755 MHz, 9501 MHz
2026/08/12 19:58:55.471, 89 %, 51 %, 23424 MiB, 701 MiB, 333.60 W, 63, 1755 MHz, 9501 MHz
2026/08/12 19:58:57.471, 100 %, 41 %, 23424 MiB, 701 MiB, 338.43 W, 63, 1800 MHz, 9501 MHz
2026/08/12 19:58:59.473, 79 %, 41 %, 23424 MiB, 701 MiB, 342.09 W, 64, 1725 MHz, 9501 MHz
2026/08/12 19:59:01.474, 85 %, 42 %, 23426 MiB, 699 MiB, 335.10 W, 63, 1740 MHz, 9501 MHz
2026/08/12 19:59:03.474, 98 %, 42 %, 23426 MiB, 699 MiB, 338.97 W, 63, 1755 MHz, 9501 MHz
2026/08/12 19:59:05.475, 96 %, 42 %, 23426 MiB, 699 MiB, 341.82 W, 64, 1725 MHz, 9501 MHz
2026/08/12 19:59:07.475, 94 %, 41 %, 23426 MiB, 699 MiB, 334.24 W, 63, 1755 MHz, 9501 MHz
2026/08/12 19:59:09.475, 86 %, 38 %, 23426 MiB, 699 MiB, 340.91 W, 63, 1830 MHz, 9501 MHz
2026/08/12 19:59:11.476, 100 %, 43 %, 23426 MiB, 699 MiB, 342.58 W, 63, 1740 MHz, 9501 MHz
2026/08/12 19:59:13.476, 90 %, 26 %, 23428 MiB, 697 MiB, 322.54 W, 63, 1875 MHz, 9501 MHz
2026/08/12 19:59:15.477, 98 %, 40 %, 23428 MiB, 697 MiB, 339.80 W, 63, 1740 MHz, 9501 MHz
2026/08/12 19:59:17.477, 96 %, 42 %, 23428 MiB, 697 MiB, 341.59 W, 64, 1725 MHz, 9501 MHz
2026/08/12 19:59:19.478, 87 %, 33 %, 23430 MiB, 695 MiB, 329.64 W, 64, 1740 MHz, 9501 MHz
2026/08/12 19:59:21.478, 100 %, 42 %, 23430 MiB, 695 MiB, 340.88 W, 63, 1725 MHz, 9501 MHz
2026/08/12 19:59:23.478, 97 %, 43 %, 23430 MiB, 695 MiB, 341.82 W, 64, 1725 MHz, 9501 MHz
2026/08/12 19:59:25.479, 100 %, 43 %, 23432 MiB, 693 MiB, 337.17 W, 64, 1725 MHz, 9501 MHz
2026/08/12 19:59:27.479, 100 %, 41 %, 23432 MiB, 693 MiB, 341.01 W, 64, 1740 MHz, 9501 MHz
2026/08/12 19:59:29.480, 100 %, 43 %, 23432 MiB, 693 MiB, 340.53 W, 64, 1710 MHz, 9501 MHz
2026/08/12 19:59:31.480, 100 %, 43 %, 23434 MiB, 691 MiB, 340.81 W, 64, 1740 MHz, 9501 MHz
2026/08/12 19:59:33.480, 82 %, 44 %, 23434 MiB, 691 MiB, 334.90 W, 64, 1830 MHz, 9501 MHz
2026/08/12 19:59:35.481, 98 %, 42 %, 23434 MiB, 691 MiB, 340.56 W, 63, 1755 MHz, 9501 MHz
2026/08/12 19:59:37.482, 83 %, 41 %, 23434 MiB, 691 MiB, 339.54 W, 63, 1815 MHz, 9501 MHz
2026/08/12 19:59:39.482, 100 %, 40 %, 23436 MiB, 689 MiB, 332.53 W, 63, 1755 MHz, 9501 MHz
2026/08/12 19:59:41.482, 93 %, 45 %, 23436 MiB, 689 MiB, 341.47 W, 63, 1755 MHz, 9501 MHz
2026/08/12 19:59:43.483, 90 %, 51 %, 23436 MiB, 689 MiB, 341.56 W, 63, 1785 MHz, 9501 MHz
2026/08/12 19:59:45.483, 92 %, 44 %, 23436 MiB, 689 MiB, 333.69 W, 63, 1755 MHz, 9501 MHz
2026/08/12 19:59:47.484, 96 %, 43 %, 23436 MiB, 689 MiB, 339.37 W, 64, 1725 MHz, 9501 MHz
2026/08/12 19:59:49.484, 94 %, 46 %, 23436 MiB, 689 MiB, 343.38 W, 63, 1740 MHz, 9501 MHz
2026/08/12 19:59:51.485, 88 %, 44 %, 23438 MiB, 687 MiB, 335.58 W, 64, 1740 MHz, 9501 MHz
2026/08/12 19:59:53.485, 100 %, 42 %, 23438 MiB, 687 MiB, 340.08 W, 63, 1740 MHz, 9501 MHz
2026/08/12 19:59:55.486, 83 %, 29 %, 23438 MiB, 687 MiB, 336.86 W, 63, 1890 MHz, 9501 MHz
2026/08/12 19:59:57.486, 90 %, 40 %, 23438 MiB, 687 MiB, 340.42 W, 63, 1770 MHz, 9501 MHz
2026/08/12 19:59:59.487, 89 %, 46 %, 23438 MiB, 687 MiB, 339.90 W, 64, 1785 MHz, 9501 MHz
2026/08/12 20:00:01.487, 100 %, 33 %, 23438 MiB, 687 MiB, 330.29 W, 64, 1830 MHz, 9501 MHz
2026/08/12 20:00:03.487, 100 %, 40 %, 23438 MiB, 687 MiB, 340.53 W, 63, 1740 MHz, 9501 MHz
2026/08/12 20:00:05.488, 82 %, 49 %, 23438 MiB, 687 MiB, 340.79 W, 63, 1770 MHz, 9501 MHz
2026/08/12 20:00:07.489, 100 %, 38 %, 23701 MiB, 424 MiB, 333.66 W, 63, 1755 MHz, 9501 MHz
2026/08/12 20:00:09.490, 79 %, 32 %, 23438 MiB, 687 MiB, 336.63 W, 63, 1785 MHz, 9501 MHz
2026/08/12 20:00:11.490, 100 %, 39 %, 23438 MiB, 687 MiB, 342.69 W, 64, 1740 MHz, 9501 MHz
2026/08/12 20:00:13.491, 88 %, 47 %, 23438 MiB, 687 MiB, 331.70 W, 64, 1755 MHz, 9501 MHz
2026/08/12 20:00:15.491, 88 %, 37 %, 23438 MiB, 687 MiB, 338.80 W, 63, 1830 MHz, 9501 MHz
2026/08/12 20:00:17.492, 96 %, 43 %, 23438 MiB, 687 MiB, 339.68 W, 63, 1755 MHz, 9501 MHz
2026/08/12 20:00:19.492, 83 %, 31 %, 23438 MiB, 687 MiB, 327.91 W, 63, 1755 MHz, 9501 MHz
2026/08/12 20:00:21.493, 88 %, 36 %, 23438 MiB, 687 MiB, 339.83 W, 63, 1740 MHz, 9501 MHz
2026/08/12 20:00:23.493, 93 %, 47 %, 23438 MiB, 687 MiB, 343.64 W, 63, 1770 MHz, 9501 MHz
2026/08/12 20:00:25.493, 100 %, 43 %, 23438 MiB, 687 MiB, 333.18 W, 63, 1740 MHz, 9501 MHz
2026/08/12 20:00:27.494, 97 %, 40 %, 23438 MiB, 687 MiB, 340.93 W, 63, 1800 MHz, 9501 MHz
2026/08/12 20:00:29.495, 94 %, 46 %, 23438 MiB, 687 MiB, 342.82 W, 63, 1755 MHz, 9501 MHz
2026/08/12 20:00:31.495, 97 %, 43 %, 23438 MiB, 687 MiB, 276.65 W, 63, 1740 MHz, 9501 MHz
2026/08/12 20:00:33.496, 100 %, 41 %, 23438 MiB, 687 MiB, 337.03 W, 63, 1710 MHz, 9501 MHz
2026/08/12 20:00:35.496, 88 %, 49 %, 23438 MiB, 687 MiB, 339.26 W, 63, 1800 MHz, 9501 MHz
2026/08/12 20:00:37.497, 100 %, 44 %, 23438 MiB, 687 MiB, 331.08 W, 63, 1725 MHz, 9501 MHz
2026/08/12 20:00:39.497, 100 %, 42 %, 23438 MiB, 687 MiB, 339.78 W, 63, 1740 MHz, 9501 MHz
2026/08/12 20:00:41.498, 100 %, 40 %, 23438 MiB, 687 MiB, 342.50 W, 63, 1740 MHz, 9501 MHz
2026/08/12 20:00:43.498, 100 %, 36 %, 23438 MiB, 687 MiB, 325.68 W, 63, 1830 MHz, 9501 MHz
2026/08/12 20:00:45.499, 89 %, 36 %, 23438 MiB, 687 MiB, 336.80 W, 63, 1800 MHz, 9501 MHz
2026/08/12 20:00:47.501, 100 %, 40 %, 23438 MiB, 687 MiB, 340.21 W, 63, 1740 MHz, 9501 MHz
2026/08/12 20:00:49.502, 86 %, 34 %, 23438 MiB, 687 MiB, 325.83 W, 63, 1740 MHz, 9501 MHz
2026/08/12 20:00:51.502, 88 %, 37 %, 23438 MiB, 687 MiB, 337.47 W, 63, 1755 MHz, 9501 MHz
2026/08/12 20:00:53.503, 100 %, 41 %, 23438 MiB, 687 MiB, 339.74 W, 63, 1740 MHz, 9501 MHz
2026/08/12 20:00:55.503, 82 %, 37 %, 23438 MiB, 687 MiB, 326.55 W, 62, 1830 MHz, 9501 MHz
2026/08/12 20:00:57.504, 100 %, 41 %, 23438 MiB, 687 MiB, 340.57 W, 63, 1740 MHz, 9501 MHz
2026/08/12 20:00:59.505, 97 %, 39 %, 23438 MiB, 687 MiB, 338.92 W, 62, 1830 MHz, 9501 MHz
2026/08/12 20:01:01.505, 100 %, 41 %, 23438 MiB, 687 MiB, 329.41 W, 63, 1770 MHz, 9501 MHz
2026/08/12 20:01:03.505, 98 %, 41 %, 23438 MiB, 687 MiB, 340.07 W, 63, 1800 MHz, 9501 MHz
2026/08/12 20:01:05.506, 88 %, 43 %, 23438 MiB, 687 MiB, 337.74 W, 63, 1725 MHz, 9501 MHz
2026/08/12 20:01:07.506, 88 %, 41 %, 23438 MiB, 687 MiB, 332.74 W, 63, 1725 MHz, 9501 MHz
2026/08/12 20:01:09.507, 98 %, 41 %, 23438 MiB, 687 MiB, 337.95 W, 63, 1740 MHz, 9501 MHz
2026/08/12 20:01:11.507, 100 %, 43 %, 23438 MiB, 687 MiB, 342.49 W, 63, 1725 MHz, 9501 MHz
2026/08/12 20:01:13.508, 84 %, 36 %, 23438 MiB, 687 MiB, 329.79 W, 63, 1755 MHz, 9501 MHz
2026/08/12 20:01:15.508, 94 %, 42 %, 23438 MiB, 687 MiB, 338.70 W, 62, 1830 MHz, 9501 MHz
2026/08/12 20:01:17.509, 90 %, 40 %, 23438 MiB, 687 MiB, 337.69 W, 63, 1860 MHz, 9501 MHz
2026/08/12 20:01:19.509, 100 %, 38 %, 23438 MiB, 687 MiB, 332.40 W, 62, 1860 MHz, 9501 MHz
2026/08/12 20:01:21.510, 81 %, 34 %, 23438 MiB, 687 MiB, 332.15 W, 63, 1755 MHz, 9501 MHz
2026/08/12 20:01:23.511, 85 %, 41 %, 23438 MiB, 687 MiB, 337.19 W, 63, 1755 MHz, 9501 MHz
2026/08/12 20:01:25.511, 100 %, 36 %, 23438 MiB, 687 MiB, 330.82 W, 62, 1845 MHz, 9501 MHz
2026/08/12 20:01:27.512, 77 %, 42 %, 23438 MiB, 687 MiB, 337.20 W, 63, 1725 MHz, 9501 MHz
2026/08/12 20:01:29.512, 88 %, 41 %, 23438 MiB, 687 MiB, 343.95 W, 62, 1815 MHz, 9501 MHz
2026/08/12 20:01:31.512, 83 %, 44 %, 23438 MiB, 687 MiB, 338.41 W, 63, 1710 MHz, 9501 MHz
2026/08/12 20:01:33.513, 89 %, 37 %, 23438 MiB, 687 MiB, 333.16 W, 63, 1755 MHz, 9501 MHz
2026/08/12 20:01:35.513, 93 %, 41 %, 23438 MiB, 687 MiB, 340.84 W, 63, 1800 MHz, 9501 MHz
2026/08/12 20:01:37.514, 95 %, 39 %, 23438 MiB, 687 MiB, 340.57 W, 62, 1800 MHz, 9501 MHz
2026/08/12 20:01:39.514, 100 %, 41 %, 23438 MiB, 687 MiB, 339.75 W, 63, 1755 MHz, 9501 MHz
2026/08/12 20:01:41.515, 77 %, 50 %, 23438 MiB, 687 MiB, 337.74 W, 63, 1800 MHz, 9501 MHz
2026/08/12 20:01:43.515, 100 %, 43 %, 23438 MiB, 687 MiB, 340.38 W, 63, 1800 MHz, 9501 MHz
2026/08/12 20:01:45.516, 100 %, 43 %, 23438 MiB, 687 MiB, 330.29 W, 63, 1725 MHz, 9501 MHz
2026/08/12 20:01:47.516, 100 %, 44 %, 23438 MiB, 687 MiB, 338.28 W, 63, 1740 MHz, 9501 MHz
2026/08/12 20:01:49.517, 100 %, 41 %, 23438 MiB, 687 MiB, 340.56 W, 63, 1725 MHz, 9501 MHz
2026/08/12 20:01:51.517, 99 %, 40 %, 23438 MiB, 687 MiB, 329.58 W, 63, 1740 MHz, 9501 MHz
2026/08/12 20:01:53.518, 88 %, 39 %, 23438 MiB, 687 MiB, 337.77 W, 63, 1725 MHz, 9501 MHz
2026/08/12 20:01:55.518, 94 %, 40 %, 23438 MiB, 687 MiB, 342.61 W, 62, 1785 MHz, 9501 MHz
2026/08/12 20:01:57.519, 99 %, 32 %, 23438 MiB, 687 MiB, 328.37 W, 62, 1875 MHz, 9501 MHz
2026/08/12 20:01:59.519, 98 %, 41 %, 23438 MiB, 687 MiB, 337.69 W, 63, 1740 MHz, 9501 MHz
2026/08/12 20:02:01.519, 78 %, 48 %, 23438 MiB, 687 MiB, 338.74 W, 63, 1755 MHz, 9501 MHz
2026/08/12 20:02:03.520, 87 %, 36 %, 23438 MiB, 687 MiB, 336.65 W, 63, 1725 MHz, 9501 MHz
2026/08/12 20:02:05.520, 100 %, 41 %, 23438 MiB, 687 MiB, 341.02 W, 63, 1815 MHz, 9501 MHz
2026/08/12 20:02:07.521, 89 %, 45 %, 23438 MiB, 687 MiB, 339.87 W, 63, 1725 MHz, 9501 MHz
2026/08/12 20:02:09.521, 85 %, 43 %, 23438 MiB, 687 MiB, 331.22 W, 63, 1755 MHz, 9501 MHz
2026/08/12 20:02:11.522, 81 %, 32 %, 23438 MiB, 687 MiB, 339.68 W, 63, 1740 MHz, 9501 MHz
2026/08/12 20:02:13.522, 83 %, 45 %, 23438 MiB, 687 MiB, 341.97 W, 63, 1740 MHz, 9501 MHz
2026/08/12 20:02:15.523, 100 %, 44 %, 23438 MiB, 687 MiB, 335.43 W, 63, 1860 MHz, 9501 MHz
2026/08/12 20:02:17.523, 100 %, 42 %, 23438 MiB, 687 MiB, 342.98 W, 63, 1740 MHz, 9501 MHz
2026/08/12 20:02:19.524, 84 %, 56 %, 23438 MiB, 687 MiB, 338.43 W, 63, 1725 MHz, 9501 MHz
2026/08/12 20:02:21.524, 92 %, 41 %, 23438 MiB, 687 MiB, 341.36 W, 62, 1830 MHz, 9501 MHz
2026/08/12 20:02:23.525, 96 %, 40 %, 23438 MiB, 687 MiB, 334.45 W, 63, 1815 MHz, 9501 MHz
2026/08/12 20:02:25.525, 100 %, 43 %, 23438 MiB, 687 MiB, 341.00 W, 63, 1755 MHz, 9501 MHz
2026/08/12 20:02:27.526, 84 %, 43 %, 23438 MiB, 687 MiB, 338.64 W, 63, 1710 MHz, 9501 MHz
2026/08/12 20:02:29.526, 100 %, 42 %, 23438 MiB, 687 MiB, 331.97 W, 63, 1815 MHz, 9501 MHz
2026/08/12 20:02:31.527, 100 %, 41 %, 23438 MiB, 687 MiB, 338.84 W, 63, 1800 MHz, 9501 MHz
2026/08/12 20:02:33.527, 96 %, 40 %, 23438 MiB, 687 MiB, 337.96 W, 63, 1725 MHz, 9501 MHz
2026/08/12 20:02:35.528, 100 %, 43 %, 23438 MiB, 687 MiB, 330.82 W, 62, 1830 MHz, 9501 MHz
2026/08/12 20:02:37.528, 89 %, 39 %, 23438 MiB, 687 MiB, 337.68 W, 62, 1740 MHz, 9501 MHz
2026/08/12 20:02:39.529, 63 %, 42 %, 23438 MiB, 687 MiB, 336.42 W, 63, 1710 MHz, 9501 MHz
2026/08/12 20:02:41.529, 97 %, 32 %, 23438 MiB, 687 MiB, 328.16 W, 61, 1740 MHz, 9501 MHz
2026/08/12 20:02:43.529, 90 %, 40 %, 23438 MiB, 687 MiB, 338.73 W, 63, 1740 MHz, 9501 MHz
2026/08/12 20:02:45.530, 90 %, 47 %, 23438 MiB, 687 MiB, 342.91 W, 63, 1725 MHz, 9501 MHz
2026/08/12 20:02:47.530, 92 %, 38 %, 23438 MiB, 687 MiB, 327.49 W, 63, 1785 MHz, 9501 MHz
2026/08/12 20:02:49.531, 96 %, 42 %, 23438 MiB, 687 MiB, 338.78 W, 62, 1740 MHz, 9501 MHz
2026/08/12 20:02:51.531, 92 %, 44 %, 23438 MiB, 687 MiB, 341.76 W, 62, 1755 MHz, 9501 MHz
2026/08/12 20:02:53.532, 99 %, 41 %, 23438 MiB, 687 MiB, 334.70 W, 63, 1785 MHz, 9501 MHz
2026/08/12 20:02:55.533, 92 %, 45 %, 23438 MiB, 687 MiB, 338.04 W, 62, 1755 MHz, 9501 MHz
2026/08/12 20:02:57.533, 88 %, 46 %, 23438 MiB, 687 MiB, 343.80 W, 63, 1725 MHz, 9501 MHz
2026/08/12 20:02:59.534, 95 %, 41 %, 23438 MiB, 687 MiB, 334.55 W, 63, 1725 MHz, 9501 MHz
2026/08/12 20:03:01.534, 96 %, 42 %, 23438 MiB, 687 MiB, 339.46 W, 62, 1755 MHz, 9501 MHz
2026/08/12 20:03:03.535, 89 %, 52 %, 23438 MiB, 687 MiB, 341.94 W, 63, 1755 MHz, 9501 MHz
2026/08/12 20:03:05.535, 97 %, 41 %, 23438 MiB, 687 MiB, 329.77 W, 62, 1755 MHz, 9501 MHz
2026/08/12 20:03:07.536, 91 %, 43 %, 23438 MiB, 687 MiB, 337.20 W, 62, 1755 MHz, 9501 MHz
2026/08/12 20:03:09.536, 97 %, 41 %, 23438 MiB, 687 MiB, 342.63 W, 63, 1785 MHz, 9501 MHz
2026/08/12 20:03:11.537, 92 %, 38 %, 23438 MiB, 687 MiB, 335.36 W, 63, 1815 MHz, 9501 MHz
2026/08/12 20:03:13.537, 98 %, 41 %, 23438 MiB, 687 MiB, 340.71 W, 63, 1770 MHz, 9501 MHz
2026/08/12 20:03:15.538, 90 %, 50 %, 23438 MiB, 687 MiB, 334.18 W, 63, 1740 MHz, 9501 MHz
2026/08/12 20:03:17.538, 98 %, 41 %, 23438 MiB, 687 MiB, 339.52 W, 62, 1740 MHz, 9501 MHz
2026/08/12 20:03:19.538, 97 %, 41 %, 23438 MiB, 687 MiB, 341.67 W, 63, 1755 MHz, 9501 MHz
2026/08/12 20:03:21.539, 90 %, 37 %, 23438 MiB, 687 MiB, 325.72 W, 63, 1815 MHz, 9501 MHz
2026/08/12 20:03:23.539, 97 %, 41 %, 23438 MiB, 687 MiB, 339.86 W, 63, 1815 MHz, 9501 MHz
2026/08/12 20:03:25.541, 99 %, 40 %, 23438 MiB, 687 MiB, 340.76 W, 63, 1785 MHz, 9501 MHz
2026/08/12 20:03:27.541, 91 %, 38 %, 23438 MiB, 687 MiB, 336.28 W, 63, 1785 MHz, 9501 MHz
2026/08/12 20:03:29.542, 97 %, 42 %, 23438 MiB, 687 MiB, 338.30 W, 62, 1770 MHz, 9501 MHz
2026/08/12 20:03:31.542, 90 %, 36 %, 23438 MiB, 687 MiB, 326.55 W, 63, 1830 MHz, 9501 MHz
2026/08/12 20:03:33.543, 90 %, 42 %, 23438 MiB, 687 MiB, 336.52 W, 63, 1755 MHz, 9501 MHz
2026/08/12 20:03:35.543, 89 %, 43 %, 23438 MiB, 687 MiB, 339.10 W, 63, 1725 MHz, 9501 MHz
2026/08/12 20:03:37.544, 97 %, 45 %, 23438 MiB, 687 MiB, 338.31 W, 62, 1710 MHz, 9501 MHz
2026/08/12 20:03:39.544, 98 %, 45 %, 23438 MiB, 687 MiB, 342.96 W, 62, 1740 MHz, 9501 MHz
2026/08/12 20:03:41.545, 90 %, 32 %, 23438 MiB, 687 MiB, 327.62 W, 63, 1770 MHz, 9501 MHz
2026/08/12 20:03:43.545, 89 %, 41 %, 23438 MiB, 687 MiB, 339.27 W, 63, 1755 MHz, 9501 MHz
2026/08/12 20:03:45.545, 87 %, 43 %, 23438 MiB, 687 MiB, 339.93 W, 63, 1755 MHz, 9501 MHz
2026/08/12 20:03:47.546, 100 %, 41 %, 23438 MiB, 687 MiB, 331.99 W, 63, 1725 MHz, 9501 MHz
2026/08/12 20:03:49.546, 75 %, 53 %, 23438 MiB, 687 MiB, 341.01 W, 62, 1815 MHz, 9501 MHz
2026/08/12 20:03:51.547, 96 %, 43 %, 23438 MiB, 687 MiB, 333.90 W, 62, 1740 MHz, 9501 MHz
2026/08/12 20:03:53.547, 88 %, 40 %, 23438 MiB, 687 MiB, 339.44 W, 63, 1830 MHz, 9501 MHz
2026/08/12 20:03:55.548, 80 %, 39 %, 23438 MiB, 687 MiB, 338.54 W, 63, 1845 MHz, 9501 MHz
2026/08/12 20:03:57.548, 90 %, 37 %, 23438 MiB, 687 MiB, 329.27 W, 63, 1740 MHz, 9501 MHz
2026/08/12 20:03:59.549, 84 %, 52 %, 23438 MiB, 687 MiB, 340.86 W, 62, 1785 MHz, 9501 MHz
2026/08/12 20:04:01.549, 100 %, 43 %, 23438 MiB, 687 MiB, 333.45 W, 62, 1725 MHz, 9501 MHz
2026/08/12 20:04:03.549, 89 %, 41 %, 23438 MiB, 687 MiB, 341.32 W, 63, 1740 MHz, 9501 MHz
2026/08/12 20:04:05.550, 92 %, 43 %, 23438 MiB, 687 MiB, 340.40 W, 62, 1740 MHz, 9501 MHz
2026/08/12 20:04:07.550, 91 %, 37 %, 23438 MiB, 687 MiB, 337.18 W, 62, 1740 MHz, 9501 MHz
2026/08/12 20:04:09.551, 86 %, 48 %, 23438 MiB, 687 MiB, 343.13 W, 63, 1785 MHz, 9501 MHz
2026/08/12 20:04:11.551, 87 %, 38 %, 23438 MiB, 687 MiB, 331.42 W, 62, 1725 MHz, 9501 MHz
2026/08/12 20:04:13.552, 89 %, 41 %, 23438 MiB, 687 MiB, 339.24 W, 62, 1740 MHz, 9501 MHz
2026/08/12 20:04:15.552, 86 %, 42 %, 23438 MiB, 687 MiB, 339.59 W, 63, 1815 MHz, 9501 MHz
2026/08/12 20:04:17.552, 88 %, 40 %, 23438 MiB, 687 MiB, 333.70 W, 62, 1755 MHz, 9501 MHz
2026/08/12 20:04:19.553, 88 %, 44 %, 23438 MiB, 687 MiB, 341.85 W, 62, 1725 MHz, 9501 MHz
2026/08/12 20:04:21.553, 94 %, 41 %, 23438 MiB, 687 MiB, 340.08 W, 63, 1725 MHz, 9501 MHz
2026/08/12 20:04:23.554, 87 %, 41 %, 23438 MiB, 687 MiB, 336.17 W, 63, 1800 MHz, 9501 MHz
2026/08/12 20:04:25.555, 85 %, 47 %, 23438 MiB, 687 MiB, 338.77 W, 62, 1800 MHz, 9501 MHz
2026/08/12 20:04:27.555, 90 %, 43 %, 23438 MiB, 687 MiB, 338.73 W, 62, 1770 MHz, 9501 MHz
2026/08/12 20:04:29.556, 88 %, 41 %, 23438 MiB, 687 MiB, 329.97 W, 62, 1725 MHz, 9501 MHz
2026/08/12 20:04:31.556, 88 %, 47 %, 23438 MiB, 687 MiB, 337.98 W, 63, 1800 MHz, 9501 MHz
2026/08/12 20:04:33.557, 74 %, 37 %, 23438 MiB, 687 MiB, 334.63 W, 62, 1860 MHz, 9501 MHz
2026/08/12 20:04:35.557, 88 %, 36 %, 23438 MiB, 687 MiB, 326.47 W, 62, 1740 MHz, 9501 MHz
2026/08/12 20:04:37.558, 94 %, 42 %, 23438 MiB, 687 MiB, 338.31 W, 62, 1800 MHz, 9501 MHz
2026/08/12 20:04:39.558, 100 %, 42 %, 23438 MiB, 687 MiB, 338.10 W, 62, 1755 MHz, 9501 MHz
2026/08/12 20:04:41.559, 93 %, 33 %, 23438 MiB, 687 MiB, 327.49 W, 63, 1800 MHz, 9501 MHz
2026/08/12 20:04:43.559, 93 %, 33 %, 23438 MiB, 687 MiB, 340.60 W, 62, 1800 MHz, 9501 MHz
2026/08/12 20:04:45.560, 95 %, 44 %, 23438 MiB, 687 MiB, 333.65 W, 63, 1740 MHz, 9501 MHz
2026/08/12 20:04:47.560, 95 %, 48 %, 23438 MiB, 687 MiB, 339.33 W, 62, 1755 MHz, 9501 MHz
2026/08/12 20:04:49.560, 82 %, 43 %, 23438 MiB, 687 MiB, 337.33 W, 62, 1830 MHz, 9501 MHz
2026/08/12 20:04:51.561, 88 %, 28 %, 23438 MiB, 687 MiB, 328.65 W, 62, 1740 MHz, 9501 MHz
2026/08/12 20:04:53.561, 87 %, 37 %, 23438 MiB, 687 MiB, 339.02 W, 62, 1740 MHz, 9501 MHz
2026/08/12 20:04:55.562, 97 %, 43 %, 23438 MiB, 687 MiB, 341.89 W, 62, 1740 MHz, 9501 MHz
2026/08/12 20:04:57.562, 90 %, 32 %, 23438 MiB, 687 MiB, 332.54 W, 62, 1875 MHz, 9501 MHz
2026/08/12 20:04:59.563, 91 %, 38 %, 23438 MiB, 687 MiB, 337.93 W, 62, 1815 MHz, 9501 MHz
2026/08/12 20:05:01.563, 98 %, 43 %, 23438 MiB, 687 MiB, 341.14 W, 62, 1725 MHz, 9501 MHz
2026/08/12 20:05:03.564, 90 %, 36 %, 23438 MiB, 687 MiB, 331.75 W, 62, 1800 MHz, 9501 MHz
2026/08/12 20:05:05.564, 100 %, 42 %, 23438 MiB, 687 MiB, 337.21 W, 62, 1740 MHz, 9501 MHz
2026/08/12 20:05:07.565, 86 %, 44 %, 23438 MiB, 687 MiB, 341.29 W, 62, 1815 MHz, 9501 MHz
2026/08/12 20:05:09.565, 91 %, 48 %, 23438 MiB, 687 MiB, 334.93 W, 62, 1800 MHz, 9501 MHz
2026/08/12 20:05:11.566, 91 %, 45 %, 23438 MiB, 687 MiB, 337.38 W, 62, 1800 MHz, 9501 MHz
2026/08/12 20:05:13.569, 100 %, 43 %, 23438 MiB, 687 MiB, 337.66 W, 61, 1785 MHz, 9501 MHz
2026/08/12 20:05:15.569, 88 %, 38 %, 23438 MiB, 687 MiB, 340.92 W, 62, 1725 MHz, 9501 MHz
2026/08/12 20:05:17.570, 93 %, 42 %, 23438 MiB, 687 MiB, 337.79 W, 62, 1725 MHz, 9501 MHz
2026/08/12 20:05:19.570, 99 %, 41 %, 23438 MiB, 687 MiB, 343.06 W, 62, 1725 MHz, 9501 MHz
2026/08/12 20:05:21.571, 96 %, 40 %, 23438 MiB, 687 MiB, 338.23 W, 62, 1800 MHz, 9501 MHz
2026/08/12 20:05:23.571, 97 %, 43 %, 23438 MiB, 687 MiB, 340.39 W, 62, 1725 MHz, 9501 MHz
2026/08/12 20:05:25.572, 100 %, 41 %, 23438 MiB, 687 MiB, 342.08 W, 62, 1710 MHz, 9501 MHz
2026/08/12 20:05:27.572, 88 %, 36 %, 23438 MiB, 687 MiB, 334.85 W, 62, 1800 MHz, 9501 MHz
2026/08/12 20:05:29.573, 94 %, 48 %, 23438 MiB, 687 MiB, 340.66 W, 62, 1785 MHz, 9501 MHz
2026/08/12 20:05:31.573, 84 %, 28 %, 23438 MiB, 687 MiB, 338.47 W, 62, 1725 MHz, 9501 MHz
2026/08/12 20:05:33.574, 87 %, 46 %, 23438 MiB, 687 MiB, 338.95 W, 62, 1770 MHz, 9501 MHz
2026/08/12 20:05:35.574, 94 %, 48 %, 23438 MiB, 687 MiB, 342.95 W, 62, 1785 MHz, 9501 MHz
2026/08/12 20:05:37.575, 95 %, 45 %, 23438 MiB, 687 MiB, 331.59 W, 62, 1740 MHz, 9501 MHz
2026/08/12 20:05:39.575, 89 %, 38 %, 23438 MiB, 687 MiB, 339.21 W, 62, 1755 MHz, 9501 MHz
2026/08/12 20:05:41.576, 99 %, 41 %, 23438 MiB, 687 MiB, 341.52 W, 62, 1725 MHz, 9501 MHz
2026/08/12 20:05:43.576, 100 %, 37 %, 23438 MiB, 687 MiB, 328.12 W, 61, 1845 MHz, 9501 MHz
2026/08/12 20:05:45.577, 95 %, 40 %, 23438 MiB, 687 MiB, 340.58 W, 62, 1740 MHz, 9501 MHz
2026/08/12 20:05:47.577, 97 %, 43 %, 23438 MiB, 687 MiB, 342.45 W, 62, 1770 MHz, 9501 MHz
2026/08/12 20:05:49.578, 100 %, 43 %, 23438 MiB, 687 MiB, 330.42 W, 63, 1740 MHz, 9501 MHz
2026/08/12 20:05:51.578, 88 %, 36 %, 23438 MiB, 687 MiB, 337.10 W, 63, 1710 MHz, 9501 MHz
2026/08/12 20:05:53.579, 95 %, 45 %, 23438 MiB, 687 MiB, 343.12 W, 62, 1785 MHz, 9501 MHz
2026/08/12 20:05:55.579, 87 %, 32 %, 23438 MiB, 687 MiB, 334.91 W, 63, 1740 MHz, 9501 MHz
2026/08/12 20:05:57.580, 89 %, 37 %, 23438 MiB, 687 MiB, 339.91 W, 63, 1740 MHz, 9501 MHz
2026/08/12 20:05:59.580, 80 %, 49 %, 23438 MiB, 687 MiB, 339.19 W, 63, 1755 MHz, 9501 MHz
2026/08/12 20:06:01.581, 86 %, 39 %, 23438 MiB, 687 MiB, 333.83 W, 62, 1755 MHz, 9501 MHz
2026/08/12 20:06:03.581, 86 %, 40 %, 23438 MiB, 687 MiB, 339.66 W, 62, 1725 MHz, 9501 MHz
2026/08/12 20:06:05.582, 98 %, 40 %, 23438 MiB, 687 MiB, 341.02 W, 62, 1785 MHz, 9501 MHz
2026/08/12 20:06:07.582, 99 %, 41 %, 23438 MiB, 687 MiB, 341.99 W, 62, 1800 MHz, 9501 MHz
2026/08/12 20:06:09.582, 100 %, 41 %, 23438 MiB, 687 MiB, 339.91 W, 62, 1695 MHz, 9501 MHz
2026/08/12 20:06:11.583, 100 %, 43 %, 23438 MiB, 687 MiB, 340.15 W, 63, 1740 MHz, 9501 MHz
2026/08/12 20:06:13.583, 86 %, 43 %, 23438 MiB, 687 MiB, 340.11 W, 62, 1740 MHz, 9501 MHz
2026/08/12 20:06:15.584, 87 %, 35 %, 23438 MiB, 687 MiB, 331.74 W, 63, 1740 MHz, 9501 MHz
2026/08/12 20:06:17.584, 89 %, 38 %, 23438 MiB, 687 MiB, 341.43 W, 63, 1740 MHz, 9501 MHz
2026/08/12 20:06:19.585, 94 %, 43 %, 23438 MiB, 687 MiB, 341.91 W, 62, 1815 MHz, 9501 MHz
2026/08/12 20:06:21.585, 100 %, 40 %, 23438 MiB, 687 MiB, 327.42 W, 61, 1830 MHz, 9501 MHz
2026/08/12 20:06:23.586, 88 %, 35 %, 23438 MiB, 687 MiB, 337.50 W, 62, 1740 MHz, 9501 MHz
2026/08/12 20:06:25.586, 88 %, 51 %, 23438 MiB, 687 MiB, 339.28 W, 62, 1755 MHz, 9501 MHz
2026/08/12 20:06:27.587, 87 %, 39 %, 23438 MiB, 687 MiB, 330.40 W, 63, 1740 MHz, 9501 MHz
2026/08/12 20:06:29.587, 94 %, 40 %, 23438 MiB, 687 MiB, 338.55 W, 62, 1770 MHz, 9501 MHz
2026/08/12 20:06:31.588, 100 %, 34 %, 23438 MiB, 687 MiB, 334.11 W, 61, 1875 MHz, 9501 MHz
2026/08/12 20:06:33.588, 95 %, 40 %, 23438 MiB, 687 MiB, 339.61 W, 63, 1740 MHz, 9501 MHz
2026/08/12 20:06:35.588, 93 %, 42 %, 23438 MiB, 687 MiB, 338.07 W, 62, 1755 MHz, 9501 MHz
2026/08/12 20:06:37.589, 97 %, 32 %, 23438 MiB, 687 MiB, 326.48 W, 61, 1755 MHz, 9501 MHz
2026/08/12 20:06:39.589, 89 %, 38 %, 23438 MiB, 687 MiB, 337.52 W, 63, 1740 MHz, 9501 MHz
2026/08/12 20:06:41.590, 99 %, 42 %, 23438 MiB, 687 MiB, 341.42 W, 63, 1755 MHz, 9501 MHz
2026/08/12 20:06:43.590, 100 %, 44 %, 23438 MiB, 687 MiB, 339.23 W, 63, 1770 MHz, 9501 MHz
2026/08/12 20:06:45.591, 94 %, 41 %, 23438 MiB, 687 MiB, 339.07 W, 62, 1725 MHz, 9501 MHz
2026/08/12 20:06:47.592, 87 %, 46 %, 23438 MiB, 687 MiB, 342.14 W, 63, 1740 MHz, 9501 MHz
2026/08/12 20:06:49.592, 89 %, 37 %, 23438 MiB, 687 MiB, 330.74 W, 63, 1740 MHz, 9501 MHz
2026/08/12 20:06:51.593, 86 %, 36 %, 23438 MiB, 687 MiB, 338.64 W, 63, 1740 MHz, 9501 MHz
2026/08/12 20:06:53.593, 100 %, 40 %, 23438 MiB, 687 MiB, 342.88 W, 63, 1740 MHz, 9501 MHz
2026/08/12 20:06:55.594, 90 %, 39 %, 23438 MiB, 687 MiB, 329.79 W, 63, 1740 MHz, 9501 MHz
2026/08/12 20:06:57.595, 96 %, 42 %, 23438 MiB, 687 MiB, 339.84 W, 63, 1710 MHz, 9501 MHz
2026/08/12 20:06:59.596, 91 %, 53 %, 23438 MiB, 687 MiB, 342.71 W, 63, 1740 MHz, 9501 MHz
2026/08/12 20:07:01.596, 94 %, 43 %, 23438 MiB, 687 MiB, 335.20 W, 62, 1740 MHz, 9501 MHz
2026/08/12 20:07:03.597, 90 %, 36 %, 23438 MiB, 687 MiB, 339.06 W, 63, 1740 MHz, 9501 MHz
2026/08/12 20:07:05.597, 99 %, 39 %, 23438 MiB, 687 MiB, 343.27 W, 62, 1740 MHz, 9501 MHz
2026/08/12 20:07:07.598, 88 %, 30 %, 23438 MiB, 687 MiB, 330.39 W, 63, 1755 MHz, 9501 MHz
2026/08/12 20:07:09.598, 89 %, 35 %, 23438 MiB, 687 MiB, 336.64 W, 62, 1755 MHz, 9501 MHz
2026/08/12 20:07:11.599, 88 %, 54 %, 23438 MiB, 687 MiB, 341.01 W, 62, 1740 MHz, 9501 MHz
2026/08/12 20:07:13.600, 100 %, 41 %, 23438 MiB, 687 MiB, 331.51 W, 63, 1830 MHz, 9501 MHz
2026/08/12 20:07:15.600, 89 %, 38 %, 23438 MiB, 687 MiB, 337.73 W, 62, 1725 MHz, 9501 MHz
2026/08/12 20:07:17.601, 86 %, 56 %, 23438 MiB, 687 MiB, 341.19 W, 63, 1740 MHz, 9501 MHz
2026/08/12 20:07:19.601, 92 %, 46 %, 23438 MiB, 687 MiB, 334.63 W, 63, 1740 MHz, 9501 MHz
2026/08/12 20:07:21.602, 91 %, 36 %, 23438 MiB, 687 MiB, 338.83 W, 63, 1755 MHz, 9501 MHz
2026/08/12 20:07:23.602, 90 %, 51 %, 23438 MiB, 687 MiB, 341.82 W, 62, 1740 MHz, 9501 MHz
2026/08/12 20:07:25.603, 95 %, 23 %, 23438 MiB, 687 MiB, 330.73 W, 63, 1800 MHz, 9501 MHz
2026/08/12 20:07:27.603, 93 %, 40 %, 23438 MiB, 687 MiB, 338.70 W, 62, 1770 MHz, 9501 MHz
2026/08/12 20:07:29.604, 93 %, 25 %, 23438 MiB, 687 MiB, 332.65 W, 63, 1770 MHz, 9501 MHz
2026/08/12 20:07:31.604, 92 %, 36 %, 23438 MiB, 687 MiB, 339.08 W, 63, 1785 MHz, 9501 MHz
2026/08/12 20:07:33.604, 92 %, 25 %, 23438 MiB, 687 MiB, 335.97 W, 63, 1815 MHz, 9501 MHz
2026/08/12 20:07:35.605, 92 %, 36 %, 23438 MiB, 687 MiB, 338.67 W, 63, 1800 MHz, 9501 MHz
2026/08/12 20:07:37.605, 93 %, 26 %, 23438 MiB, 687 MiB, 336.23 W, 63, 1800 MHz, 9501 MHz
2026/08/12 20:07:39.606, 93 %, 27 %, 23438 MiB, 687 MiB, 333.02 W, 62, 1800 MHz, 9501 MHz
2026/08/12 20:07:41.606, 89 %, 30 %, 23438 MiB, 687 MiB, 333.46 W, 62, 1800 MHz, 9501 MHz
2026/08/12 20:07:43.607, 94 %, 22 %, 23438 MiB, 687 MiB, 325.55 W, 62, 1830 MHz, 9501 MHz
2026/08/12 20:07:45.607, 95 %, 30 %, 23438 MiB, 687 MiB, 337.82 W, 62, 1800 MHz, 9501 MHz
2026/08/12 20:07:47.608, 90 %, 31 %, 23438 MiB, 687 MiB, 325.74 W, 63, 1830 MHz, 9501 MHz
2026/08/12 20:07:49.608, 95 %, 31 %, 23438 MiB, 687 MiB, 339.68 W, 63, 1815 MHz, 9501 MHz
2026/08/12 20:07:51.609, 90 %, 27 %, 23438 MiB, 687 MiB, 332.22 W, 63, 1770 MHz, 9501 MHz
2026/08/12 20:07:53.609, 92 %, 36 %, 23438 MiB, 687 MiB, 338.58 W, 63, 1770 MHz, 9501 MHz
2026/08/12 20:07:55.609, 95 %, 28 %, 23438 MiB, 687 MiB, 337.22 W, 63, 1800 MHz, 9501 MHz
2026/08/12 20:07:57.610, 94 %, 24 %, 23438 MiB, 687 MiB, 328.80 W, 62, 1815 MHz, 9501 MHz
2026/08/12 20:07:59.610, 93 %, 35 %, 23438 MiB, 687 MiB, 338.52 W, 63, 1815 MHz, 9501 MHz
2026/08/12 20:08:01.611, 89 %, 38 %, 23438 MiB, 687 MiB, 330.96 W, 63, 1740 MHz, 9501 MHz
2026/08/12 20:08:03.612, 100 %, 42 %, 23438 MiB, 687 MiB, 342.09 W, 63, 1740 MHz, 9501 MHz
2026/08/12 20:08:05.612, 95 %, 42 %, 23438 MiB, 687 MiB, 342.48 W, 62, 1725 MHz, 9501 MHz
2026/08/12 20:08:07.613, 100 %, 42 %, 23438 MiB, 687 MiB, 330.15 W, 62, 1740 MHz, 9501 MHz
2026/08/12 20:08:09.613, 100 %, 42 %, 23438 MiB, 687 MiB, 339.70 W, 62, 1740 MHz, 9501 MHz
2026/08/12 20:08:11.613, 90 %, 29 %, 23438 MiB, 687 MiB, 336.03 W, 61, 1770 MHz, 9501 MHz
2026/08/12 20:08:13.614, 89 %, 39 %, 23438 MiB, 687 MiB, 340.05 W, 62, 1770 MHz, 9501 MHz
2026/08/12 20:08:15.614, 97 %, 43 %, 23438 MiB, 687 MiB, 342.17 W, 62, 1725 MHz, 9501 MHz
2026/08/12 20:08:17.615, 91 %, 29 %, 23438 MiB, 687 MiB, 322.36 W, 62, 1875 MHz, 9501 MHz
2026/08/12 20:08:19.615, 91 %, 39 %, 23438 MiB, 687 MiB, 338.57 W, 62, 1755 MHz, 9501 MHz
2026/08/12 20:08:21.617, 91 %, 44 %, 23438 MiB, 687 MiB, 340.97 W, 63, 1770 MHz, 9501 MHz
2026/08/12 20:08:23.617, 91 %, 38 %, 23438 MiB, 687 MiB, 336.62 W, 63, 1740 MHz, 9501 MHz
2026/08/12 20:08:25.618, 93 %, 51 %, 23438 MiB, 687 MiB, 341.73 W, 63, 1755 MHz, 9501 MHz
2026/08/12 20:08:27.618, 87 %, 35 %, 23438 MiB, 687 MiB, 333.16 W, 62, 1740 MHz, 9501 MHz
2026/08/12 20:08:29.619, 100 %, 42 %, 23438 MiB, 687 MiB, 338.30 W, 63, 1740 MHz, 9501 MHz
2026/08/12 20:08:31.619, 87 %, 51 %, 23438 MiB, 687 MiB, 343.57 W, 62, 1770 MHz, 9501 MHz
2026/08/12 20:08:33.619, 88 %, 30 %, 23438 MiB, 687 MiB, 328.07 W, 63, 1890 MHz, 9501 MHz
2026/08/12 20:08:35.620, 89 %, 38 %, 23438 MiB, 687 MiB, 337.60 W, 63, 1830 MHz, 9501 MHz
2026/08/12 20:08:37.620, 85 %, 45 %, 23438 MiB, 687 MiB, 341.18 W, 62, 1755 MHz, 9501 MHz
2026/08/12 20:08:39.621, 88 %, 29 %, 23438 MiB, 687 MiB, 326.45 W, 63, 1890 MHz, 9501 MHz
2026/08/12 20:08:41.621, 95 %, 41 %, 23438 MiB, 687 MiB, 340.74 W, 62, 1740 MHz, 9501 MHz
2026/08/12 20:08:43.622, 87 %, 46 %, 23438 MiB, 687 MiB, 338.93 W, 63, 1800 MHz, 9501 MHz
2026/08/12 20:08:45.623, 91 %, 28 %, 23438 MiB, 687 MiB, 327.16 W, 63, 1875 MHz, 9501 MHz
2026/08/12 20:08:47.623, 90 %, 35 %, 23438 MiB, 687 MiB, 337.43 W, 63, 1755 MHz, 9501 MHz
2026/08/12 20:08:49.624, 90 %, 44 %, 23438 MiB, 687 MiB, 339.64 W, 63, 1800 MHz, 9501 MHz
2026/08/12 20:08:51.624, 90 %, 39 %, 23438 MiB, 687 MiB, 336.91 W, 62, 1740 MHz, 9501 MHz
2026/08/12 20:08:53.625, 88 %, 44 %, 23438 MiB, 687 MiB, 337.74 W, 62, 1740 MHz, 9501 MHz
2026/08/12 20:08:55.625, 90 %, 28 %, 23438 MiB, 687 MiB, 325.62 W, 63, 1770 MHz, 9501 MHz
2026/08/12 20:08:57.625, 89 %, 36 %, 23438 MiB, 687 MiB, 337.67 W, 63, 1770 MHz, 9501 MHz
2026/08/12 20:08:59.626, 100 %, 42 %, 23438 MiB, 687 MiB, 341.37 W, 63, 1740 MHz, 9501 MHz
2026/08/12 20:09:01.626, 0 %, 0 %, 23438 MiB, 687 MiB, 271.97 W, 59, 1905 MHz, 9501 MHz
2026/08/12 20:09:03.627, 100 %, 41 %, 23438 MiB, 687 MiB, 336.49 W, 62, 1740 MHz, 9501 MHz
2026/08/12 20:09:05.627, 85 %, 28 %, 23438 MiB, 687 MiB, 336.85 W, 62, 1725 MHz, 9501 MHz
2026/08/12 20:09:07.628, 91 %, 37 %, 23438 MiB, 687 MiB, 340.74 W, 62, 1725 MHz, 9501 MHz
2026/08/12 20:09:09.628, 92 %, 40 %, 23438 MiB, 687 MiB, 338.74 W, 62, 1800 MHz, 9501 MHz
2026/08/12 20:09:11.629, 100 %, 42 %, 23438 MiB, 687 MiB, 337.20 W, 62, 1740 MHz, 9501 MHz
2026/08/12 20:09:13.629, 94 %, 40 %, 23438 MiB, 687 MiB, 339.05 W, 62, 1815 MHz, 9501 MHz
2026/08/12 20:09:15.630, 81 %, 45 %, 23438 MiB, 687 MiB, 338.05 W, 62, 1755 MHz, 9501 MHz
2026/08/12 20:09:17.630, 83 %, 42 %, 23438 MiB, 687 MiB, 335.44 W, 62, 1725 MHz, 9501 MHz
2026/08/12 20:09:19.631, 100 %, 41 %, 23438 MiB, 687 MiB, 339.99 W, 62, 1725 MHz, 9501 MHz
2026/08/12 20:09:21.631, 93 %, 42 %, 23438 MiB, 687 MiB, 341.69 W, 62, 1800 MHz, 9501 MHz
2026/08/12 20:09:23.632, 100 %, 44 %, 23438 MiB, 687 MiB, 333.86 W, 63, 1740 MHz, 9501 MHz
2026/08/12 20:09:25.632, 91 %, 40 %, 23438 MiB, 687 MiB, 338.38 W, 62, 1830 MHz, 9501 MHz
2026/08/12 20:09:27.633, 100 %, 40 %, 23438 MiB, 687 MiB, 341.31 W, 63, 1725 MHz, 9501 MHz
2026/08/12 20:09:29.633, 91 %, 33 %, 23438 MiB, 687 MiB, 323.92 W, 62, 1875 MHz, 9501 MHz
2026/08/12 20:09:31.633, 100 %, 43 %, 23438 MiB, 687 MiB, 340.86 W, 63, 1755 MHz, 9501 MHz
2026/08/12 20:09:33.634, 88 %, 45 %, 23438 MiB, 687 MiB, 340.05 W, 62, 1800 MHz, 9501 MHz
2026/08/12 20:09:35.634, 89 %, 35 %, 23438 MiB, 687 MiB, 328.00 W, 63, 1740 MHz, 9501 MHz
2026/08/12 20:09:37.635, 87 %, 38 %, 23438 MiB, 687 MiB, 338.45 W, 63, 1740 MHz, 9501 MHz
2026/08/12 20:09:39.635, 94 %, 44 %, 23438 MiB, 687 MiB, 341.36 W, 62, 1785 MHz, 9501 MHz
2026/08/12 20:09:41.636, 85 %, 28 %, 23438 MiB, 687 MiB, 329.34 W, 63, 1725 MHz, 9501 MHz
2026/08/12 20:09:43.636, 87 %, 36 %, 23438 MiB, 687 MiB, 336.80 W, 62, 1770 MHz, 9501 MHz
2026/08/12 20:09:45.636, 93 %, 44 %, 23438 MiB, 687 MiB, 342.64 W, 63, 1755 MHz, 9501 MHz
2026/08/12 20:09:47.637, 0 %, 0 %, 23438 MiB, 687 MiB, 180.93 W, 59, 1905 MHz, 9501 MHz
2026/08/12 20:09:49.637, 0 %, 0 %, 23419 MiB, 706 MiB, 120.91 W, 57, 1695 MHz, 9501 MHz
2026/08/12 20:09:51.638, 0 %, 0 %, 1 MiB, 24123 MiB, 144.97 W, 56, 1920 MHz, 9501 MHz
2026/08/12 20:09:53.641, 0 %, 0 %, 1 MiB, 24123 MiB, 142.35 W, 55, 1695 MHz, 9751 MHz
2026/08/12 20:09:55.641, 0 %, 0 %, 1 MiB, 24123 MiB, 66.85 W, 52, 210 MHz, 810 MHz
2026/08/12 20:09:57.642, 0 %, 0 %, 1 MiB, 24123 MiB, 26.66 W, 51, 210 MHz, 405 MHz
2026/08/12 20:09:59.642, 0 %, 0 %, 1 MiB, 24123 MiB, 24.94 W, 50, 210 MHz, 405 MHz
2026/08/12 20:10:01.643, 0 %, 0 %, 1 MiB, 24123 MiB, 25.03 W, 48, 210 MHz, 405 MHz
2026/08/12 20:10:03.643, 0 %, 0 %, 1 MiB, 24123 MiB, 24.74 W, 47, 210 MHz, 405 MHz
2026/08/12 20:10:05.643, 0 %, 0 %, 4 MiB, 24120 MiB, 24.46 W, 46, 210 MHz, 405 MHz
2026/08/12 20:10:07.647, 0 %, 0 %, 266 MiB, 23859 MiB, 75.50 W, 47, 1695 MHz, 9501 MHz
2026/08/12 20:10:09.648, 0 %, 0 %, 1 MiB, 24123 MiB, 117.69 W, 47, 1695 MHz, 9751 MHz
2026/08/12 20:10:11.648, 0 %, 0 %, 1 MiB, 24123 MiB, 68.87 W, 44, 210 MHz, 405 MHz
2026/08/12 20:10:13.649, 0 %, 0 %, 1 MiB, 24123 MiB, 24.13 W, 43, 210 MHz, 405 MHz
2026/08/12 20:10:15.649, 0 %, 0 %, 1 MiB, 24123 MiB, 23.97 W, 43, 210 MHz, 405 MHz
2026/08/12 20:10:17.650, 0 %, 0 %, 1 MiB, 24123 MiB, 23.77 W, 42, 210 MHz, 405 MHz
2026/08/12 20:10:19.650, 0 %, 0 %, 1 MiB, 24123 MiB, 24.30 W, 41, 210 MHz, 405 MHz
2026/08/12 20:10:21.650, 0 %, 0 %, 1 MiB, 24123 MiB, 23.79 W, 41, 210 MHz, 405 MHz
2026/08/12 20:10:23.651, 0 %, 0 %, 1 MiB, 24123 MiB, 23.71 W, 40, 210 MHz, 405 MHz
2026/08/12 20:10:25.651, 0 %, 0 %, 1 MiB, 24123 MiB, 23.67 W, 40, 210 MHz, 405 MHz
2026/08/12 20:10:27.652, 0 %, 0 %, 1 MiB, 24123 MiB, 23.82 W, 39, 210 MHz, 405 MHz
2026/08/12 20:10:29.653, 0 %, 0 %, 1 MiB, 24123 MiB, 23.59 W, 39, 210 MHz, 405 MHz
2026/08/12 20:10:31.653, 0 %, 0 %, 1 MiB, 24123 MiB, 23.57 W, 39, 210 MHz, 405 MHz
2026/08/12 20:10:33.653, 0 %, 0 %, 1 MiB, 24123 MiB, 23.59 W, 38, 210 MHz, 405 MHz
2026/08/12 20:10:35.654, 0 %, 0 %, 1 MiB, 24123 MiB, 23.42 W, 38, 210 MHz, 405 MHz
2026/08/12 20:10:37.654, 0 %, 0 %, 1 MiB, 24123 MiB, 23.37 W, 38, 210 MHz, 405 MHz
2026/08/12 20:10:39.655, 0 %, 0 %, 1 MiB, 24123 MiB, 23.32 W, 37, 210 MHz, 405 MHz
2026/08/12 20:10:41.655, 0 %, 0 %, 1 MiB, 24123 MiB, 23.18 W, 37, 210 MHz, 405 MHz
2026/08/12 20:10:43.656, 0 %, 0 %, 1 MiB, 24123 MiB, 23.14 W, 37, 210 MHz, 405 MHz
2026/08/12 20:10:45.656, 0 %, 0 %, 1 MiB, 24123 MiB, 23.57 W, 36, 210 MHz, 405 MHz
2026/08/12 20:10:47.657, 0 %, 0 %, 1 MiB, 24123 MiB, 23.02 W, 36, 210 MHz, 405 MHz
2026/08/12 20:10:49.657, 0 %, 0 %, 1 MiB, 24123 MiB, 23.08 W, 36, 210 MHz, 405 MHz
2026/08/12 20:10:51.657, 0 %, 0 %, 1 MiB, 24123 MiB, 22.92 W, 36, 210 MHz, 405 MHz
2026/08/12 20:10:53.658, 0 %, 0 %, 1 MiB, 24123 MiB, 22.84 W, 36, 210 MHz, 405 MHz
2026/08/12 20:10:55.659, 0 %, 0 %, 1 MiB, 24123 MiB, 23.03 W, 35, 210 MHz, 405 MHz
2026/08/12 20:10:57.659, 0 %, 0 %, 1 MiB, 24123 MiB, 22.77 W, 35, 210 MHz, 405 MHz
2026/08/12 20:10:59.660, 0 %, 0 %, 1 MiB, 24123 MiB, 22.85 W, 35, 210 MHz, 405 MHz
2026/08/12 20:11:01.660, 0 %, 0 %, 1 MiB, 24123 MiB, 22.82 W, 35, 210 MHz, 405 MHz
2026/08/12 20:11:03.661, 0 %, 0 %, 1 MiB, 24123 MiB, 22.79 W, 35, 210 MHz, 405 MHz
2026/08/12 20:11:05.662, 0 %, 0 %, 1 MiB, 24123 MiB, 23.07 W, 35, 210 MHz, 405 MHz
2026/08/12 20:11:07.662, 0 %, 0 %, 1 MiB, 24123 MiB, 22.92 W, 34, 210 MHz, 405 MHz
2026/08/12 20:11:09.663, 3 %, 0 %, 5386 MiB, 18739 MiB, 80.34 W, 37, 1935 MHz, 9501 MHz
2026/08/12 20:11:11.664, 0 %, 0 %, 1 MiB, 24123 MiB, 134.15 W, 38, 1935 MHz, 9751 MHz
2026/08/12 20:11:13.664, 0 %, 0 %, 1 MiB, 24123 MiB, 75.02 W, 36, 225 MHz, 810 MHz
2026/08/12 20:11:15.664, 0 %, 0 %, 1 MiB, 24123 MiB, 24.06 W, 36, 210 MHz, 405 MHz
2026/08/12 20:11:17.665, 0 %, 0 %, 1 MiB, 24123 MiB, 23.03 W, 35, 210 MHz, 405 MHz
2026/08/12 20:11:19.665, 0 %, 0 %, 1 MiB, 24123 MiB, 23.23 W, 35, 210 MHz, 405 MHz
2026/08/12 20:11:21.666, 0 %, 0 %, 1 MiB, 24123 MiB, 23.05 W, 35, 210 MHz, 405 MHz
2026/08/12 20:11:23.667, 0 %, 0 %, 1 MiB, 24123 MiB, 23.05 W, 34, 210 MHz, 405 MHz
2026/08/12 20:11:25.668, 0 %, 0 %, 1 MiB, 24123 MiB, 22.90 W, 34, 210 MHz, 405 MHz
2026/08/12 20:11:27.668, 0 %, 0 %, 1 MiB, 24123 MiB, 22.96 W, 34, 210 MHz, 405 MHz
2026/08/12 20:11:29.668, 0 %, 0 %, 1 MiB, 24123 MiB, 23.10 W, 34, 210 MHz, 405 MHz
2026/08/12 20:11:31.669, 0 %, 0 %, 1 MiB, 24123 MiB, 23.02 W, 34, 210 MHz, 405 MHz
2026/08/12 20:11:33.669, 0 %, 0 %, 1 MiB, 24123 MiB, 23.09 W, 34, 210 MHz, 405 MHz
2026/08/12 20:11:35.670, 0 %, 0 %, 1 MiB, 24123 MiB, 23.21 W, 34, 210 MHz, 405 MHz
2026/08/12 20:11:37.670, 0 %, 0 %, 1 MiB, 24123 MiB, 23.14 W, 33, 210 MHz, 405 MHz
