timestamp_iso,name,cpu_pct,mem_usage,mem_pct
2026-08-17T13:55:03+02:00,vmemoryfabric-osx-dev-run-4601a24ea13a,286.74%,54.18GiB / 436.8GiB,12.40%
2026-08-17T13:55:14+02:00,vmemoryfabric-osx-dev-run-4601a24ea13a,294.94%,54.18GiB / 436.8GiB,12.40%
2026-08-17T13:55:26+02:00,vmemoryfabric-osx-dev-run-4601a24ea13a,579.29%,54.18GiB / 436.8GiB,12.40%
2026-08-17T13:55:38+02:00,vmemoryfabric-osx-dev-run-4601a24ea13a,266.15%,54.18GiB / 436.8GiB,12.40%
2026-08-17T13:55:49+02:00,vmemoryfabric-osx-dev-run-4601a24ea13a,270.41%,54.29GiB / 436.8GiB,12.43%
2026-08-17T13:56:01+02:00,vmemoryfabric-osx-dev-run-4601a24ea13a,271.50%,54.18GiB / 436.8GiB,12.40%
2026-08-17T13:56:12+02:00,vmemoryfabric-osx-dev-run-4601a24ea13a,247.16%,54.18GiB / 436.8GiB,12.40%
2026-08-17T13:56:24+02:00,vmemoryfabric-osx-dev-run-4601a24ea13a,268.07%,54.14GiB / 436.8GiB,12.39%
2026-08-17T13:56:36+02:00,vmemoryfabric-osx-dev-run-4601a24ea13a,277.31%,54.18GiB / 436.8GiB,12.40%
2026-08-17T13:56:48+02:00,vmemoryfabric-osx-dev-run-4601a24ea13a,288.89%,54.01GiB / 436.8GiB,12.37%
2026-08-17T13:56:59+02:00,vmemoryfabric-osx-dev-run-4601a24ea13a,264.43%,54.15GiB / 436.8GiB,12.40%
2026-08-17T13:57:11+02:00,vmemoryfabric-osx-dev-run-4601a24ea13a,541.56%,54.21GiB / 436.8GiB,12.41%
2026-08-17T13:57:22+02:00,vmemoryfabric-osx-dev-run-4601a24ea13a,263.19%,54.18GiB / 436.8GiB,12.40%
2026-08-17T13:57:34+02:00,vmemoryfabric-osx-dev-run-4601a24ea13a,268.10%,54.17GiB / 436.8GiB,12.40%
2026-08-17T13:57:46+02:00,vmemoryfabric-osx-dev-run-4601a24ea13a,269.09%,54.18GiB / 436.8GiB,12.40%
2026-08-17T13:57:58+02:00,vmemoryfabric-osx-dev-run-4601a24ea13a,287.28%,54.18GiB / 436.8GiB,12.40%
2026-08-17T13:58:09+02:00,vmemoryfabric-osx-dev-run-4601a24ea13a,508.80%,53.94GiB / 436.8GiB,12.35%
2026-08-17T13:58:21+02:00,vmemoryfabric-osx-dev-run-4601a24ea13a,259.56%,54.14GiB / 436.8GiB,12.40%
2026-08-17T13:58:32+02:00,vmemoryfabric-osx-dev-run-4601a24ea13a,268.23%,54.18GiB / 436.8GiB,12.40%
2026-08-17T13:58:44+02:00,vmemoryfabric-osx-dev-run-4601a24ea13a,263.75%,54.18GiB / 436.8GiB,12.40%
2026-08-17T13:58:56+02:00,vmemoryfabric-osx-dev-run-4601a24ea13a,279.58%,54.07GiB / 436.8GiB,12.38%
2026-08-17T13:59:08+02:00,vmemoryfabric-osx-dev-run-4601a24ea13a,270.33%,54.18GiB / 436.8GiB,12.40%
2026-08-17T13:59:19+02:00,vmemoryfabric-osx-dev-run-4601a24ea13a,369.61%,54.06GiB / 436.8GiB,12.38%
2026-08-17T13:59:31+02:00,vmemoryfabric-osx-dev-run-4601a24ea13a,279.37%,54.18GiB / 436.8GiB,12.40%
2026-08-17T13:59:42+02:00,vmemoryfabric-osx-dev-run-4601a24ea13a,249.17%,54.12GiB / 436.8GiB,12.39%
2026-08-17T13:59:54+02:00,vmemoryfabric-osx-dev-run-4601a24ea13a,286.97%,54.18GiB / 436.8GiB,12.40%
2026-08-17T14:00:06+02:00,vmemoryfabric-osx-dev-run-4601a24ea13a,270.75%,54.18GiB / 436.8GiB,12.40%
2026-08-17T14:00:18+02:00,vmemoryfabric-osx-dev-run-4601a24ea13a,269.74%,54.18GiB / 436.8GiB,12.40%
2026-08-17T14:00:29+02:00,vmemoryfabric-osx-dev-run-4601a24ea13a,270.43%,54.18GiB / 436.8GiB,12.40%
2026-08-17T14:00:41+02:00,vmemoryfabric-osx-dev-run-4601a24ea13a,271.47%,54.18GiB / 436.8GiB,12.40%
2026-08-17T14:00:53+02:00,vmemoryfabric-osx-dev-run-4601a24ea13a,271.42%,54.13GiB / 436.8GiB,12.39%
2026-08-17T14:01:04+02:00,vmemoryfabric-osx-dev-run-4601a24ea13a,290.42%,54.03GiB / 436.8GiB,12.37%
2026-08-17T14:01:16+02:00,vmemoryfabric-osx-dev-run-4601a24ea13a,302.73%,54.18GiB / 436.8GiB,12.40%
2026-08-17T14:01:28+02:00,vmemoryfabric-osx-dev-run-4601a24ea13a,247.94%,53.92GiB / 436.8GiB,12.35%
2026-08-17T14:01:40+02:00,vmemoryfabric-osx-dev-run-4601a24ea13a,278.24%,54.18GiB / 436.8GiB,12.40%
2026-08-17T14:01:51+02:00,vmemoryfabric-osx-dev-run-4601a24ea13a,276.25%,54.18GiB / 436.8GiB,12.40%
2026-08-17T14:02:03+02:00,vmemoryfabric-osx-dev-run-4601a24ea13a,293.50%,54.18GiB / 436.8GiB,12.40%
2026-08-17T14:02:14+02:00,vmemoryfabric-osx-dev-run-4601a24ea13a,285.92%,54.13GiB / 436.8GiB,12.39%
2026-08-17T14:02:27+02:00,vmemoryfabric-osx-dev-run-4601a24ea13a,268.82%,54.27GiB / 436.8GiB,12.43%
2026-08-17T14:02:38+02:00,vmemoryfabric-osx-dev-run-4601a24ea13a,283.31%,53.97GiB / 436.8GiB,12.36%
2026-08-17T14:02:50+02:00,vmemoryfabric-osx-dev-run-4601a24ea13a,293.23%,54.18GiB / 436.8GiB,12.40%
2026-08-17T14:03:01+02:00,vmemoryfabric-osx-dev-run-4601a24ea13a,275.67%,54.18GiB / 436.8GiB,12.41%
2026-08-17T14:03:13+02:00,vmemoryfabric-osx-dev-run-4601a24ea13a,262.30%,54.17GiB / 436.8GiB,12.40%
2026-08-17T14:03:24+02:00,vmemoryfabric-osx-dev-run-4601a24ea13a,274.96%,54.18GiB / 436.8GiB,12.40%
2026-08-17T14:03:37+02:00,vmemoryfabric-osx-dev-run-4601a24ea13a,288.55%,54.15GiB / 436.8GiB,12.40%
2026-08-17T14:03:48+02:00,vmemoryfabric-osx-dev-run-4601a24ea13a,262.76%,53.87GiB / 436.8GiB,12.33%
2026-08-17T14:04:00+02:00,vmemoryfabric-osx-dev-run-4601a24ea13a,273.86%,54.22GiB / 436.8GiB,12.41%
2026-08-17T14:04:11+02:00,vmemoryfabric-osx-dev-run-4601a24ea13a,277.41%,54.14GiB / 436.8GiB,12.40%
2026-08-17T14:04:23+02:00,vmemoryfabric-osx-dev-run-4601a24ea13a,274.26%,54.18GiB / 436.8GiB,12.40%
2026-08-17T14:04:34+02:00,vmemoryfabric-osx-dev-run-4601a24ea13a,279.01%,54.18GiB / 436.8GiB,12.40%
2026-08-17T14:04:47+02:00,vmemoryfabric-osx-dev-run-4601a24ea13a,276.28%,54.18GiB / 436.8GiB,12.40%
2026-08-17T14:04:58+02:00,vmemoryfabric-osx-dev-run-4601a24ea13a,274.14%,54.25GiB / 436.8GiB,12.42%
2026-08-17T14:05:10+02:00,vmemoryfabric-osx-dev-run-4601a24ea13a,280.28%,54.18GiB / 436.8GiB,12.40%
2026-08-17T14:05:21+02:00,vmemoryfabric-osx-dev-run-4601a24ea13a,269.24%,54.18GiB / 436.8GiB,12.40%
2026-08-17T14:05:33+02:00,vmemoryfabric-osx-dev-run-4601a24ea13a,295.50%,54.18GiB / 436.8GiB,12.40%
2026-08-17T14:05:44+02:00,vmemoryfabric-osx-dev-run-4601a24ea13a,291.06%,54.18GiB / 436.8GiB,12.40%
2026-08-17T14:05:57+02:00,vmemoryfabric-osx-dev-run-4601a24ea13a,282.95%,54.26GiB / 436.8GiB,12.42%
2026-08-17T14:06:08+02:00,vmemoryfabric-osx-dev-run-4601a24ea13a,289.46%,54GiB / 436.8GiB,12.36%
2026-08-17T14:06:20+02:00,vmemoryfabric-osx-dev-run-4601a24ea13a,268.33%,54.18GiB / 436.8GiB,12.40%
2026-08-17T14:06:31+02:00,vmemoryfabric-osx-dev-run-4601a24ea13a,288.00%,54.18GiB / 436.8GiB,12.40%
2026-08-17T14:06:43+02:00,vmemoryfabric-osx-dev-run-4601a24ea13a,308.49%,54.18GiB / 436.8GiB,12.40%
2026-08-17T14:06:55+02:00,vmemoryfabric-osx-dev-run-4601a24ea13a,278.91%,54.18GiB / 436.8GiB,12.40%
2026-08-17T14:07:07+02:00,vmemoryfabric-osx-dev-run-4601a24ea13a,278.77%,54.18GiB / 436.8GiB,12.40%
2026-08-17T14:07:18+02:00,vmemoryfabric-osx-dev-run-4601a24ea13a,257.79%,54.14GiB / 436.8GiB,12.40%
2026-08-17T14:07:30+02:00,vmemoryfabric-osx-dev-run-4601a24ea13a,273.53%,54.18GiB / 436.8GiB,12.40%
2026-08-17T14:07:41+02:00,vmemoryfabric-osx-dev-run-4601a24ea13a,262.18%,54.17GiB / 436.8GiB,12.40%
2026-08-17T14:07:53+02:00,vmemoryfabric-osx-dev-run-4601a24ea13a,264.74%,54.18GiB / 436.8GiB,12.40%
2026-08-17T14:08:04+02:00,vmemoryfabric-osx-dev-run-4601a24ea13a,283.77%,54.18GiB / 436.8GiB,12.40%
2026-08-17T14:08:17+02:00,vmemoryfabric-osx-dev-run-4601a24ea13a,266.43%,54.18GiB / 436.8GiB,12.40%
2026-08-17T14:08:28+02:00,vmemoryfabric-osx-dev-run-4601a24ea13a,432.05%,54.18GiB / 436.8GiB,12.40%
2026-08-17T14:08:40+02:00,vmemoryfabric-osx-dev-run-4601a24ea13a,278.45%,54.12GiB / 436.8GiB,12.39%
2026-08-17T14:08:52+02:00,vmemoryfabric-osx-dev-run-4601a24ea13a,268.99%,54.05GiB / 436.8GiB,12.38%
2026-08-17T14:09:03+02:00,vmemoryfabric-osx-dev-run-4601a24ea13a,283.77%,54.18GiB / 436.8GiB,12.40%
2026-08-17T14:09:15+02:00,vmemoryfabric-osx-dev-run-4601a24ea13a,266.38%,54.13GiB / 436.8GiB,12.39%
2026-08-17T14:09:27+02:00,vmemoryfabric-osx-dev-run-4601a24ea13a,267.31%,54.18GiB / 436.8GiB,12.40%
2026-08-17T14:09:38+02:00,vmemoryfabric-osx-dev-run-4601a24ea13a,269.98%,53.99GiB / 436.8GiB,12.36%
2026-08-17T14:09:50+02:00,vmemoryfabric-osx-dev-run-4601a24ea13a,265.89%,54.08GiB / 436.8GiB,12.38%
2026-08-17T14:10:02+02:00,vmemoryfabric-osx-dev-run-4601a24ea13a,283.39%,54.28GiB / 436.8GiB,12.43%
2026-08-17T14:10:13+02:00,vmemoryfabric-osx-dev-run-4601a24ea13a,276.09%,54.16GiB / 436.8GiB,12.40%
2026-08-17T14:10:25+02:00,vmemoryfabric-osx-dev-run-4601a24ea13a,240.66%,53.92GiB / 436.8GiB,12.35%
2026-08-17T14:10:37+02:00,vmemoryfabric-osx-dev-run-4601a24ea13a,272.09%,53.97GiB / 436.8GiB,12.36%
2026-08-17T14:10:48+02:00,vmemoryfabric-osx-dev-run-4601a24ea13a,253.17%,54.2GiB / 436.8GiB,12.41%
2026-08-17T14:11:00+02:00,vmemoryfabric-osx-dev-run-4601a24ea13a,103.27%,20.85GiB / 436.8GiB,4.77%
2026-08-17T14:11:32+02:00,vmemoryfabric-osx-dev-run-e37af10a082f,4.11%,312.1MiB / 436.8GiB,0.07%
2026-08-17T14:11:44+02:00,vmemoryfabric-osx-dev-run-e37af10a082f,82.89%,624.7MiB / 436.8GiB,0.14%
2026-08-17T14:11:56+02:00,vmemoryfabric-osx-dev-run-e37af10a082f,99.41%,1.084GiB / 436.8GiB,0.25%
2026-08-17T14:12:08+02:00,vmemoryfabric-osx-dev-run-e37af10a082f,100.89%,4.936GiB / 436.8GiB,1.13%
2026-08-17T14:12:19+02:00,vmemoryfabric-osx-dev-run-e37af10a082f,101.07%,4.937GiB / 436.8GiB,1.13%
2026-08-17T14:12:31+02:00,vmemoryfabric-osx-dev-run-e37af10a082f,590.39%,9.952GiB / 436.8GiB,2.28%
2026-08-17T14:12:43+02:00,vmemoryfabric-osx-dev-run-e37af10a082f,633.34%,14.4GiB / 436.8GiB,3.30%
2026-08-17T14:12:54+02:00,vmemoryfabric-osx-dev-run-e37af10a082f,515.07%,18.69GiB / 436.8GiB,4.28%
2026-08-17T14:13:07+02:00,vmemoryfabric-osx-dev-run-e37af10a082f,569.75%,23.79GiB / 436.8GiB,5.45%
2026-08-17T14:13:18+02:00,vmemoryfabric-osx-dev-run-e37af10a082f,519.01%,28.37GiB / 436.8GiB,6.50%
2026-08-17T14:13:30+02:00,vmemoryfabric-osx-dev-run-e37af10a082f,751.28%,32.92GiB / 436.8GiB,7.54%
2026-08-17T14:13:41+02:00,vmemoryfabric-osx-dev-run-e37af10a082f,630.94%,37.08GiB / 436.8GiB,8.49%
2026-08-17T14:13:53+02:00,vmemoryfabric-osx-dev-run-e37af10a082f,436.46%,41.53GiB / 436.8GiB,9.51%
2026-08-17T14:14:05+02:00,vmemoryfabric-osx-dev-run-e37af10a082f,508.33%,45.65GiB / 436.8GiB,10.45%
2026-08-17T14:14:17+02:00,vmemoryfabric-osx-dev-run-e37af10a082f,143.59%,49.79GiB / 436.8GiB,11.40%
2026-08-17T14:14:28+02:00,vmemoryfabric-osx-dev-run-e37af10a082f,100.82%,53.8GiB / 436.8GiB,12.32%
2026-08-17T14:14:40+02:00,vmemoryfabric-osx-dev-run-e37af10a082f,100.72%,53.8GiB / 436.8GiB,12.32%
2026-08-17T14:14:51+02:00,vmemoryfabric-osx-dev-run-e37af10a082f,100.99%,53.8GiB / 436.8GiB,12.32%
2026-08-17T14:15:03+02:00,vmemoryfabric-osx-dev-run-e37af10a082f,418.80%,54.05GiB / 436.8GiB,12.38%
2026-08-17T14:15:14+02:00,vmemoryfabric-osx-dev-run-e37af10a082f,424.62%,54.05GiB / 436.8GiB,12.38%
2026-08-17T14:15:27+02:00,vmemoryfabric-osx-dev-run-e37af10a082f,100.95%,53.8GiB / 436.8GiB,12.32%
2026-08-17T14:15:38+02:00,vmemoryfabric-osx-dev-run-e37af10a082f,101.12%,53.8GiB / 436.8GiB,12.32%
2026-08-17T14:15:50+02:00,vmemoryfabric-osx-dev-run-e37af10a082f,101.04%,53.8GiB / 436.8GiB,12.32%
2026-08-17T14:16:01+02:00,vmemoryfabric-osx-dev-run-e37af10a082f,100.82%,53.8GiB / 436.8GiB,12.32%
2026-08-17T14:16:13+02:00,vmemoryfabric-osx-dev-run-e37af10a082f,100.52%,53.8GiB / 436.8GiB,12.32%
2026-08-17T14:16:25+02:00,vmemoryfabric-osx-dev-run-e37af10a082f,101.02%,53.8GiB / 436.8GiB,12.32%
2026-08-17T14:16:37+02:00,vmemoryfabric-osx-dev-run-e37af10a082f,100.98%,53.8GiB / 436.8GiB,12.32%
2026-08-17T14:16:48+02:00,vmemoryfabric-osx-dev-run-e37af10a082f,100.24%,53.8GiB / 436.8GiB,12.32%
2026-08-17T14:17:00+02:00,vmemoryfabric-osx-dev-run-e37af10a082f,100.59%,53.8GiB / 436.8GiB,12.32%
2026-08-17T14:17:11+02:00,vmemoryfabric-osx-dev-run-e37af10a082f,398.77%,54.07GiB / 436.8GiB,12.38%
2026-08-17T14:17:23+02:00,vmemoryfabric-osx-dev-run-e37af10a082f,353.53%,54.03GiB / 436.8GiB,12.37%
2026-08-17T14:17:34+02:00,vmemoryfabric-osx-dev-run-e37af10a082f,439.74%,54.13GiB / 436.8GiB,12.39%
2026-08-17T14:17:47+02:00,vmemoryfabric-osx-dev-run-e37af10a082f,389.53%,54.13GiB / 436.8GiB,12.39%
2026-08-17T14:17:58+02:00,vmemoryfabric-osx-dev-run-e37af10a082f,404.01%,54.17GiB / 436.8GiB,12.40%
2026-08-17T14:18:10+02:00,vmemoryfabric-osx-dev-run-e37af10a082f,369.62%,54.13GiB / 436.8GiB,12.39%
2026-08-17T14:18:21+02:00,vmemoryfabric-osx-dev-run-e37af10a082f,100.95%,53.8GiB / 436.8GiB,12.32%
2026-08-17T14:18:33+02:00,vmemoryfabric-osx-dev-run-e37af10a082f,100.57%,53.8GiB / 436.8GiB,12.32%
2026-08-17T14:18:44+02:00,vmemoryfabric-osx-dev-run-e37af10a082f,448.87%,54.13GiB / 436.8GiB,12.39%
2026-08-17T14:18:57+02:00,vmemoryfabric-osx-dev-run-e37af10a082f,389.09%,54.13GiB / 436.8GiB,12.39%
2026-08-17T14:19:08+02:00,vmemoryfabric-osx-dev-run-e37af10a082f,397.87%,54.13GiB / 436.8GiB,12.39%
2026-08-17T14:19:20+02:00,vmemoryfabric-osx-dev-run-e37af10a082f,100.90%,53.8GiB / 436.8GiB,12.32%
2026-08-17T14:19:32+02:00,vmemoryfabric-osx-dev-run-e37af10a082f,100.70%,53.8GiB / 436.8GiB,12.32%
2026-08-17T14:19:43+02:00,vmemoryfabric-osx-dev-run-e37af10a082f,101.41%,53.8GiB / 436.8GiB,12.32%
2026-08-17T14:19:55+02:00,vmemoryfabric-osx-dev-run-e37af10a082f,100.91%,53.8GiB / 436.8GiB,12.32%
2026-08-17T14:20:07+02:00,vmemoryfabric-osx-dev-run-e37af10a082f,101.03%,53.8GiB / 436.8GiB,12.32%
2026-08-17T14:20:18+02:00,vmemoryfabric-osx-dev-run-e37af10a082f,100.93%,53.8GiB / 436.8GiB,12.32%
2026-08-17T14:20:30+02:00,vmemoryfabric-osx-dev-run-e37af10a082f,100.82%,53.8GiB / 436.8GiB,12.32%
2026-08-17T14:20:41+02:00,vmemoryfabric-osx-dev-run-e37af10a082f,100.77%,53.8GiB / 436.8GiB,12.32%
2026-08-17T14:20:53+02:00,vmemoryfabric-osx-dev-run-e37af10a082f,100.44%,53.8GiB / 436.8GiB,12.32%
2026-08-17T14:21:04+02:00,vmemoryfabric-osx-dev-run-e37af10a082f,100.96%,53.8GiB / 436.8GiB,12.32%
2026-08-17T14:21:17+02:00,vmemoryfabric-osx-dev-run-e37af10a082f,100.86%,53.8GiB / 436.8GiB,12.32%
2026-08-17T14:21:28+02:00,vmemoryfabric-osx-dev-run-e37af10a082f,100.76%,53.8GiB / 436.8GiB,12.32%
2026-08-17T14:21:40+02:00,vmemoryfabric-osx-dev-run-e37af10a082f,809.20%,54.21GiB / 436.8GiB,12.41%
2026-08-17T14:21:52+02:00,vmemoryfabric-osx-dev-run-e37af10a082f,100.70%,53.8GiB / 436.8GiB,12.32%
2026-08-17T14:22:03+02:00,vmemoryfabric-osx-dev-run-e37af10a082f,100.06%,53.8GiB / 436.8GiB,12.32%
2026-08-17T14:22:15+02:00,vmemoryfabric-osx-dev-run-e37af10a082f,100.82%,53.8GiB / 436.8GiB,12.32%
2026-08-17T14:22:27+02:00,vmemoryfabric-osx-dev-run-e37af10a082f,100.95%,53.8GiB / 436.8GiB,12.32%
2026-08-17T14:22:39+02:00,vmemoryfabric-osx-dev-run-e37af10a082f,100.68%,53.8GiB / 436.8GiB,12.32%
2026-08-17T14:22:50+02:00,vmemoryfabric-osx-dev-run-e37af10a082f,100.70%,53.8GiB / 436.8GiB,12.32%
2026-08-17T14:23:02+02:00,vmemoryfabric-osx-dev-run-e37af10a082f,101.03%,53.8GiB / 436.8GiB,12.32%
2026-08-17T14:23:13+02:00,vmemoryfabric-osx-dev-run-e37af10a082f,100.60%,53.8GiB / 436.8GiB,12.32%
2026-08-17T14:23:25+02:00,vmemoryfabric-osx-dev-run-e37af10a082f,100.93%,53.8GiB / 436.8GiB,12.32%
2026-08-17T14:23:37+02:00,vmemoryfabric-osx-dev-run-e37af10a082f,100.41%,53.8GiB / 436.8GiB,12.32%
2026-08-17T14:23:49+02:00,vmemoryfabric-osx-dev-run-e37af10a082f,100.70%,53.8GiB / 436.8GiB,12.32%
2026-08-17T14:24:00+02:00,vmemoryfabric-osx-dev-run-e37af10a082f,100.68%,53.8GiB / 436.8GiB,12.32%
2026-08-17T14:24:12+02:00,vmemoryfabric-osx-dev-run-e37af10a082f,376.72%,54.13GiB / 436.8GiB,12.39%
2026-08-17T14:24:23+02:00,vmemoryfabric-osx-dev-run-e37af10a082f,416.46%,54.13GiB / 436.8GiB,12.39%
2026-08-17T14:24:35+02:00,vmemoryfabric-osx-dev-run-e37af10a082f,367.12%,54.13GiB / 436.8GiB,12.39%
2026-08-17T14:24:47+02:00,vmemoryfabric-osx-dev-run-e37af10a082f,375.51%,54.13GiB / 436.8GiB,12.39%
2026-08-17T14:24:59+02:00,vmemoryfabric-osx-dev-run-e37af10a082f,379.84%,54.13GiB / 436.8GiB,12.39%
2026-08-17T14:25:10+02:00,vmemoryfabric-osx-dev-run-e37af10a082f,377.83%,54.13GiB / 436.8GiB,12.39%
2026-08-17T14:25:22+02:00,vmemoryfabric-osx-dev-run-e37af10a082f,384.36%,54.13GiB / 436.8GiB,12.39%
2026-08-17T14:25:33+02:00,vmemoryfabric-osx-dev-run-e37af10a082f,420.04%,54.13GiB / 436.8GiB,12.39%
2026-08-17T14:25:45+02:00,vmemoryfabric-osx-dev-run-e37af10a082f,374.31%,54.13GiB / 436.8GiB,12.39%
2026-08-17T14:25:57+02:00,vmemoryfabric-osx-dev-run-e37af10a082f,101.22%,53.8GiB / 436.8GiB,12.32%
2026-08-17T14:26:09+02:00,vmemoryfabric-osx-dev-run-e37af10a082f,100.81%,53.8GiB / 436.8GiB,12.32%
2026-08-17T14:26:20+02:00,vmemoryfabric-osx-dev-run-e37af10a082f,100.96%,53.8GiB / 436.8GiB,12.32%
2026-08-17T14:26:32+02:00,vmemoryfabric-osx-dev-run-e37af10a082f,100.97%,53.8GiB / 436.8GiB,12.32%
2026-08-17T14:26:43+02:00,vmemoryfabric-osx-dev-run-e37af10a082f,100.86%,53.8GiB / 436.8GiB,12.32%
2026-08-17T14:26:55+02:00,vmemoryfabric-osx-dev-run-e37af10a082f,101.05%,53.8GiB / 436.8GiB,12.32%
2026-08-17T14:27:07+02:00,vmemoryfabric-osx-dev-run-e37af10a082f,668.06%,53.98GiB / 436.8GiB,12.36%
2026-08-17T14:27:19+02:00,vmemoryfabric-osx-dev-run-e37af10a082f,378.69%,54.13GiB / 436.8GiB,12.39%
2026-08-17T14:27:31+02:00,vmemoryfabric-osx-dev-run-e37af10a082f,377.35%,54.19GiB / 436.8GiB,12.41%
2026-08-17T14:27:42+02:00,vmemoryfabric-osx-dev-run-e37af10a082f,401.06%,54.13GiB / 436.8GiB,12.39%
2026-08-17T14:27:54+02:00,vmemoryfabric-osx-dev-run-e37af10a082f,369.64%,54.09GiB / 436.8GiB,12.38%
2026-08-17T14:28:05+02:00,vmemoryfabric-osx-dev-run-e37af10a082f,393.88%,53.86GiB / 436.8GiB,12.33%
2026-08-17T14:28:17+02:00,vmemoryfabric-osx-dev-run-e37af10a082f,388.82%,54.13GiB / 436.8GiB,12.39%
2026-08-17T14:28:29+02:00,vmemoryfabric-osx-dev-run-e37af10a082f,366.30%,54.13GiB / 436.8GiB,12.39%
2026-08-17T14:28:40+02:00,vmemoryfabric-osx-dev-run-e37af10a082f,100.92%,53.8GiB / 436.8GiB,12.32%
2026-08-17T14:28:52+02:00,vmemoryfabric-osx-dev-run-e37af10a082f,100.87%,53.8GiB / 436.8GiB,12.32%
2026-08-17T14:29:04+02:00,vmemoryfabric-osx-dev-run-e37af10a082f,100.28%,53.8GiB / 436.8GiB,12.32%
2026-08-17T14:29:15+02:00,vmemoryfabric-osx-dev-run-e37af10a082f,101.31%,53.8GiB / 436.8GiB,12.32%
2026-08-17T14:29:27+02:00,vmemoryfabric-osx-dev-run-e37af10a082f,100.84%,53.8GiB / 436.8GiB,12.32%
2026-08-17T14:29:39+02:00,vmemoryfabric-osx-dev-run-e37af10a082f,100.48%,53.8GiB / 436.8GiB,12.32%
2026-08-17T14:29:51+02:00,vmemoryfabric-osx-dev-run-e37af10a082f,100.73%,53.8GiB / 436.8GiB,12.32%
2026-08-17T14:30:02+02:00,vmemoryfabric-osx-dev-run-e37af10a082f,100.75%,53.8GiB / 436.8GiB,12.32%
2026-08-17T14:30:14+02:00,vmemoryfabric-osx-dev-run-e37af10a082f,100.38%,53.8GiB / 436.8GiB,12.32%
2026-08-17T14:30:25+02:00,vmemoryfabric-osx-dev-run-e37af10a082f,100.89%,53.8GiB / 436.8GiB,12.32%
2026-08-17T14:30:37+02:00,vmemoryfabric-osx-dev-run-e37af10a082f,100.71%,53.8GiB / 436.8GiB,12.32%
2026-08-17T14:30:49+02:00,vmemoryfabric-osx-dev-run-e37af10a082f,100.86%,53.8GiB / 436.8GiB,12.32%
2026-08-17T14:31:01+02:00,vmemoryfabric-osx-dev-run-e37af10a082f,100.65%,53.8GiB / 436.8GiB,12.32%
2026-08-17T14:31:12+02:00,vmemoryfabric-osx-dev-run-e37af10a082f,398.40%,54.13GiB / 436.8GiB,12.39%
2026-08-17T14:31:24+02:00,vmemoryfabric-osx-dev-run-e37af10a082f,364.81%,54.04GiB / 436.8GiB,12.37%
2026-08-17T14:31:35+02:00,vmemoryfabric-osx-dev-run-e37af10a082f,366.25%,54.13GiB / 436.8GiB,12.39%
2026-08-17T14:31:47+02:00,vmemoryfabric-osx-dev-run-e37af10a082f,396.46%,54.2GiB / 436.8GiB,12.41%
2026-08-17T14:31:59+02:00,vmemoryfabric-osx-dev-run-e37af10a082f,372.58%,54.13GiB / 436.8GiB,12.39%
2026-08-17T14:32:11+02:00,vmemoryfabric-osx-dev-run-e37af10a082f,381.72%,54.03GiB / 436.8GiB,12.37%
2026-08-17T14:32:22+02:00,vmemoryfabric-osx-dev-run-e37af10a082f,101.24%,53.8GiB / 436.8GiB,12.32%
2026-08-17T14:32:34+02:00,vmemoryfabric-osx-dev-run-e37af10a082f,101.29%,53.8GiB / 436.8GiB,12.32%
2026-08-17T14:32:45+02:00,vmemoryfabric-osx-dev-run-e37af10a082f,100.97%,53.8GiB / 436.8GiB,12.32%
2026-08-17T14:32:58+02:00,vmemoryfabric-osx-dev-run-e37af10a082f,101.22%,53.8GiB / 436.8GiB,12.32%
2026-08-17T14:33:09+02:00,vmemoryfabric-osx-dev-run-e37af10a082f,100.91%,53.8GiB / 436.8GiB,12.32%
2026-08-17T14:33:21+02:00,vmemoryfabric-osx-dev-run-e37af10a082f,100.82%,53.8GiB / 436.8GiB,12.32%
2026-08-17T14:33:32+02:00,vmemoryfabric-osx-dev-run-e37af10a082f,100.57%,53.8GiB / 436.8GiB,12.32%
2026-08-17T14:33:44+02:00,vmemoryfabric-osx-dev-run-e37af10a082f,101.23%,53.8GiB / 436.8GiB,12.32%
2026-08-17T14:33:57+02:00,vmemoryfabric-osx-dev-run-e37af10a082f,417.06%,54.05GiB / 436.8GiB,12.38%
2026-08-17T14:34:09+02:00,vmemoryfabric-osx-dev-run-e37af10a082f,346.57%,53.8GiB / 436.8GiB,12.32%
2026-08-17T14:34:20+02:00,vmemoryfabric-osx-dev-run-e37af10a082f,100.77%,53.8GiB / 436.8GiB,12.32%
2026-08-17T14:34:32+02:00,vmemoryfabric-osx-dev-run-e37af10a082f,395.80%,54.13GiB / 436.8GiB,12.39%
2026-08-17T14:34:43+02:00,vmemoryfabric-osx-dev-run-e37af10a082f,402.13%,53.98GiB / 436.8GiB,12.36%
2026-08-17T14:34:55+02:00,vmemoryfabric-osx-dev-run-e37af10a082f,385.68%,54.13GiB / 436.8GiB,12.39%
2026-08-17T14:35:07+02:00,vmemoryfabric-osx-dev-run-e37af10a082f,431.15%,54.13GiB / 436.8GiB,12.39%
2026-08-17T14:35:19+02:00,vmemoryfabric-osx-dev-run-e37af10a082f,415.83%,54.13GiB / 436.8GiB,12.39%
2026-08-17T14:35:30+02:00,vmemoryfabric-osx-dev-run-e37af10a082f,100.68%,53.8GiB / 436.8GiB,12.32%
2026-08-17T14:35:42+02:00,vmemoryfabric-osx-dev-run-e37af10a082f,100.91%,53.8GiB / 436.8GiB,12.32%
2026-08-17T14:35:53+02:00,vmemoryfabric-osx-dev-run-e37af10a082f,100.32%,53.8GiB / 436.8GiB,12.32%
2026-08-17T14:36:05+02:00,vmemoryfabric-osx-dev-run-e37af10a082f,101.12%,53.8GiB / 436.8GiB,12.32%
2026-08-17T14:36:17+02:00,vmemoryfabric-osx-dev-run-e37af10a082f,390.14%,54.13GiB / 436.8GiB,12.39%
2026-08-17T14:36:29+02:00,vmemoryfabric-osx-dev-run-e37af10a082f,374.20%,54.13GiB / 436.8GiB,12.39%
2026-08-17T14:36:40+02:00,vmemoryfabric-osx-dev-run-e37af10a082f,371.95%,54.2GiB / 436.8GiB,12.41%
2026-08-17T14:36:52+02:00,vmemoryfabric-osx-dev-run-e37af10a082f,371.34%,54.13GiB / 436.8GiB,12.39%
2026-08-17T14:37:03+02:00,vmemoryfabric-osx-dev-run-e37af10a082f,382.85%,54.19GiB / 436.8GiB,12.41%
2026-08-17T14:37:15+02:00,vmemoryfabric-osx-dev-run-e37af10a082f,100.76%,53.8GiB / 436.8GiB,12.32%
2026-08-17T14:37:27+02:00,vmemoryfabric-osx-dev-run-e37af10a082f,189.24%,53.8GiB / 436.8GiB,12.32%
2026-08-17T14:37:39+02:00,vmemoryfabric-osx-dev-run-e37af10a082f,389.73%,54.2GiB / 436.8GiB,12.41%
2026-08-17T14:37:50+02:00,vmemoryfabric-osx-dev-run-e37af10a082f,403.54%,53.8GiB / 436.8GiB,12.32%
2026-08-17T14:38:02+02:00,vmemoryfabric-osx-dev-run-e37af10a082f,379.73%,54.2GiB / 436.8GiB,12.41%
2026-08-17T14:38:13+02:00,vmemoryfabric-osx-dev-run-e37af10a082f,385.54%,54.13GiB / 436.8GiB,12.39%
2026-08-17T14:38:25+02:00,vmemoryfabric-osx-dev-run-e37af10a082f,458.48%,54.13GiB / 436.8GiB,12.39%
2026-08-17T14:38:37+02:00,vmemoryfabric-osx-dev-run-e37af10a082f,771.74%,54.13GiB / 436.8GiB,12.39%
2026-08-17T14:38:49+02:00,vmemoryfabric-osx-dev-run-e37af10a082f,386.29%,54.13GiB / 436.8GiB,12.39%
2026-08-17T14:39:00+02:00,vmemoryfabric-osx-dev-run-e37af10a082f,419.91%,54.24GiB / 436.8GiB,12.42%
2026-08-17T14:39:12+02:00,vmemoryfabric-osx-dev-run-e37af10a082f,379.69%,54.13GiB / 436.8GiB,12.39%
2026-08-17T14:39:24+02:00,vmemoryfabric-osx-dev-run-e37af10a082f,395.40%,54.11GiB / 436.8GiB,12.39%
2026-08-17T14:39:35+02:00,vmemoryfabric-osx-dev-run-e37af10a082f,380.25%,54.13GiB / 436.8GiB,12.39%
2026-08-17T14:39:48+02:00,vmemoryfabric-osx-dev-run-e37af10a082f,100.85%,53.8GiB / 436.8GiB,12.32%
2026-08-17T14:39:59+02:00,vmemoryfabric-osx-dev-run-e37af10a082f,100.87%,53.8GiB / 436.8GiB,12.32%
2026-08-17T14:40:11+02:00,vmemoryfabric-osx-dev-run-e37af10a082f,100.87%,53.8GiB / 436.8GiB,12.32%
2026-08-17T14:40:23+02:00,vmemoryfabric-osx-dev-run-e37af10a082f,408.11%,54.13GiB / 436.8GiB,12.39%
2026-08-17T14:40:34+02:00,vmemoryfabric-osx-dev-run-e37af10a082f,431.81%,54.22GiB / 436.8GiB,12.41%
2026-08-17T14:40:46+02:00,vmemoryfabric-osx-dev-run-e37af10a082f,389.77%,54.13GiB / 436.8GiB,12.39%
2026-08-17T14:40:58+02:00,vmemoryfabric-osx-dev-run-e37af10a082f,378.57%,53.92GiB / 436.8GiB,12.35%
2026-08-17T14:41:09+02:00,vmemoryfabric-osx-dev-run-e37af10a082f,385.05%,54.13GiB / 436.8GiB,12.39%
2026-08-17T14:41:21+02:00,vmemoryfabric-osx-dev-run-e37af10a082f,402.61%,54.18GiB / 436.8GiB,12.40%
2026-08-17T14:41:32+02:00,vmemoryfabric-osx-dev-run-e37af10a082f,437.74%,53.96GiB / 436.8GiB,12.35%
2026-08-17T14:41:44+02:00,vmemoryfabric-osx-dev-run-e37af10a082f,100.85%,53.8GiB / 436.8GiB,12.32%
2026-08-17T14:41:56+02:00,vmemoryfabric-osx-dev-run-e37af10a082f,405.84%,54.13GiB / 436.8GiB,12.39%
2026-08-17T14:42:08+02:00,vmemoryfabric-osx-dev-run-e37af10a082f,381.37%,54.22GiB / 436.8GiB,12.41%
2026-08-17T14:42:20+02:00,vmemoryfabric-osx-dev-run-e37af10a082f,382.36%,54.1GiB / 436.8GiB,12.39%
2026-08-17T14:42:31+02:00,vmemoryfabric-osx-dev-run-e37af10a082f,384.45%,53.96GiB / 436.8GiB,12.35%
2026-08-17T14:42:43+02:00,vmemoryfabric-osx-dev-run-e37af10a082f,454.41%,54.2GiB / 436.8GiB,12.41%
2026-08-17T14:42:54+02:00,vmemoryfabric-osx-dev-run-e37af10a082f,400.48%,54.24GiB / 436.8GiB,12.42%
2026-08-17T14:43:06+02:00,vmemoryfabric-osx-dev-run-e37af10a082f,100.81%,53.8GiB / 436.8GiB,12.32%
2026-08-17T14:43:18+02:00,vmemoryfabric-osx-dev-run-e37af10a082f,100.57%,53.8GiB / 436.8GiB,12.32%
2026-08-17T14:43:30+02:00,vmemoryfabric-osx-dev-run-e37af10a082f,100.92%,53.8GiB / 436.8GiB,12.32%
2026-08-17T14:43:41+02:00,vmemoryfabric-osx-dev-run-e37af10a082f,100.99%,53.8GiB / 436.8GiB,12.32%
2026-08-17T14:43:53+02:00,vmemoryfabric-osx-dev-run-e37af10a082f,101.01%,53.8GiB / 436.8GiB,12.32%
2026-08-17T14:44:04+02:00,vmemoryfabric-osx-dev-run-e37af10a082f,100.96%,53.8GiB / 436.8GiB,12.32%
2026-08-17T14:44:16+02:00,vmemoryfabric-osx-dev-run-e37af10a082f,393.65%,54.2GiB / 436.8GiB,12.41%
2026-08-17T14:44:28+02:00,vmemoryfabric-osx-dev-run-e37af10a082f,375.11%,54.13GiB / 436.8GiB,12.39%
2026-08-17T14:44:40+02:00,vmemoryfabric-osx-dev-run-e37af10a082f,382.19%,54.13GiB / 436.8GiB,12.39%
2026-08-17T14:44:51+02:00,vmemoryfabric-osx-dev-run-e37af10a082f,388.04%,53.8GiB / 436.8GiB,12.32%
2026-08-17T14:45:03+02:00,vmemoryfabric-osx-dev-run-e37af10a082f,393.72%,54.13GiB / 436.8GiB,12.39%
2026-08-17T14:45:14+02:00,vmemoryfabric-osx-dev-run-e37af10a082f,362.85%,53.89GiB / 436.8GiB,12.34%
2026-08-17T14:45:26+02:00,vmemoryfabric-osx-dev-run-e37af10a082f,380.87%,54.17GiB / 436.8GiB,12.40%
2026-08-17T14:45:38+02:00,vmemoryfabric-osx-dev-run-e37af10a082f,384.61%,54.13GiB / 436.8GiB,12.39%
2026-08-17T14:45:50+02:00,vmemoryfabric-osx-dev-run-e37af10a082f,386.64%,54.21GiB / 436.8GiB,12.41%
2026-08-17T14:46:01+02:00,vmemoryfabric-osx-dev-run-e37af10a082f,375.97%,54.13GiB / 436.8GiB,12.39%
2026-08-17T14:46:13+02:00,vmemoryfabric-osx-dev-run-e37af10a082f,412.69%,54.13GiB / 436.8GiB,12.39%
2026-08-17T14:46:24+02:00,vmemoryfabric-osx-dev-run-e37af10a082f,392.36%,54.13GiB / 436.8GiB,12.39%
2026-08-17T14:46:36+02:00,vmemoryfabric-osx-dev-run-e37af10a082f,101.46%,53.8GiB / 436.8GiB,12.32%
2026-08-17T14:46:48+02:00,vmemoryfabric-osx-dev-run-e37af10a082f,100.82%,53.8GiB / 436.8GiB,12.32%
2026-08-17T14:47:00+02:00,vmemoryfabric-osx-dev-run-e37af10a082f,103.41%,53.7GiB / 436.8GiB,12.29%
2026-08-17T14:54:34+02:00,vmemoryfabric-osx-dev-run-f265156a71f2,65.19%,308.2MiB / 436.8GiB,0.07%
2026-08-17T14:54:56+02:00,vmemoryfabric-osx-dev-run-a9d59a3d45f4,91.77%,370.8MiB / 436.8GiB,0.08%
