timestamp_iso,name,util_gpu_pct,util_mem_pct,mem_used_mib,mem_total_mib,power_w,temp_c
2026-08-17T13:54:52.7332930+02:00,NVIDIA GeForce RTX 3090, 29, 7, 24187, 24576, 40.98, 41
2026-08-17T13:55:09.4062857+02:00,NVIDIA GeForce RTX 3090, 28, 6, 24193, 24576, 40.94, 41
2026-08-17T13:55:20.0381114+02:00,NVIDIA GeForce RTX 3090, 29, 7, 24190, 24576, 40.95, 41
2026-08-17T13:55:30.6822672+02:00,NVIDIA GeForce RTX 3090, 11, 1, 24181, 24576, 82.09, 43
2026-08-17T13:55:41.3247309+02:00,NVIDIA GeForce RTX 3090, 29, 6, 24179, 24576, 41.10, 41
2026-08-17T13:55:52.0504534+02:00,NVIDIA GeForce RTX 3090, 29, 6, 24180, 24576, 41.06, 41
2026-08-17T13:56:02.6665533+02:00,NVIDIA GeForce RTX 3090, 31, 7, 24222, 24576, 41.18, 41
2026-08-17T13:56:13.3996760+02:00,NVIDIA GeForce RTX 3090, 28, 7, 24224, 24576, 41.06, 41
2026-08-17T13:56:24.0214441+02:00,NVIDIA GeForce RTX 3090, 29, 7, 24224, 24576, 41.01, 41
2026-08-17T13:56:34.7124555+02:00,NVIDIA GeForce RTX 3090, 30, 6, 24222, 24576, 41.07, 41
2026-08-17T13:56:45.3835281+02:00,NVIDIA GeForce RTX 3090, 51, 12, 24229, 24576, 108.55, 46
2026-08-17T13:56:56.2186982+02:00,NVIDIA GeForce RTX 3090, 29, 7, 24227, 24576, 41.15, 41
2026-08-17T13:57:06.8553544+02:00,NVIDIA GeForce RTX 3090, 29, 7, 24227, 24576, 41.06, 41
2026-08-17T13:57:17.5245174+02:00,NVIDIA GeForce RTX 3090, 27, 7, 24231, 24576, 42.79, 42
2026-08-17T13:57:28.2062110+02:00,NVIDIA GeForce RTX 3090, 31, 7, 24230, 24576, 41.11, 42
2026-08-17T13:57:38.8828573+02:00,NVIDIA GeForce RTX 3090, 29, 7, 24230, 24576, 41.15, 42
2026-08-17T13:57:49.5750019+02:00,NVIDIA GeForce RTX 3090, 29, 7, 24228, 24576, 41.08, 41
2026-08-17T13:58:00.2574466+02:00,NVIDIA GeForce RTX 3090, 28, 7, 24229, 24576, 41.20, 41
2026-08-17T13:58:10.9224209+02:00,NVIDIA GeForce RTX 3090, 20, 0, 24228, 24576, 159.26, 45
2026-08-17T13:58:21.6013428+02:00,NVIDIA GeForce RTX 3090, 27, 7, 24230, 24576, 41.21, 42
2026-08-17T13:58:32.2420232+02:00,NVIDIA GeForce RTX 3090, 29, 7, 24229, 24576, 41.08, 42
2026-08-17T13:58:42.9358734+02:00,NVIDIA GeForce RTX 3090, 29, 7, 24230, 24576, 41.13, 41
2026-08-17T13:58:53.6492821+02:00,NVIDIA GeForce RTX 3090, 26, 6, 24229, 24576, 41.08, 41
2026-08-17T13:59:04.3054052+02:00,NVIDIA GeForce RTX 3090, 30, 7, 24229, 24576, 41.04, 41
2026-08-17T13:59:14.9717323+02:00,NVIDIA GeForce RTX 3090, 28, 7, 24230, 24576, 41.10, 41
2026-08-17T13:59:25.6266445+02:00,NVIDIA GeForce RTX 3090, 18, 4, 24228, 24576, 45.20, 42
2026-08-17T13:59:36.2935949+02:00,NVIDIA GeForce RTX 3090, 28, 7, 24230, 24576, 42.23, 42
2026-08-17T13:59:46.9663843+02:00,NVIDIA GeForce RTX 3090, 29, 7, 24229, 24576, 41.07, 41
2026-08-17T13:59:57.5926886+02:00,NVIDIA GeForce RTX 3090, 27, 7, 24229, 24576, 41.66, 42
2026-08-17T14:00:08.2110697+02:00,NVIDIA GeForce RTX 3090, 15, 4, 24230, 24576, 53.39, 43
2026-08-17T14:00:18.8854274+02:00,NVIDIA GeForce RTX 3090, 29, 7, 24229, 24576, 41.16, 42
2026-08-17T14:00:29.5531772+02:00,NVIDIA GeForce RTX 3090, 29, 7, 24228, 24576, 41.03, 42
2026-08-17T14:00:40.2848800+02:00,NVIDIA GeForce RTX 3090, 18, 4, 24228, 24576, 45.31, 43
2026-08-17T14:00:50.8967293+02:00,NVIDIA GeForce RTX 3090, 28, 6, 24229, 24576, 41.30, 42
2026-08-17T14:01:01.5360267+02:00,NVIDIA GeForce RTX 3090, 27, 7, 24230, 24576, 41.19, 42
2026-08-17T14:01:12.2052517+02:00,NVIDIA GeForce RTX 3090, 27, 7, 24230, 24576, 41.56, 43
2026-08-17T14:01:22.8168797+02:00,NVIDIA GeForce RTX 3090, 29, 7, 24229, 24576, 41.42, 42
2026-08-17T14:01:33.4912883+02:00,NVIDIA GeForce RTX 3090, 29, 7, 24230, 24576, 41.23, 42
2026-08-17T14:01:44.1062480+02:00,NVIDIA GeForce RTX 3090, 26, 6, 24230, 24576, 43.55, 43
2026-08-17T14:01:54.7180649+02:00,NVIDIA GeForce RTX 3090, 26, 6, 24231, 24576, 41.26, 43
2026-08-17T14:02:05.4130506+02:00,NVIDIA GeForce RTX 3090, 29, 7, 24228, 24576, 41.09, 42
2026-08-17T14:02:16.0702937+02:00,NVIDIA GeForce RTX 3090, 9, 5, 24235, 24576, 40.52, 42
2026-08-17T14:02:26.7686285+02:00,NVIDIA GeForce RTX 3090, 8, 5, 24219, 24576, 40.34, 42
2026-08-17T14:02:37.4173823+02:00,NVIDIA GeForce RTX 3090, 9, 5, 24219, 24576, 41.16, 42
2026-08-17T14:02:48.0766507+02:00,NVIDIA GeForce RTX 3090, 13, 6, 24208, 24576, 40.66, 42
2026-08-17T14:02:58.7014844+02:00,NVIDIA GeForce RTX 3090, 2, 0, 24220, 24576, 120.97, 46
2026-08-17T14:03:09.7528055+02:00,NVIDIA GeForce RTX 3090, 29, 7, 24143, 24576, 41.14, 42
2026-08-17T14:03:20.3767968+02:00,NVIDIA GeForce RTX 3090, 22, 6, 24149, 24576, 41.05, 42
2026-08-17T14:03:30.9852668+02:00,NVIDIA GeForce RTX 3090, 29, 7, 24157, 24576, 41.08, 42
2026-08-17T14:03:41.5910192+02:00,NVIDIA GeForce RTX 3090, 28, 7, 24150, 24576, 41.12, 42
2026-08-17T14:03:52.3031975+02:00,NVIDIA GeForce RTX 3090, 29, 7, 24145, 24576, 40.96, 42
2026-08-17T14:04:02.9699001+02:00,NVIDIA GeForce RTX 3090, 29, 7, 24159, 24576, 41.12, 41
2026-08-17T14:04:13.6382153+02:00,NVIDIA GeForce RTX 3090, 28, 6, 24153, 24576, 41.11, 41
2026-08-17T14:04:24.3088501+02:00,NVIDIA GeForce RTX 3090, 9, 5, 24107, 24576, 40.63, 42
2026-08-17T14:04:34.9938369+02:00,NVIDIA GeForce RTX 3090, 9, 5, 24105, 24576, 40.54, 42
2026-08-17T14:04:45.5920041+02:00,NVIDIA GeForce RTX 3090, 10, 6, 24117, 24576, 40.53, 41
2026-08-17T14:04:56.2092360+02:00,NVIDIA GeForce RTX 3090, 11, 5, 24115, 24576, 40.34, 41
2026-08-17T14:05:06.8442143+02:00,NVIDIA GeForce RTX 3090, 8, 4, 24101, 24576, 40.22, 41
2026-08-17T14:05:17.5072883+02:00,NVIDIA GeForce RTX 3090, 9, 4, 24101, 24576, 40.17, 41
2026-08-17T14:05:28.1094059+02:00,NVIDIA GeForce RTX 3090, 8, 4, 24098, 24576, 40.17, 41
2026-08-17T14:05:38.7764224+02:00,NVIDIA GeForce RTX 3090, 7, 4, 24098, 24576, 40.06, 41
2026-08-17T14:05:49.4265739+02:00,NVIDIA GeForce RTX 3090, 8, 4, 24098, 24576, 40.09, 41
2026-08-17T14:06:00.1122676+02:00,NVIDIA GeForce RTX 3090, 8, 4, 24098, 24576, 40.13, 41
2026-08-17T14:06:10.7932609+02:00,NVIDIA GeForce RTX 3090, 7, 4, 24098, 24576, 40.10, 41
2026-08-17T14:06:21.3763110+02:00,NVIDIA GeForce RTX 3090, 8, 4, 24098, 24576, 40.01, 41
2026-08-17T14:06:31.9758789+02:00,NVIDIA GeForce RTX 3090, 7, 4, 24098, 24576, 40.12, 41
2026-08-17T14:06:42.5547600+02:00,NVIDIA GeForce RTX 3090, 10, 0, 24157, 24576, 88.07, 44
2026-08-17T14:06:53.1960929+02:00,NVIDIA GeForce RTX 3090, 27, 5, 24161, 24576, 41.76, 41
2026-08-17T14:07:03.8454419+02:00,NVIDIA GeForce RTX 3090, 26, 6, 24161, 24576, 40.80, 41
2026-08-17T14:07:14.4492759+02:00,NVIDIA GeForce RTX 3090, 33, 7, 24163, 24576, 40.75, 41
2026-08-17T14:07:25.1459711+02:00,NVIDIA GeForce RTX 3090, 31, 7, 24171, 24576, 40.70, 41
2026-08-17T14:07:35.8460278+02:00,NVIDIA GeForce RTX 3090, 27, 6, 24160, 24576, 40.66, 41
2026-08-17T14:07:46.5124338+02:00,NVIDIA GeForce RTX 3090, 28, 6, 24160, 24576, 40.74, 40
2026-08-17T14:07:57.1842208+02:00,NVIDIA GeForce RTX 3090, 25, 6, 24160, 24576, 40.74, 40
2026-08-17T14:08:07.7797488+02:00,NVIDIA GeForce RTX 3090, 33, 7, 24158, 24576, 40.73, 40
2026-08-17T14:08:18.4685864+02:00,NVIDIA GeForce RTX 3090, 31, 7, 24158, 24576, 40.93, 40
2026-08-17T14:08:29.0923099+02:00,NVIDIA GeForce RTX 3090, 15, 0, 24158, 24576, 146.41, 45
2026-08-17T14:08:40.0052013+02:00,NVIDIA GeForce RTX 3090, 28, 6, 24160, 24576, 40.86, 41
2026-08-17T14:08:50.6280453+02:00,NVIDIA GeForce RTX 3090, 30, 6, 24160, 24576, 40.85, 41
2026-08-17T14:09:01.3132914+02:00,NVIDIA GeForce RTX 3090, 24, 5, 24160, 24576, 40.79, 41
2026-08-17T14:09:11.9603286+02:00,NVIDIA GeForce RTX 3090, 27, 6, 24158, 24576, 40.79, 41
2026-08-17T14:09:22.5887967+02:00,NVIDIA GeForce RTX 3090, 34, 9, 24160, 24576, 40.92, 41
2026-08-17T14:09:33.2325807+02:00,NVIDIA GeForce RTX 3090, 27, 5, 24160, 24576, 40.81, 40
2026-08-17T14:09:43.9289748+02:00,NVIDIA GeForce RTX 3090, 29, 6, 24160, 24576, 40.72, 41
2026-08-17T14:09:54.6032439+02:00,NVIDIA GeForce RTX 3090, 32, 9, 24158, 24576, 40.74, 40
2026-08-17T14:10:05.2660856+02:00,NVIDIA GeForce RTX 3090, 28, 6, 24168, 24576, 40.74, 40
2026-08-17T14:10:15.9386917+02:00,NVIDIA GeForce RTX 3090, 27, 6, 24176, 24576, 40.75, 40
2026-08-17T14:10:26.6092517+02:00,NVIDIA GeForce RTX 3090, 37, 10, 24173, 24576, 41.01, 40
2026-08-17T14:10:37.2426491+02:00,NVIDIA GeForce RTX 3090, 31, 6, 24184, 24576, 41.11, 40
2026-08-17T14:10:47.8777490+02:00,NVIDIA GeForce RTX 3090, 36, 8, 24166, 24576, 40.79, 40
2026-08-17T14:10:58.5352751+02:00,NVIDIA GeForce RTX 3090, 28, 7, 22744, 24576, 41.11, 40
2026-08-17T14:11:14.6414871+02:00,NVIDIA GeForce RTX 3090, 27, 7, 776, 24576, 40.80, 40
2026-08-17T14:11:25.3423813+02:00,NVIDIA GeForce RTX 3090, 28, 8, 790, 24576, 40.89, 40
2026-08-17T14:11:36.0535205+02:00,NVIDIA GeForce RTX 3090, 32, 7, 772, 24576, 40.92, 40
2026-08-17T14:11:46.6248158+02:00,NVIDIA GeForce RTX 3090, 30, 8, 771, 24576, 40.78, 40
2026-08-17T14:11:57.2785317+02:00,NVIDIA GeForce RTX 3090, 29, 7, 789, 24576, 40.88, 40
2026-08-17T14:12:07.9156810+02:00,NVIDIA GeForce RTX 3090, 25, 1, 20509, 24576, 147.41, 45
2026-08-17T14:12:18.5487913+02:00,NVIDIA GeForce RTX 3090, 41, 7, 20508, 24576, 45.10, 41
2026-08-17T14:12:29.2162368+02:00,NVIDIA GeForce RTX 3090, 6, 3, 21556, 24576, 59.51, 41
2026-08-17T14:12:39.8705403+02:00,NVIDIA GeForce RTX 3090, 28, 9, 21556, 24576, 40.65, 41
2026-08-17T14:12:50.5439604+02:00,NVIDIA GeForce RTX 3090, 22, 7, 21559, 24576, 40.46, 40
2026-08-17T14:13:01.2065427+02:00,NVIDIA GeForce RTX 3090, 10, 5, 21558, 24576, 40.39, 40
2026-08-17T14:13:11.8974901+02:00,NVIDIA GeForce RTX 3090, 11, 6, 21560, 24576, 40.43, 40
2026-08-17T14:13:22.6031814+02:00,NVIDIA GeForce RTX 3090, 20, 7, 21560, 24576, 40.54, 40
2026-08-17T14:13:33.2590878+02:00,NVIDIA GeForce RTX 3090, 20, 7, 21557, 24576, 40.45, 40
2026-08-17T14:13:43.9301674+02:00,NVIDIA GeForce RTX 3090, 13, 6, 21558, 24576, 40.28, 40
2026-08-17T14:13:54.6276510+02:00,NVIDIA GeForce RTX 3090, 28, 8, 21556, 24576, 40.23, 40
2026-08-17T14:14:05.2996204+02:00,NVIDIA GeForce RTX 3090, 10, 5, 21558, 24576, 40.41, 40
2026-08-17T14:14:16.0190886+02:00,NVIDIA GeForce RTX 3090, 9, 5, 21560, 24576, 40.08, 40
2026-08-17T14:14:26.6837476+02:00,NVIDIA GeForce RTX 3090, 7, 0, 23918, 24576, 82.86, 46
2026-08-17T14:14:37.6470582+02:00,NVIDIA GeForce RTX 3090, 100, 0, 24137, 24576, 173.26, 50
2026-08-17T14:14:48.2925544+02:00,NVIDIA GeForce RTX 3090, 100, 0, 24134, 24576, 173.99, 51
2026-08-17T14:14:58.9373318+02:00,NVIDIA GeForce RTX 3090, 100, 0, 24136, 24576, 174.53, 52
2026-08-17T14:15:09.6212751+02:00,NVIDIA GeForce RTX 3090, 9, 5, 24134, 24576, 41.81, 45
2026-08-17T14:15:20.2855976+02:00,NVIDIA GeForce RTX 3090, 100, 0, 24136, 24576, 173.22, 50
2026-08-17T14:15:31.0016525+02:00,NVIDIA GeForce RTX 3090, 100, 0, 24136, 24576, 174.29, 51
2026-08-17T14:15:41.7275759+02:00,NVIDIA GeForce RTX 3090, 100, 0, 24138, 24576, 175.08, 52
2026-08-17T14:15:52.3970328+02:00,NVIDIA GeForce RTX 3090, 100, 0, 24136, 24576, 175.58, 53
2026-08-17T14:16:03.0505086+02:00,NVIDIA GeForce RTX 3090, 100, 0, 24138, 24576, 176.08, 54
2026-08-17T14:16:13.7391555+02:00,NVIDIA GeForce RTX 3090, 100, 0, 24134, 24576, 176.86, 54
2026-08-17T14:16:24.3934275+02:00,NVIDIA GeForce RTX 3090, 100, 0, 24137, 24576, 177.25, 55
2026-08-17T14:16:35.0836679+02:00,NVIDIA GeForce RTX 3090, 100, 0, 24137, 24576, 177.87, 55
2026-08-17T14:16:45.7265092+02:00,NVIDIA GeForce RTX 3090, 100, 0, 24139, 24576, 178.07, 56
2026-08-17T14:16:56.3577299+02:00,NVIDIA GeForce RTX 3090, 100, 0, 24139, 24576, 178.15, 56
2026-08-17T14:17:07.0069570+02:00,NVIDIA GeForce RTX 3090, 100, 15, 24139, 24576, 186.99, 57
2026-08-17T14:17:18.0014299+02:00,NVIDIA GeForce RTX 3090, 28, 7, 24139, 24576, 43.51, 50
2026-08-17T14:17:28.7093814+02:00,NVIDIA GeForce RTX 3090, 12, 5, 24137, 24576, 42.51, 48
2026-08-17T14:17:39.3998841+02:00,NVIDIA GeForce RTX 3090, 9, 5, 24137, 24576, 42.24, 46
2026-08-17T14:17:50.0342251+02:00,NVIDIA GeForce RTX 3090, 9, 5, 24137, 24576, 42.14, 45
2026-08-17T14:18:00.6889483+02:00,NVIDIA GeForce RTX 3090, 10, 5, 24140, 24576, 41.99, 44
2026-08-17T14:18:11.3639926+02:00,NVIDIA GeForce RTX 3090, 28, 6, 24149, 24576, 42.12, 42
2026-08-17T14:18:22.0295906+02:00,NVIDIA GeForce RTX 3090, 100, 0, 24150, 24576, 173.27, 49
2026-08-17T14:18:32.6385889+02:00,NVIDIA GeForce RTX 3090, 100, 0, 24149, 24576, 173.56, 51
2026-08-17T14:18:43.2308536+02:00,NVIDIA GeForce RTX 3090, 100, 1, 24146, 24576, 174.29, 52
2026-08-17T14:18:53.8660533+02:00,NVIDIA GeForce RTX 3090, 32, 7, 24159, 24576, 42.61, 46
2026-08-17T14:19:04.5051962+02:00,NVIDIA GeForce RTX 3090, 28, 6, 24129, 24576, 42.24, 44
2026-08-17T14:19:15.1942973+02:00,NVIDIA GeForce RTX 3090, 100, 0, 24132, 24576, 172.17, 49
2026-08-17T14:19:25.8742681+02:00,NVIDIA GeForce RTX 3090, 100, 0, 24131, 24576, 174.81, 51
2026-08-17T14:19:36.5560035+02:00,NVIDIA GeForce RTX 3090, 100, 0, 24131, 24576, 175.34, 52
2026-08-17T14:19:47.2281114+02:00,NVIDIA GeForce RTX 3090, 100, 0, 24129, 24576, 175.71, 53
2026-08-17T14:19:57.8719611+02:00,NVIDIA GeForce RTX 3090, 100, 0, 24158, 24576, 176.37, 54
2026-08-17T14:20:08.5542373+02:00,NVIDIA GeForce RTX 3090, 100, 0, 24143, 24576, 176.93, 55
2026-08-17T14:20:19.2323399+02:00,NVIDIA GeForce RTX 3090, 100, 0, 24143, 24576, 177.15, 55
2026-08-17T14:20:29.9314165+02:00,NVIDIA GeForce RTX 3090, 100, 0, 24142, 24576, 177.60, 56
2026-08-17T14:20:40.5645539+02:00,NVIDIA GeForce RTX 3090, 100, 0, 24142, 24576, 178.41, 56
2026-08-17T14:20:51.2697009+02:00,NVIDIA GeForce RTX 3090, 100, 0, 24140, 24576, 178.64, 57
2026-08-17T14:21:01.9594503+02:00,NVIDIA GeForce RTX 3090, 100, 0, 24145, 24576, 179.09, 57
2026-08-17T14:21:12.5938843+02:00,NVIDIA GeForce RTX 3090, 100, 0, 24140, 24576, 178.76, 57
2026-08-17T14:21:23.2658635+02:00,NVIDIA GeForce RTX 3090, 100, 0, 24134, 24576, 178.93, 57
2026-08-17T14:21:33.9256843+02:00,NVIDIA GeForce RTX 3090, 100, 0, 24169, 24576, 179.39, 58
2026-08-17T14:21:44.5111016+02:00,NVIDIA GeForce RTX 3090, 17, 4, 24156, 24576, 49.39, 53
2026-08-17T14:21:55.1600662+02:00,NVIDIA GeForce RTX 3090, 100, 0, 24150, 24576, 178.80, 57
2026-08-17T14:22:05.7631063+02:00,NVIDIA GeForce RTX 3090, 100, 0, 24134, 24576, 179.04, 57
2026-08-17T14:22:16.4166162+02:00,NVIDIA GeForce RTX 3090, 100, 0, 24152, 24576, 179.51, 57
2026-08-17T14:22:27.0584511+02:00,NVIDIA GeForce RTX 3090, 100, 0, 24154, 24576, 179.42, 58
2026-08-17T14:22:37.6904196+02:00,NVIDIA GeForce RTX 3090, 100, 0, 24150, 24576, 179.70, 58
2026-08-17T14:22:48.3551075+02:00,NVIDIA GeForce RTX 3090, 100, 0, 24144, 24576, 178.52, 58
2026-08-17T14:22:59.0068486+02:00,NVIDIA GeForce RTX 3090, 100, 0, 24139, 24576, 179.42, 58
2026-08-17T14:23:09.6872338+02:00,NVIDIA GeForce RTX 3090, 100, 0, 24139, 24576, 179.55, 58
2026-08-17T14:23:20.3285131+02:00,NVIDIA GeForce RTX 3090, 100, 0, 24141, 24576, 179.56, 58
2026-08-17T14:23:31.0221879+02:00,NVIDIA GeForce RTX 3090, 100, 0, 24141, 24576, 179.74, 58
2026-08-17T14:23:41.6944068+02:00,NVIDIA GeForce RTX 3090, 100, 0, 24141, 24576, 179.72, 58
2026-08-17T14:23:52.3252010+02:00,NVIDIA GeForce RTX 3090, 100, 0, 24141, 24576, 179.53, 58
2026-08-17T14:24:02.9939851+02:00,NVIDIA GeForce RTX 3090, 100, 0, 24139, 24576, 179.71, 58
2026-08-17T14:24:13.6748534+02:00,NVIDIA GeForce RTX 3090, 17, 3, 24139, 24576, 47.43, 53
2026-08-17T14:24:24.3748073+02:00,NVIDIA GeForce RTX 3090, 25, 6, 24139, 24576, 43.26, 50
2026-08-17T14:24:35.0236020+02:00,NVIDIA GeForce RTX 3090, 30, 6, 24141, 24576, 42.83, 48
2026-08-17T14:24:45.7112709+02:00,NVIDIA GeForce RTX 3090, 28, 6, 24141, 24576, 42.57, 47
2026-08-17T14:24:56.3427713+02:00,NVIDIA GeForce RTX 3090, 25, 6, 24139, 24576, 42.44, 45
2026-08-17T14:25:07.0167581+02:00,NVIDIA GeForce RTX 3090, 28, 6, 24139, 24576, 42.48, 44
2026-08-17T14:25:17.7350039+02:00,NVIDIA GeForce RTX 3090, 26, 6, 24141, 24576, 42.15, 43
2026-08-17T14:25:28.3763419+02:00,NVIDIA GeForce RTX 3090, 27, 6, 24141, 24576, 41.98, 42
2026-08-17T14:25:39.0414994+02:00,NVIDIA GeForce RTX 3090, 32, 7, 24148, 24576, 41.93, 42
2026-08-17T14:25:49.6898727+02:00,NVIDIA GeForce RTX 3090, 100, 0, 24139, 24576, 61.02, 43
2026-08-17T14:26:00.3273167+02:00,NVIDIA GeForce RTX 3090, 100, 0, 24140, 24576, 170.95, 48
2026-08-17T14:26:11.0274064+02:00,NVIDIA GeForce RTX 3090, 100, 0, 24138, 24576, 172.51, 50
2026-08-17T14:26:21.6342495+02:00,NVIDIA GeForce RTX 3090, 100, 1, 24141, 24576, 184.41, 52
2026-08-17T14:26:32.2824353+02:00,NVIDIA GeForce RTX 3090, 100, 0, 24164, 24576, 175.41, 52
2026-08-17T14:26:42.9593679+02:00,NVIDIA GeForce RTX 3090, 100, 0, 24138, 24576, 175.80, 53
2026-08-17T14:26:53.5768301+02:00,NVIDIA GeForce RTX 3090, 100, 0, 24141, 24576, 176.57, 54
2026-08-17T14:27:04.1872686+02:00,NVIDIA GeForce RTX 3090, 11, 0, 24136, 24576, 119.96, 53
2026-08-17T14:27:20.5093335+02:00,NVIDIA GeForce RTX 3090, 27, 6, 24137, 24576, 42.79, 48
2026-08-17T14:27:31.1128410+02:00,NVIDIA GeForce RTX 3090, 28, 6, 24135, 24576, 42.51, 46
2026-08-17T14:27:41.7366369+02:00,NVIDIA GeForce RTX 3090, 29, 6, 24135, 24576, 42.45, 45
2026-08-17T14:27:52.4513876+02:00,NVIDIA GeForce RTX 3090, 24, 6, 24137, 24576, 42.19, 44
2026-08-17T14:28:03.1275016+02:00,NVIDIA GeForce RTX 3090, 27, 6, 24137, 24576, 42.09, 43
2026-08-17T14:28:13.8130256+02:00,NVIDIA GeForce RTX 3090, 28, 6, 24137, 24576, 41.13, 42
2026-08-17T14:28:24.5264387+02:00,NVIDIA GeForce RTX 3090, 29, 6, 24135, 24576, 41.16, 42
2026-08-17T14:28:35.1622139+02:00,NVIDIA GeForce RTX 3090, 100, 0, 24135, 24576, 167.80, 47
2026-08-17T14:28:45.8004794+02:00,NVIDIA GeForce RTX 3090, 100, 0, 24137, 24576, 174.83, 50
2026-08-17T14:28:56.4782920+02:00,NVIDIA GeForce RTX 3090, 100, 0, 24137, 24576, 174.86, 52
2026-08-17T14:29:07.1135477+02:00,NVIDIA GeForce RTX 3090, 100, 0, 24135, 24576, 175.84, 53
2026-08-17T14:29:17.7937751+02:00,NVIDIA GeForce RTX 3090, 100, 0, 24135, 24576, 175.83, 53
2026-08-17T14:29:28.4200333+02:00,NVIDIA GeForce RTX 3090, 100, 0, 24137, 24576, 176.38, 54
2026-08-17T14:29:39.1033277+02:00,NVIDIA GeForce RTX 3090, 100, 0, 24135, 24576, 177.09, 55
2026-08-17T14:29:49.7788523+02:00,NVIDIA GeForce RTX 3090, 100, 0, 24135, 24576, 177.68, 55
2026-08-17T14:30:00.4962032+02:00,NVIDIA GeForce RTX 3090, 100, 0, 24137, 24576, 177.07, 55
2026-08-17T14:30:11.1950559+02:00,NVIDIA GeForce RTX 3090, 100, 0, 24137, 24576, 178.29, 56
2026-08-17T14:30:21.7881158+02:00,NVIDIA GeForce RTX 3090, 100, 0, 24138, 24576, 177.75, 56
2026-08-17T14:30:32.5087059+02:00,NVIDIA GeForce RTX 3090, 100, 0, 24138, 24576, 177.96, 57
2026-08-17T14:30:43.1968911+02:00,NVIDIA GeForce RTX 3090, 100, 0, 24135, 24576, 178.32, 57
2026-08-17T14:30:53.8475889+02:00,NVIDIA GeForce RTX 3090, 100, 0, 24138, 24576, 178.51, 57
2026-08-17T14:31:04.5582987+02:00,NVIDIA GeForce RTX 3090, 100, 0, 24135, 24576, 178.75, 57
2026-08-17T14:31:15.1612023+02:00,NVIDIA GeForce RTX 3090, 25, 6, 24137, 24576, 43.70, 52
2026-08-17T14:31:25.8218128+02:00,NVIDIA GeForce RTX 3090, 26, 6, 24135, 24576, 43.06, 49
2026-08-17T14:31:36.4369051+02:00,NVIDIA GeForce RTX 3090, 24, 6, 24137, 24576, 42.72, 48
2026-08-17T14:31:47.0896548+02:00,NVIDIA GeForce RTX 3090, 8, 4, 24097, 24576, 42.00, 46
2026-08-17T14:31:57.7727284+02:00,NVIDIA GeForce RTX 3090, 8, 4, 24123, 24576, 42.00, 45
2026-08-17T14:32:08.4213730+02:00,NVIDIA GeForce RTX 3090, 8, 4, 24121, 24576, 41.73, 44
2026-08-17T14:32:19.1225602+02:00,NVIDIA GeForce RTX 3090, 8, 4, 24121, 24576, 41.56, 43
2026-08-17T14:32:29.7830819+02:00,NVIDIA GeForce RTX 3090, 100, 1, 24123, 24576, 172.15, 49
2026-08-17T14:32:40.4017321+02:00,NVIDIA GeForce RTX 3090, 100, 1, 24123, 24576, 174.86, 50
2026-08-17T14:32:51.0877439+02:00,NVIDIA GeForce RTX 3090, 100, 1, 24121, 24576, 175.93, 52
2026-08-17T14:33:01.7584481+02:00,NVIDIA GeForce RTX 3090, 100, 1, 24121, 24576, 177.18, 53
2026-08-17T14:33:12.4343654+02:00,NVIDIA GeForce RTX 3090, 100, 1, 24121, 24576, 177.59, 54
2026-08-17T14:33:23.0956485+02:00,NVIDIA GeForce RTX 3090, 100, 1, 24121, 24576, 178.07, 54
2026-08-17T14:33:33.7801703+02:00,NVIDIA GeForce RTX 3090, 100, 1, 24123, 24576, 178.81, 55
2026-08-17T14:33:44.4370184+02:00,NVIDIA GeForce RTX 3090, 100, 1, 24123, 24576, 178.26, 55
2026-08-17T14:33:55.0991513+02:00,NVIDIA GeForce RTX 3090, 24, 4, 24152, 24576, 44.29, 50
2026-08-17T14:34:05.7797030+02:00,NVIDIA GeForce RTX 3090, 8, 4, 24152, 24576, 42.27, 48
2026-08-17T14:34:16.4034526+02:00,NVIDIA GeForce RTX 3090, 100, 1, 24203, 24576, 176.92, 53
2026-08-17T14:34:27.0487360+02:00,NVIDIA GeForce RTX 3090, 100, 0, 24200, 24576, 174.18, 54
2026-08-17T14:34:37.6641008+02:00,NVIDIA GeForce RTX 3090, 28, 7, 24193, 24576, 43.17, 48
2026-08-17T14:34:48.2752245+02:00,NVIDIA GeForce RTX 3090, 27, 6, 24188, 24576, 42.57, 46
2026-08-17T14:34:58.9385750+02:00,NVIDIA GeForce RTX 3090, 27, 6, 24186, 24576, 42.49, 45
2026-08-17T14:35:09.5595867+02:00,NVIDIA GeForce RTX 3090, 27, 6, 24187, 24576, 42.28, 44
2026-08-17T14:35:20.1981268+02:00,NVIDIA GeForce RTX 3090, 27, 6, 24186, 24576, 42.15, 42
2026-08-17T14:35:30.8737968+02:00,NVIDIA GeForce RTX 3090, 100, 1, 24186, 24576, 171.85, 48
2026-08-17T14:35:41.5724396+02:00,NVIDIA GeForce RTX 3090, 100, 1, 24186, 24576, 173.00, 50
2026-08-17T14:35:52.2617638+02:00,NVIDIA GeForce RTX 3090, 100, 1, 24188, 24576, 176.00, 51
2026-08-17T14:36:02.9403139+02:00,NVIDIA GeForce RTX 3090, 100, 1, 24190, 24576, 176.70, 52
2026-08-17T14:36:13.5800627+02:00,NVIDIA GeForce RTX 3090, 15, 3, 24188, 24576, 47.39, 48
2026-08-17T14:36:24.2805404+02:00,NVIDIA GeForce RTX 3090, 29, 5, 24205, 24576, 42.51, 46
2026-08-17T14:36:34.9310410+02:00,NVIDIA GeForce RTX 3090, 27, 6, 24189, 24576, 42.49, 45
2026-08-17T14:36:45.5999055+02:00,NVIDIA GeForce RTX 3090, 29, 7, 24194, 24576, 42.26, 43
2026-08-17T14:36:56.3012540+02:00,NVIDIA GeForce RTX 3090, 28, 7, 24192, 24576, 41.63, 43
2026-08-17T14:37:06.9886656+02:00,NVIDIA GeForce RTX 3090, 32, 8, 24190, 24576, 41.51, 43
2026-08-17T14:37:17.6567168+02:00,NVIDIA GeForce RTX 3090, 100, 1, 24192, 24576, 171.68, 49
2026-08-17T14:37:28.3504976+02:00,NVIDIA GeForce RTX 3090, 100, 6, 24239, 24576, 50.51, 47
2026-08-17T14:37:39.0273150+02:00,NVIDIA GeForce RTX 3090, 22, 7, 24168, 24576, 42.15, 45
2026-08-17T14:37:49.7032183+02:00,NVIDIA GeForce RTX 3090, 11, 5, 24183, 24576, 41.20, 43
2026-08-17T14:38:00.3354785+02:00,NVIDIA GeForce RTX 3090, 9, 5, 24166, 24576, 41.05, 44
2026-08-17T14:38:11.0214713+02:00,NVIDIA GeForce RTX 3090, 6, 2, 24170, 24576, 56.26, 45
2026-08-17T14:38:21.6451780+02:00,NVIDIA GeForce RTX 3090, 9, 5, 24166, 24576, 40.87, 44
2026-08-17T14:38:32.3049828+02:00,NVIDIA GeForce RTX 3090, 9, 5, 24165, 24576, 40.90, 44
2026-08-17T14:38:42.8888591+02:00,NVIDIA GeForce RTX 3090, 29, 9, 24168, 24576, 43.05, 45
2026-08-17T14:38:53.5591930+02:00,NVIDIA GeForce RTX 3090, 8, 4, 24166, 24576, 40.87, 44
2026-08-17T14:39:04.1500906+02:00,NVIDIA GeForce RTX 3090, 23, 7, 24166, 24576, 40.92, 43
2026-08-17T14:39:14.8221824+02:00,NVIDIA GeForce RTX 3090, 26, 8, 24171, 24576, 41.25, 45
2026-08-17T14:39:25.4524910+02:00,NVIDIA GeForce RTX 3090, 29, 7, 24182, 24576, 41.68, 44
2026-08-17T14:39:36.0804186+02:00,NVIDIA GeForce RTX 3090, 33, 9, 24164, 24576, 41.44, 43
2026-08-17T14:39:46.7339808+02:00,NVIDIA GeForce RTX 3090, 100, 0, 24101, 24576, 171.25, 50
2026-08-17T14:39:57.3624943+02:00,NVIDIA GeForce RTX 3090, 100, 0, 24106, 24576, 173.31, 52
2026-08-17T14:40:08.0628040+02:00,NVIDIA GeForce RTX 3090, 100, 2, 24103, 24576, 174.84, 52
2026-08-17T14:40:18.7272592+02:00,NVIDIA GeForce RTX 3090, 100, 0, 24117, 24576, 173.01, 53
2026-08-17T14:40:29.3473051+02:00,NVIDIA GeForce RTX 3090, 28, 6, 24103, 24576, 43.43, 48
2026-08-17T14:40:39.9687033+02:00,NVIDIA GeForce RTX 3090, 34, 7, 24115, 24576, 42.62, 45
2026-08-17T14:40:50.5837866+02:00,NVIDIA GeForce RTX 3090, 28, 7, 24105, 24576, 42.40, 44
2026-08-17T14:41:01.1887235+02:00,NVIDIA GeForce RTX 3090, 31, 9, 24138, 24576, 42.46, 43
2026-08-17T14:41:11.8319234+02:00,NVIDIA GeForce RTX 3090, 29, 6, 24125, 24576, 41.40, 43
2026-08-17T14:41:22.4954851+02:00,NVIDIA GeForce RTX 3090, 28, 6, 24130, 24576, 41.26, 43
2026-08-17T14:41:33.1197842+02:00,NVIDIA GeForce RTX 3090, 28, 7, 24123, 24576, 41.17, 43
2026-08-17T14:41:43.7711789+02:00,NVIDIA GeForce RTX 3090, 100, 0, 24124, 24576, 170.12, 49
2026-08-17T14:41:54.4328479+02:00,NVIDIA GeForce RTX 3090, 7, 4, 24126, 24576, 41.81, 45
2026-08-17T14:42:05.0982871+02:00,NVIDIA GeForce RTX 3090, 5, 4, 24124, 24576, 40.44, 43
2026-08-17T14:42:15.6974460+02:00,NVIDIA GeForce RTX 3090, 3, 3, 24124, 24576, 40.45, 43
2026-08-17T14:42:26.3474924+02:00,NVIDIA GeForce RTX 3090, 8, 4, 24124, 24576, 40.47, 43
2026-08-17T14:42:37.0053869+02:00,NVIDIA GeForce RTX 3090, 34, 7, 24132, 24576, 41.11, 43
2026-08-17T14:42:47.6365748+02:00,NVIDIA GeForce RTX 3090, 29, 6, 24128, 24576, 41.13, 43
2026-08-17T14:42:58.2648839+02:00,NVIDIA GeForce RTX 3090, 27, 6, 24127, 24576, 40.82, 43
2026-08-17T14:43:08.8890194+02:00,NVIDIA GeForce RTX 3090, 100, 0, 24137, 24576, 173.16, 48
2026-08-17T14:43:19.5616245+02:00,NVIDIA GeForce RTX 3090, 100, 0, 24128, 24576, 172.55, 51
2026-08-17T14:43:35.3972331+02:00,NVIDIA GeForce RTX 3090, 100, 0, 24126, 24576, 173.04, 52
2026-08-17T14:43:45.9990172+02:00,NVIDIA GeForce RTX 3090, 100, 0, 24124, 24576, 173.14, 53
2026-08-17T14:43:56.6283516+02:00,NVIDIA GeForce RTX 3090, 100, 0, 24136, 24576, 173.32, 53
2026-08-17T14:44:07.2112147+02:00,NVIDIA GeForce RTX 3090, 100, 0, 24119, 24576, 173.90, 54
2026-08-17T14:44:17.8029259+02:00,NVIDIA GeForce RTX 3090, 26, 5, 24121, 24576, 43.00, 48
2026-08-17T14:44:28.4512107+02:00,NVIDIA GeForce RTX 3090, 22, 5, 24121, 24576, 42.43, 46
2026-08-17T14:44:39.1360593+02:00,NVIDIA GeForce RTX 3090, 29, 6, 24120, 24576, 42.21, 44
2026-08-17T14:44:49.7767353+02:00,NVIDIA GeForce RTX 3090, 30, 6, 24118, 24576, 42.03, 43
2026-08-17T14:45:00.4178243+02:00,NVIDIA GeForce RTX 3090, 31, 6, 24121, 24576, 41.40, 42
2026-08-17T14:45:11.0495141+02:00,NVIDIA GeForce RTX 3090, 32, 6, 24123, 24576, 41.19, 42
2026-08-17T14:45:21.7048082+02:00,NVIDIA GeForce RTX 3090, 33, 7, 24122, 24576, 41.17, 42
2026-08-17T14:45:32.3576374+02:00,NVIDIA GeForce RTX 3090, 28, 6, 24123, 24576, 41.29, 42
2026-08-17T14:45:43.0373726+02:00,NVIDIA GeForce RTX 3090, 32, 7, 24119, 24576, 41.31, 42
2026-08-17T14:45:53.6911792+02:00,NVIDIA GeForce RTX 3090, 32, 6, 24122, 24576, 41.31, 42
2026-08-17T14:46:04.3322829+02:00,NVIDIA GeForce RTX 3090, 31, 6, 24123, 24576, 41.23, 42
2026-08-17T14:46:15.0101410+02:00,NVIDIA GeForce RTX 3090, 31, 6, 24119, 24576, 41.07, 42
2026-08-17T14:46:25.6895583+02:00,NVIDIA GeForce RTX 3090, 30, 6, 24124, 24576, 41.06, 42
2026-08-17T14:46:36.3722488+02:00,NVIDIA GeForce RTX 3090, 100, 0, 24123, 24576, 170.55, 49
2026-08-17T14:46:47.0029487+02:00,NVIDIA GeForce RTX 3090, 100, 0, 24123, 24576, 172.53, 51
2026-08-17T14:46:57.7100513+02:00,NVIDIA GeForce RTX 3090, 100, 0, 24124, 24576, 173.34, 52
2026-08-17T14:47:08.3908251+02:00,NVIDIA GeForce RTX 3090, 18, 4, 21900, 24576, 47.27, 47
2026-08-17T14:47:19.0494818+02:00,NVIDIA GeForce RTX 3090, 41, 9, 760, 24576, 42.71, 45
2026-08-17T14:47:29.7368312+02:00,NVIDIA GeForce RTX 3090, 29, 7, 750, 24576, 41.64, 44
2026-08-17T14:47:40.3849145+02:00,NVIDIA GeForce RTX 3090, 31, 7, 743, 24576, 41.59, 44
2026-08-17T14:47:51.0048438+02:00,NVIDIA GeForce RTX 3090, 33, 8, 753, 24576, 41.54, 44
2026-08-17T14:48:01.6208114+02:00,NVIDIA GeForce RTX 3090, 30, 7, 742, 24576, 41.51, 44
2026-08-17T14:48:12.3192542+02:00,NVIDIA GeForce RTX 3090, 29, 8, 744, 24576, 41.31, 44
2026-08-17T14:48:22.9700854+02:00,NVIDIA GeForce RTX 3090, 30, 7, 744, 24576, 41.31, 44
2026-08-17T14:48:33.6057985+02:00,NVIDIA GeForce RTX 3090, 30, 7, 742, 24576, 41.38, 43
2026-08-17T14:48:44.3073318+02:00,NVIDIA GeForce RTX 3090, 33, 8, 741, 24576, 41.36, 43
2026-08-17T14:48:55.0254525+02:00,NVIDIA GeForce RTX 3090, 29, 6, 740, 24576, 41.34, 43
2026-08-17T14:49:05.7317125+02:00,NVIDIA GeForce RTX 3090, 28, 6, 737, 24576, 41.33, 43
2026-08-17T14:49:16.3604745+02:00,NVIDIA GeForce RTX 3090, 30, 8, 739, 24576, 41.17, 43
2026-08-17T14:49:27.0041584+02:00,NVIDIA GeForce RTX 3090, 31, 8, 741, 24576, 41.05, 43
2026-08-17T14:49:37.6801336+02:00,NVIDIA GeForce RTX 3090, 26, 7, 738, 24576, 41.11, 42
2026-08-17T14:49:48.3600273+02:00,NVIDIA GeForce RTX 3090, 28, 7, 740, 24576, 41.20, 42
2026-08-17T14:49:58.9974352+02:00,NVIDIA GeForce RTX 3090, 30, 7, 756, 24576, 41.29, 42
2026-08-17T14:50:09.6626401+02:00,NVIDIA GeForce RTX 3090, 29, 7, 741, 24576, 41.20, 42
2026-08-17T14:50:20.3100099+02:00,NVIDIA GeForce RTX 3090, 29, 7, 740, 24576, 41.13, 42
2026-08-17T14:50:30.9222952+02:00,NVIDIA GeForce RTX 3090, 31, 7, 743, 24576, 41.22, 42
2026-08-17T14:50:41.6170804+02:00,NVIDIA GeForce RTX 3090, 30, 7, 762, 24576, 41.33, 42
2026-08-17T14:50:52.3021620+02:00,NVIDIA GeForce RTX 3090, 28, 6, 743, 24576, 41.03, 42
2026-08-17T14:51:02.9609478+02:00,NVIDIA GeForce RTX 3090, 29, 6, 743, 24576, 41.13, 42
2026-08-17T14:51:13.6412603+02:00,NVIDIA GeForce RTX 3090, 30, 7, 755, 24576, 40.96, 42
2026-08-17T14:51:24.2539896+02:00,NVIDIA GeForce RTX 3090, 29, 7, 742, 24576, 41.01, 42
2026-08-17T14:51:34.9087789+02:00,NVIDIA GeForce RTX 3090, 30, 6, 757, 24576, 40.94, 41
2026-08-17T14:51:45.5439097+02:00,NVIDIA GeForce RTX 3090, 29, 6, 745, 24576, 40.86, 41
2026-08-17T14:51:56.1310468+02:00,NVIDIA GeForce RTX 3090, 28, 6, 776, 24576, 40.90, 41
2026-08-17T14:52:06.7445522+02:00,NVIDIA GeForce RTX 3090, 29, 7, 764, 24576, 41.02, 41
2026-08-17T14:52:17.4193994+02:00,NVIDIA GeForce RTX 3090, 30, 7, 767, 24576, 41.03, 41
2026-08-17T14:52:28.0928655+02:00,NVIDIA GeForce RTX 3090, 29, 7, 765, 24576, 40.97, 41
2026-08-17T14:52:38.7199351+02:00,NVIDIA GeForce RTX 3090, 30, 7, 765, 24576, 40.95, 41
2026-08-17T14:52:49.3200124+02:00,NVIDIA GeForce RTX 3090, 27, 7, 767, 24576, 40.93, 41
2026-08-17T14:52:59.9610948+02:00,NVIDIA GeForce RTX 3090, 28, 7, 770, 24576, 40.81, 41
2026-08-17T14:53:10.6024293+02:00,NVIDIA GeForce RTX 3090, 29, 6, 777, 24576, 40.88, 41
2026-08-17T14:53:21.3108389+02:00,NVIDIA GeForce RTX 3090, 30, 7, 767, 24576, 40.66, 41
2026-08-17T14:53:31.9801941+02:00,NVIDIA GeForce RTX 3090, 28, 7, 766, 24576, 40.71, 41
2026-08-17T14:53:42.5876630+02:00,NVIDIA GeForce RTX 3090, 24, 7, 775, 24576, 40.80, 41
