timestamp_iso,cpu_pct,ram_used_gb,ram_free_gb,ram_total_gb
2026-08-24T12:53:09+00:00,3.7,5.55,230.29,235.84
2026-08-24T12:53:19+00:00,0.0,5.46,230.38,235.84
2026-08-24T12:53:29+00:00,0.1,5.42,230.42,235.84
2026-08-24T12:53:40+00:00,0.3,5.46,230.38,235.84
2026-08-24T12:53:50+00:00,3.9,5.47,230.37,235.84
2026-08-24T12:54:01+00:00,10.1,5.31,230.53,235.84
2026-08-24T12:54:11+00:00,10.1,5.29,230.55,235.84
2026-08-24T12:54:21+00:00,8.8,5.37,230.47,235.84
2026-08-24T12:54:32+00:00,6.6,5.34,230.50,235.84
2026-08-24T12:54:42+00:00,6.8,5.31,230.53,235.84
2026-08-24T12:54:52+00:00,6.8,5.29,230.55,235.84
2026-08-24T12:55:03+00:00,6.5,5.41,230.43,235.84
2026-08-24T12:55:13+00:00,7.0,5.30,230.54,235.84
2026-08-24T12:55:23+00:00,6.9,5.30,230.54,235.84
2026-08-24T12:55:34+00:00,6.5,5.33,230.51,235.84
2026-08-24T12:55:44+00:00,6.8,5.33,230.51,235.84
2026-08-24T12:55:55+00:00,6.7,5.32,230.52,235.84
2026-08-24T12:56:05+00:00,7.1,5.29,230.55,235.84
2026-08-24T12:56:15+00:00,6.5,5.31,230.53,235.84
2026-08-24T12:56:26+00:00,6.3,5.30,230.54,235.84
2026-08-24T12:56:36+00:00,6.5,5.39,230.45,235.84
2026-08-24T12:56:46+00:00,7.0,5.32,230.52,235.84
2026-08-24T12:56:57+00:00,7.3,5.32,230.52,235.84
2026-08-24T12:57:07+00:00,7.0,5.31,230.53,235.84
2026-08-24T12:57:17+00:00,6.6,5.33,230.51,235.84
2026-08-24T12:57:28+00:00,6.5,5.31,230.53,235.84
2026-08-24T12:57:38+00:00,7.1,5.30,230.54,235.84
2026-08-24T12:57:49+00:00,7.6,5.33,230.51,235.84
2026-08-24T12:57:59+00:00,7.7,5.33,230.51,235.84
2026-08-24T12:58:09+00:00,6.8,5.34,230.50,235.84
2026-08-24T12:58:20+00:00,7.1,5.34,230.50,235.84
2026-08-24T12:58:30+00:00,6.4,5.36,230.48,235.84
2026-08-24T12:58:40+00:00,6.3,5.37,230.47,235.84
2026-08-24T12:58:51+00:00,9.7,5.60,230.24,235.84
2026-08-24T12:59:01+00:00,7.0,5.98,229.86,235.84
2026-08-24T12:59:11+00:00,8.3,5.64,230.20,235.84
2026-08-24T12:59:22+00:00,6.6,5.58,230.26,235.84
2026-08-24T12:59:32+00:00,6.7,5.43,230.41,235.84
2026-08-24T12:59:42+00:00,6.4,5.36,230.48,235.84
2026-08-24T12:59:53+00:00,6.8,5.37,230.47,235.84
2026-08-24T13:00:03+00:00,6.4,5.43,230.41,235.84
2026-08-24T13:00:14+00:00,6.5,5.33,230.51,235.84
2026-08-24T13:00:24+00:00,6.7,5.34,230.50,235.84
2026-08-24T13:00:34+00:00,6.5,5.33,230.51,235.84
2026-08-24T13:00:45+00:00,6.3,5.35,230.49,235.84
2026-08-24T13:00:55+00:00,6.5,5.33,230.51,235.84
2026-08-24T13:01:05+00:00,6.7,5.32,230.52,235.84
2026-08-24T13:01:16+00:00,6.4,5.41,230.43,235.84
2026-08-24T13:01:26+00:00,6.3,5.34,230.50,235.84
2026-08-24T13:01:36+00:00,3.3,5.35,230.49,235.84
2026-08-24T13:01:47+00:00,3.2,5.37,230.47,235.84
2026-08-24T13:01:57+00:00,3.2,5.36,230.48,235.84
2026-08-24T13:02:08+00:00,3.2,5.39,230.45,235.84
2026-08-24T13:02:18+00:00,3.2,5.33,230.51,235.84
2026-08-24T13:02:28+00:00,3.5,5.34,230.50,235.84
2026-08-24T13:02:39+00:00,3.1,5.38,230.46,235.84
2026-08-24T13:02:49+00:00,3.6,5.39,230.45,235.84
2026-08-24T13:02:59+00:00,3.6,5.37,230.47,235.84
2026-08-24T13:03:10+00:00,3.3,5.40,230.44,235.84
2026-08-24T13:03:20+00:00,3.3,5.42,230.42,235.84
2026-08-24T13:03:30+00:00,3.8,5.41,230.43,235.84
2026-08-24T13:03:41+00:00,0.3,5.36,230.48,235.84
2026-08-24T13:03:51+00:00,6.1,5.63,230.21,235.84
2026-08-24T13:04:01+00:00,6.8,5.96,229.88,235.84
2026-08-24T13:04:12+00:00,6.1,6.14,229.70,235.84
2026-08-24T13:04:22+00:00,4.8,6.10,229.74,235.84
2026-08-24T13:04:33+00:00,4.1,5.91,229.93,235.84
2026-08-24T13:04:43+00:00,6.1,6.15,229.69,235.84
2026-08-24T13:04:53+00:00,7.0,6.26,229.58,235.84
2026-08-24T13:05:04+00:00,7.5,6.02,229.82,235.84
2026-08-24T13:05:14+00:00,7.5,6.20,229.64,235.84
2026-08-24T13:05:24+00:00,7.1,6.26,229.58,235.84
2026-08-24T13:05:35+00:00,4.8,6.15,229.69,235.84
2026-08-24T13:05:45+00:00,6.8,6.09,229.75,235.84
2026-08-24T13:05:55+00:00,6.1,6.17,229.67,235.84
2026-08-24T13:06:06+00:00,6.4,6.18,229.66,235.84
2026-08-24T13:06:16+00:00,0.1,6.11,229.73,235.84
2026-08-24T13:06:27+00:00,0.6,5.97,229.87,235.84
2026-08-24T13:06:37+00:00,0.2,5.83,230.01,235.84
2026-08-24T13:06:47+00:00,0.3,5.71,230.13,235.84
2026-08-24T13:06:58+00:00,0.1,5.74,230.10,235.84
2026-08-24T13:07:08+00:00,3.9,5.76,230.08,235.84
2026-08-24T13:07:18+00:00,0.0,5.65,230.19,235.84
2026-08-24T13:07:29+00:00,1.1,5.65,230.19,235.84
2026-08-24T13:07:39+00:00,0.3,5.64,230.20,235.84
2026-08-24T13:07:49+00:00,0.4,5.63,230.21,235.84
2026-08-24T13:08:00+00:00,1.1,5.68,230.16,235.84
2026-08-24T13:08:10+00:00,0.0,5.67,230.17,235.84
2026-08-24T13:08:20+00:00,3.3,6.70,229.14,235.84
2026-08-24T13:08:31+00:00,0.4,5.91,229.93,235.84
2026-08-24T13:08:41+00:00,0.0,5.83,230.01,235.84
2026-08-24T13:08:51+00:00,0.0,5.80,230.04,235.84
2026-08-24T13:09:02+00:00,0.9,5.85,229.99,235.84
2026-08-24T13:09:12+00:00,0.5,5.74,230.10,235.84
2026-08-24T13:09:23+00:00,0.0,5.73,230.11,235.84
2026-08-24T13:09:33+00:00,1.6,5.72,230.12,235.84
2026-08-24T13:09:43+00:00,0.2,5.75,230.09,235.84
2026-08-24T13:09:54+00:00,1.0,5.72,230.12,235.84
2026-08-24T13:10:04+00:00,0.0,5.64,230.20,235.84
2026-08-24T13:10:14+00:00,0.2,5.68,230.16,235.84
2026-08-24T13:10:25+00:00,0.0,5.68,230.16,235.84
2026-08-24T13:10:35+00:00,0.1,5.62,230.22,235.84
2026-08-24T13:10:45+00:00,0.0,5.66,230.18,235.84
2026-08-24T13:10:56+00:00,0.7,5.69,230.15,235.84
2026-08-24T13:11:06+00:00,2.6,5.71,230.13,235.84
2026-08-24T13:11:17+00:00,0.7,5.65,230.19,235.84
2026-08-24T13:11:27+00:00,1.7,5.66,230.18,235.84
2026-08-24T13:11:37+00:00,0.2,5.60,230.24,235.84
2026-08-24T13:11:48+00:00,0.0,5.60,230.24,235.84
2026-08-24T13:11:58+00:00,0.3,5.59,230.25,235.84
2026-08-24T13:12:08+00:00,0.1,5.62,230.22,235.84
2026-08-24T13:12:19+00:00,0.1,5.64,230.20,235.84
2026-08-24T13:12:29+00:00,0.0,5.64,230.20,235.84
2026-08-24T13:12:39+00:00,0.5,5.65,230.19,235.84
2026-08-24T13:12:50+00:00,0.5,5.67,230.17,235.84
2026-08-24T13:13:00+00:00,0.0,5.69,230.15,235.84
2026-08-24T13:13:10+00:00,1.8,5.69,230.15,235.84
2026-08-24T13:13:21+00:00,0.2,5.71,230.13,235.84
2026-08-24T13:13:31+00:00,0.0,5.74,230.10,235.84
2026-08-24T13:13:42+00:00,0.0,5.71,230.13,235.84
2026-08-24T13:13:52+00:00,7.7,5.95,229.89,235.84
2026-08-24T13:14:02+00:00,3.3,6.65,229.19,235.84
2026-08-24T13:14:13+00:00,0.1,6.07,229.77,235.84
2026-08-24T13:14:23+00:00,0.0,6.06,229.78,235.84
2026-08-24T13:14:33+00:00,0.1,5.94,229.90,235.84
2026-08-24T13:14:44+00:00,0.7,5.85,229.99,235.84
2026-08-24T13:14:54+00:00,0.3,5.82,230.02,235.84
2026-08-24T13:15:04+00:00,0.1,5.66,230.18,235.84
2026-08-24T13:15:15+00:00,0.1,5.75,230.09,235.84
2026-08-24T13:15:25+00:00,0.0,5.70,230.14,235.84
2026-08-24T13:15:36+00:00,3.6,6.68,229.16,235.84
2026-08-24T13:15:46+00:00,0.4,6.07,229.77,235.84
2026-08-24T13:15:56+00:00,0.5,6.00,229.84,235.84
2026-08-24T13:16:07+00:00,0.0,5.87,229.97,235.84
2026-08-24T13:16:17+00:00,0.1,5.85,229.99,235.84
2026-08-24T13:16:27+00:00,28.2,7.68,228.16,235.84
2026-08-24T13:16:38+00:00,3.2,7.77,228.07,235.84
2026-08-24T13:16:48+00:00,0.0,6.80,229.04,235.84
2026-08-24T13:16:58+00:00,0.0,6.73,229.11,235.84
2026-08-24T13:17:09+00:00,0.0,6.69,229.15,235.84
2026-08-24T13:17:19+00:00,0.0,6.58,229.26,235.84
2026-08-24T13:17:29+00:00,0.0,6.57,229.27,235.84
2026-08-24T13:17:40+00:00,0.6,6.47,229.37,235.84
2026-08-24T13:17:50+00:00,0.4,6.36,229.48,235.84
2026-08-24T13:18:00+00:00,1.0,6.21,229.63,235.84
2026-08-24T13:18:11+00:00,0.0,6.11,229.73,235.84
2026-08-24T13:18:21+00:00,0.1,6.06,229.78,235.84
2026-08-24T13:18:32+00:00,0.4,6.03,229.81,235.84
2026-08-24T13:18:42+00:00,0.0,5.95,229.89,235.84
2026-08-24T13:18:52+00:00,0.1,5.94,229.90,235.84
2026-08-24T13:19:03+00:00,0.2,5.93,229.91,235.84
2026-08-24T13:19:13+00:00,0.0,5.94,229.90,235.84
2026-08-24T13:19:23+00:00,3.1,6.20,229.64,235.84
2026-08-24T13:19:34+00:00,9.6,6.14,229.70,235.84
2026-08-24T13:19:44+00:00,3.3,7.09,228.75,235.84
2026-08-24T13:19:54+00:00,3.8,7.40,228.44,235.84
2026-08-24T13:20:05+00:00,0.0,6.33,229.51,235.84
2026-08-24T13:20:15+00:00,0.7,6.19,229.65,235.84
2026-08-24T13:20:25+00:00,0.5,6.05,229.79,235.84
2026-08-24T13:20:36+00:00,0.3,6.01,229.83,235.84
2026-08-24T13:20:46+00:00,3.2,6.83,229.01,235.84
2026-08-24T13:20:57+00:00,0.1,6.82,229.02,235.84
2026-08-24T13:21:07+00:00,0.1,5.68,230.16,235.84
2026-08-24T13:21:17+00:00,0.4,5.68,230.16,235.84
2026-08-24T13:21:28+00:00,0.3,5.67,230.17,235.84
2026-08-24T13:21:38+00:00,0.0,5.69,230.15,235.84
2026-08-24T13:21:48+00:00,0.1,5.66,230.18,235.84
2026-08-24T13:21:59+00:00,0.1,5.68,230.16,235.84
2026-08-24T13:22:09+00:00,0.8,5.77,230.07,235.84
2026-08-24T13:22:19+00:00,0.1,5.73,230.11,235.84
2026-08-24T13:22:30+00:00,0.3,5.71,230.13,235.84
2026-08-24T13:22:40+00:00,0.6,5.74,230.10,235.84
2026-08-24T13:22:50+00:00,0.0,5.72,230.12,235.84
2026-08-24T13:23:01+00:00,0.0,5.72,230.12,235.84
2026-08-24T13:23:11+00:00,0.3,5.76,230.08,235.84
2026-08-24T13:23:22+00:00,0.7,5.71,230.13,235.84
2026-08-24T13:23:32+00:00,0.1,5.72,230.12,235.84
2026-08-24T13:23:42+00:00,0.1,5.76,230.08,235.84
2026-08-24T13:23:53+00:00,0.0,5.74,230.10,235.84
2026-08-24T13:24:03+00:00,0.1,5.70,230.14,235.84
2026-08-24T13:24:13+00:00,2.1,5.74,230.10,235.84
2026-08-24T13:24:24+00:00,0.0,5.68,230.16,235.84
2026-08-24T13:24:34+00:00,0.0,5.69,230.15,235.84
2026-08-24T13:24:44+00:00,3.4,5.66,230.18,235.84
2026-08-24T13:24:55+00:00,0.3,5.67,230.17,235.84
2026-08-24T13:25:05+00:00,0.5,5.66,230.18,235.84
2026-08-24T13:25:16+00:00,1.9,5.67,230.17,235.84
2026-08-24T13:25:26+00:00,0.1,5.64,230.20,235.84
2026-08-24T13:25:36+00:00,0.0,5.64,230.20,235.84
2026-08-24T13:25:47+00:00,0.0,5.64,230.20,235.84
2026-08-24T13:25:57+00:00,0.0,5.66,230.18,235.84
2026-08-24T13:26:07+00:00,0.2,6.61,229.23,235.84
2026-08-24T13:26:18+00:00,0.0,6.53,229.31,235.84
2026-08-24T13:26:28+00:00,0.0,6.50,229.34,235.84
2026-08-24T13:26:38+00:00,0.1,6.39,229.45,235.84
2026-08-24T13:26:49+00:00,0.4,6.32,229.52,235.84
2026-08-24T13:26:59+00:00,0.0,6.23,229.61,235.84
2026-08-24T13:27:09+00:00,0.0,6.14,229.70,235.84
2026-08-24T13:27:20+00:00,0.0,6.11,229.73,235.84
2026-08-24T13:27:30+00:00,0.4,6.08,229.76,235.84
2026-08-24T13:27:41+00:00,0.4,6.09,229.75,235.84
2026-08-24T13:27:51+00:00,0.0,6.09,229.75,235.84
2026-08-24T13:28:01+00:00,0.0,6.06,229.78,235.84
2026-08-24T13:28:12+00:00,0.2,6.04,229.80,235.84
2026-08-24T13:28:22+00:00,0.4,5.98,229.86,235.84
2026-08-24T13:28:32+00:00,0.0,5.96,229.88,235.84
2026-08-24T13:28:43+00:00,0.0,5.92,229.92,235.84
2026-08-24T13:28:53+00:00,0.0,5.91,229.93,235.84
2026-08-24T13:29:03+00:00,0.1,5.90,229.94,235.84
2026-08-24T13:29:14+00:00,0.0,5.91,229.93,235.84
2026-08-24T13:29:24+00:00,0.0,5.88,229.96,235.84
2026-08-24T13:29:34+00:00,0.1,5.82,230.02,235.84
2026-08-24T13:29:45+00:00,0.1,5.80,230.04,235.84
2026-08-24T13:29:55+00:00,0.0,5.75,230.09,235.84
2026-08-24T13:30:06+00:00,0.0,5.75,230.09,235.84
2026-08-24T13:30:16+00:00,0.0,5.64,230.20,235.84
2026-08-24T13:30:26+00:00,0.1,5.63,230.21,235.84
2026-08-24T13:30:37+00:00,3.0,5.71,230.13,235.84
2026-08-24T13:30:47+00:00,0.0,5.65,230.19,235.84
2026-08-24T13:30:57+00:00,0.0,5.66,230.18,235.84
2026-08-24T13:31:08+00:00,3.4,5.72,230.12,235.84
2026-08-24T13:31:18+00:00,0.0,5.69,230.15,235.84
2026-08-24T13:31:28+00:00,0.0,5.66,230.18,235.84
2026-08-24T13:31:39+00:00,0.3,5.69,230.15,235.84
2026-08-24T13:31:49+00:00,0.2,5.67,230.17,235.84
2026-08-24T13:31:59+00:00,0.5,5.66,230.18,235.84
2026-08-24T13:32:10+00:00,0.3,5.66,230.18,235.84
2026-08-24T13:32:20+00:00,0.1,5.69,230.15,235.84
2026-08-24T13:32:31+00:00,0.6,5.69,230.15,235.84
2026-08-24T13:32:41+00:00,0.5,5.68,230.16,235.84
2026-08-24T13:32:51+00:00,0.0,5.65,230.19,235.84
2026-08-24T13:33:02+00:00,0.1,5.67,230.17,235.84
2026-08-24T13:33:12+00:00,0.1,5.70,230.14,235.84
2026-08-24T13:33:22+00:00,0.2,5.67,230.17,235.84
2026-08-24T13:33:33+00:00,0.0,5.71,230.13,235.84
2026-08-24T13:33:43+00:00,6.6,5.76,230.08,235.84
2026-08-24T13:33:53+00:00,3.2,10.55,225.29,235.84
2026-08-24T13:34:04+00:00,3.2,15.95,219.89,235.84
2026-08-24T13:34:14+00:00,3.1,21.31,214.53,235.84
2026-08-24T13:34:24+00:00,3.1,26.71,209.13,235.84
2026-08-24T13:34:35+00:00,3.2,15.63,220.21,235.84
2026-08-24T13:34:45+00:00,0.1,6.64,229.20,235.84
2026-08-24T13:34:55+00:00,0.0,6.60,229.24,235.84
2026-08-24T13:35:06+00:00,0.0,6.48,229.36,235.84
2026-08-24T13:35:16+00:00,0.0,6.39,229.45,235.84
2026-08-24T13:35:27+00:00,0.0,6.33,229.51,235.84
2026-08-24T13:35:37+00:00,0.0,6.32,229.52,235.84
2026-08-24T13:35:47+00:00,0.4,6.32,229.52,235.84
2026-08-24T13:35:58+00:00,0.0,7.26,228.58,235.84
2026-08-24T13:36:08+00:00,0.1,7.16,228.68,235.84
2026-08-24T13:36:18+00:00,0.2,7.09,228.75,235.84
2026-08-24T13:36:29+00:00,0.0,7.01,228.83,235.84
2026-08-24T13:36:39+00:00,0.0,6.95,228.89,235.84
2026-08-24T13:36:49+00:00,0.1,6.85,228.99,235.84
2026-08-24T13:37:00+00:00,0.0,6.74,229.10,235.84
2026-08-24T13:37:10+00:00,0.1,6.68,229.16,235.84
2026-08-24T13:37:21+00:00,0.1,6.68,229.16,235.84
2026-08-24T13:37:31+00:00,0.5,6.64,229.20,235.84
2026-08-24T13:37:41+00:00,0.3,6.64,229.20,235.84
2026-08-24T13:37:52+00:00,0.1,6.60,229.24,235.84
2026-08-24T13:38:02+00:00,0.5,6.55,229.29,235.84
2026-08-24T13:38:12+00:00,0.0,6.45,229.39,235.84
2026-08-24T13:38:23+00:00,0.3,6.45,229.39,235.84
2026-08-24T13:38:33+00:00,0.0,6.34,229.50,235.84
2026-08-24T13:38:43+00:00,0.1,6.38,229.46,235.84
2026-08-24T13:38:54+00:00,0.0,6.34,229.50,235.84
2026-08-24T13:39:04+00:00,1.1,6.31,229.53,235.84
2026-08-24T13:39:14+00:00,0.1,6.15,229.69,235.84
2026-08-24T13:39:25+00:00,0.4,6.08,229.76,235.84
2026-08-24T13:39:35+00:00,0.0,5.92,229.92,235.84
2026-08-24T13:39:45+00:00,3.2,5.83,230.01,235.84
2026-08-24T13:39:56+00:00,0.1,5.69,230.15,235.84
2026-08-24T13:40:06+00:00,0.4,5.69,230.15,235.84
2026-08-24T13:40:17+00:00,0.5,5.84,230.00,235.84
2026-08-24T13:40:27+00:00,0.0,5.68,230.16,235.84
2026-08-24T13:40:37+00:00,2.4,5.76,230.08,235.84
2026-08-24T13:40:48+00:00,8.5,5.90,229.94,235.84
2026-08-24T13:40:58+00:00,3.1,6.68,229.16,235.84
2026-08-24T13:41:08+00:00,0.4,5.84,230.00,235.84
2026-08-24T13:41:19+00:00,0.1,5.79,230.05,235.84
2026-08-24T13:41:29+00:00,1.2,5.67,230.17,235.84
2026-08-24T13:41:39+00:00,21.3,6.62,229.22,235.84
2026-08-24T13:41:50+00:00,3.1,6.86,228.98,235.84
2026-08-24T13:42:00+00:00,0.0,5.64,230.20,235.84
2026-08-24T13:42:10+00:00,0.1,5.65,230.19,235.84
2026-08-24T13:42:21+00:00,0.4,5.66,230.18,235.84
2026-08-24T13:42:31+00:00,0.5,5.66,230.18,235.84
2026-08-24T13:42:42+00:00,0.0,5.65,230.19,235.84
2026-08-24T13:42:52+00:00,0.2,5.65,230.19,235.84
2026-08-24T13:43:02+00:00,0.0,5.61,230.23,235.84
2026-08-24T13:43:13+00:00,0.0,5.66,230.18,235.84
2026-08-24T13:43:23+00:00,0.1,5.67,230.17,235.84
2026-08-24T13:43:33+00:00,0.1,5.69,230.15,235.84
2026-08-24T13:43:44+00:00,0.1,5.71,230.13,235.84
2026-08-24T13:43:54+00:00,0.0,5.68,230.16,235.84
2026-08-24T13:44:04+00:00,0.0,5.66,230.18,235.84
2026-08-24T13:44:15+00:00,0.1,5.63,230.21,235.84
2026-08-24T13:44:25+00:00,0.4,5.65,230.19,235.84
2026-08-24T13:44:35+00:00,0.0,5.68,230.16,235.84
2026-08-24T13:44:46+00:00,1.6,5.67,230.17,235.84
2026-08-24T13:44:56+00:00,0.1,5.69,230.15,235.84
2026-08-24T13:45:07+00:00,0.1,5.70,230.14,235.84
2026-08-24T13:45:17+00:00,0.4,5.74,230.10,235.84
2026-08-24T13:45:27+00:00,0.0,5.66,230.18,235.84
2026-08-24T13:45:38+00:00,0.0,5.70,230.14,235.84
2026-08-24T13:45:48+00:00,0.4,7.09,228.75,235.84
2026-08-24T13:45:58+00:00,0.0,6.88,228.96,235.84
2026-08-24T13:46:09+00:00,0.0,6.73,229.11,235.84
2026-08-24T13:46:19+00:00,1.9,6.71,229.13,235.84
2026-08-24T13:46:29+00:00,0.1,6.58,229.26,235.84
2026-08-24T13:46:40+00:00,0.0,6.48,229.36,235.84
2026-08-24T13:46:50+00:00,3.0,6.40,229.44,235.84
2026-08-24T13:47:01+00:00,0.1,6.28,229.56,235.84
2026-08-24T13:47:11+00:00,0.1,6.15,229.69,235.84
2026-08-24T13:47:21+00:00,2.1,6.11,229.73,235.84
2026-08-24T13:47:32+00:00,0.1,6.06,229.78,235.84
2026-08-24T13:47:42+00:00,0.0,6.00,229.84,235.84
2026-08-24T13:47:52+00:00,0.1,5.90,229.94,235.84
2026-08-24T13:48:03+00:00,0.1,5.80,230.04,235.84
2026-08-24T13:48:13+00:00,0.0,5.72,230.12,235.84
2026-08-24T13:48:23+00:00,0.0,5.68,230.16,235.84
2026-08-24T13:48:34+00:00,0.0,5.67,230.17,235.84
2026-08-24T13:48:44+00:00,0.1,5.70,230.14,235.84
2026-08-24T13:48:54+00:00,0.0,5.67,230.17,235.84
2026-08-24T13:49:05+00:00,0.4,5.68,230.16,235.84
2026-08-24T13:49:15+00:00,0.0,5.67,230.17,235.84
2026-08-24T13:49:26+00:00,0.1,5.67,230.17,235.84
2026-08-24T13:49:36+00:00,0.5,5.67,230.17,235.84
2026-08-24T13:49:46+00:00,0.0,5.69,230.15,235.84
2026-08-24T13:49:57+00:00,0.0,5.72,230.12,235.84
2026-08-24T13:50:07+00:00,0.5,5.68,230.16,235.84
2026-08-24T13:50:17+00:00,0.0,5.65,230.19,235.84
2026-08-24T13:50:28+00:00,0.0,5.65,230.19,235.84
2026-08-24T13:50:38+00:00,0.1,5.64,230.20,235.84
2026-08-24T13:50:48+00:00,0.1,5.66,230.18,235.84
2026-08-24T13:50:59+00:00,0.3,5.69,230.15,235.84
2026-08-24T13:51:09+00:00,0.0,5.66,230.18,235.84
2026-08-24T13:51:19+00:00,0.1,5.66,230.18,235.84
2026-08-24T13:51:30+00:00,0.0,5.66,230.18,235.84
2026-08-24T13:51:40+00:00,0.1,5.68,230.16,235.84
2026-08-24T13:51:51+00:00,0.1,5.66,230.18,235.84
2026-08-24T13:52:01+00:00,0.1,5.67,230.17,235.84
2026-08-24T13:52:11+00:00,0.4,5.71,230.13,235.84
2026-08-24T13:52:22+00:00,0.5,5.72,230.12,235.84
2026-08-24T13:52:32+00:00,0.0,5.70,230.14,235.84
2026-08-24T13:52:42+00:00,2.9,5.70,230.14,235.84
2026-08-24T13:52:53+00:00,0.1,5.67,230.17,235.84
2026-08-24T13:53:03+00:00,0.1,5.67,230.17,235.84
2026-08-24T13:53:13+00:00,0.2,5.68,230.16,235.84
2026-08-24T13:53:24+00:00,0.0,5.69,230.15,235.84
2026-08-24T13:53:34+00:00,0.0,5.72,230.12,235.84
2026-08-24T13:53:44+00:00,0.0,5.70,230.14,235.84
2026-08-24T13:53:55+00:00,0.0,5.71,230.13,235.84
2026-08-24T13:54:05+00:00,0.0,5.68,230.16,235.84
2026-08-24T13:54:16+00:00,0.0,5.71,230.13,235.84
2026-08-24T13:54:26+00:00,0.0,5.71,230.13,235.84
2026-08-24T13:54:36+00:00,0.0,5.72,230.12,235.84
2026-08-24T13:54:47+00:00,0.2,5.69,230.15,235.84
2026-08-24T13:54:57+00:00,0.0,5.70,230.14,235.84
2026-08-24T13:55:07+00:00,0.4,5.68,230.16,235.84
2026-08-24T13:55:18+00:00,0.3,5.65,230.19,235.84
2026-08-24T13:55:28+00:00,0.0,5.62,230.22,235.84
2026-08-24T13:55:38+00:00,0.0,6.28,229.56,235.84
2026-08-24T13:55:49+00:00,0.0,6.21,229.63,235.84
2026-08-24T13:55:59+00:00,0.1,6.18,229.66,235.84
2026-08-24T13:56:09+00:00,0.2,6.13,229.71,235.84
2026-08-24T13:56:20+00:00,0.1,6.09,229.75,235.84
2026-08-24T13:56:30+00:00,0.1,6.07,229.77,235.84
2026-08-24T13:56:41+00:00,0.1,6.00,229.84,235.84
2026-08-24T13:56:51+00:00,0.1,5.96,229.88,235.84
2026-08-24T13:57:01+00:00,0.1,5.90,229.94,235.84
2026-08-24T13:57:12+00:00,0.7,5.89,229.95,235.84
2026-08-24T13:57:22+00:00,0.4,5.88,229.96,235.84
2026-08-24T13:57:32+00:00,0.4,5.83,230.01,235.84
2026-08-24T13:57:43+00:00,0.2,5.79,230.05,235.84
2026-08-24T13:57:53+00:00,0.0,5.81,230.03,235.84
2026-08-24T13:58:03+00:00,0.0,5.79,230.05,235.84
2026-08-24T13:58:14+00:00,0.0,5.76,230.08,235.84
2026-08-24T13:58:24+00:00,0.2,5.70,230.14,235.84
2026-08-24T13:58:34+00:00,0.3,5.66,230.18,235.84
2026-08-24T13:58:45+00:00,0.0,5.68,230.16,235.84
2026-08-24T13:58:55+00:00,0.1,5.65,230.19,235.84
2026-08-24T13:59:06+00:00,7.1,5.77,230.07,235.84
2026-08-24T13:59:16+00:00,0.2,5.72,230.12,235.84
2026-08-24T13:59:26+00:00,0.1,5.69,230.15,235.84
2026-08-24T13:59:37+00:00,0.1,5.70,230.14,235.84
2026-08-24T13:59:47+00:00,0.1,5.70,230.14,235.84
2026-08-24T13:59:57+00:00,1.9,5.71,230.13,235.84
2026-08-24T14:00:08+00:00,0.1,5.66,230.18,235.84
2026-08-24T14:00:18+00:00,0.0,5.68,230.16,235.84
2026-08-24T14:00:28+00:00,0.4,5.68,230.16,235.84
2026-08-24T14:00:39+00:00,0.0,5.70,230.14,235.84
2026-08-24T14:00:49+00:00,0.1,5.70,230.14,235.84
2026-08-24T14:01:00+00:00,0.0,5.70,230.14,235.84
2026-08-24T14:01:10+00:00,0.7,5.68,230.16,235.84
2026-08-24T14:01:20+00:00,0.1,5.68,230.16,235.84
2026-08-24T14:01:31+00:00,0.3,5.67,230.17,235.84
2026-08-24T14:01:41+00:00,0.3,5.69,230.15,235.84
2026-08-24T14:01:51+00:00,0.0,5.67,230.17,235.84
2026-08-24T14:02:02+00:00,0.0,5.69,230.15,235.84
2026-08-24T14:02:12+00:00,0.8,5.70,230.14,235.84
2026-08-24T14:02:22+00:00,0.6,5.64,230.20,235.84
2026-08-24T14:02:33+00:00,0.0,5.70,230.14,235.84
2026-08-24T14:02:43+00:00,0.0,5.72,230.12,235.84
2026-08-24T14:02:53+00:00,0.0,5.70,230.14,235.84
2026-08-24T14:03:04+00:00,0.1,5.70,230.14,235.84
2026-08-24T14:03:14+00:00,0.1,5.69,230.15,235.84
2026-08-24T14:03:25+00:00,0.0,5.71,230.13,235.84
2026-08-24T14:03:35+00:00,0.0,5.76,230.08,235.84
2026-08-24T14:03:45+00:00,0.3,5.71,230.13,235.84
2026-08-24T14:03:56+00:00,0.2,5.72,230.12,235.84
2026-08-24T14:04:06+00:00,2.8,5.74,230.10,235.84
2026-08-24T14:04:16+00:00,0.0,5.59,230.25,235.84
2026-08-24T14:04:27+00:00,0.1,5.60,230.24,235.84
2026-08-24T14:04:37+00:00,3.8,5.65,230.19,235.84
2026-08-24T14:04:47+00:00,0.4,5.61,230.23,235.84
2026-08-24T14:04:58+00:00,0.0,5.60,230.24,235.84
2026-08-24T14:05:08+00:00,0.0,5.67,230.17,235.84
2026-08-24T14:05:19+00:00,1.8,5.64,230.20,235.84
2026-08-24T14:05:29+00:00,0.0,6.36,229.48,235.84
2026-08-24T14:05:39+00:00,0.1,6.34,229.50,235.84
2026-08-24T14:05:50+00:00,0.4,6.35,229.49,235.84
2026-08-24T14:06:00+00:00,0.0,6.34,229.50,235.84
2026-08-24T14:06:10+00:00,0.1,6.33,229.51,235.84
2026-08-24T14:06:21+00:00,0.0,6.32,229.52,235.84
2026-08-24T14:06:31+00:00,0.1,6.26,229.58,235.84
2026-08-24T14:06:41+00:00,0.0,6.27,229.57,235.84
2026-08-24T14:06:52+00:00,0.1,6.29,229.55,235.84
2026-08-24T14:07:02+00:00,0.0,6.26,229.58,235.84
2026-08-24T14:07:12+00:00,0.7,6.30,229.54,235.84
2026-08-24T14:07:23+00:00,0.1,6.28,229.56,235.84
2026-08-24T14:07:33+00:00,0.2,6.28,229.56,235.84
2026-08-24T14:07:43+00:00,0.1,6.28,229.56,235.84
2026-08-24T14:07:54+00:00,0.0,6.21,229.63,235.84
2026-08-24T14:08:04+00:00,0.0,6.20,229.64,235.84
2026-08-24T14:08:15+00:00,0.1,6.19,229.65,235.84
2026-08-24T14:08:25+00:00,2.2,6.21,229.63,235.84
2026-08-24T14:08:35+00:00,0.1,6.12,229.72,235.84
2026-08-24T14:08:46+00:00,0.0,6.78,229.06,235.84
2026-08-24T14:08:56+00:00,0.0,6.24,229.60,235.84
2026-08-24T14:09:06+00:00,3.3,6.76,229.08,235.84
2026-08-24T14:09:17+00:00,3.1,7.30,228.54,235.84
2026-08-24T14:09:27+00:00,3.2,7.44,228.40,235.84
2026-08-24T14:09:37+00:00,0.0,6.21,229.63,235.84
2026-08-24T14:09:48+00:00,0.0,6.17,229.67,235.84
2026-08-24T14:09:58+00:00,0.1,6.11,229.73,235.84
2026-08-24T14:10:08+00:00,0.0,6.04,229.80,235.84
2026-08-24T14:10:19+00:00,0.0,6.01,229.83,235.84
2026-08-24T14:10:29+00:00,0.0,5.93,229.91,235.84
2026-08-24T14:10:40+00:00,1.3,5.85,229.99,235.84
2026-08-24T14:10:50+00:00,0.0,5.83,230.01,235.84
2026-08-24T14:11:00+00:00,0.1,5.77,230.07,235.84
2026-08-24T14:11:11+00:00,0.0,5.71,230.13,235.84
2026-08-24T14:11:21+00:00,0.1,5.71,230.13,235.84
2026-08-24T14:11:31+00:00,0.1,5.66,230.18,235.84
2026-08-24T14:11:42+00:00,0.5,5.71,230.13,235.84
2026-08-24T14:11:52+00:00,3.1,6.41,229.43,235.84
2026-08-24T14:12:02+00:00,3.6,24.57,211.27,235.84
2026-08-24T14:12:13+00:00,0.8,6.43,229.41,235.84
2026-08-24T14:12:23+00:00,0.0,6.42,229.42,235.84
2026-08-24T14:12:33+00:00,0.0,6.24,229.60,235.84
2026-08-24T14:12:44+00:00,0.0,5.99,229.85,235.84
2026-08-24T14:12:54+00:00,0.0,5.95,229.89,235.84
2026-08-24T14:13:05+00:00,0.0,5.82,230.02,235.84
2026-08-24T14:13:15+00:00,0.1,5.76,230.08,235.84
2026-08-24T14:13:25+00:00,0.1,5.69,230.15,235.84
2026-08-24T14:13:36+00:00,0.3,5.70,230.14,235.84
2026-08-24T14:13:46+00:00,0.3,5.72,230.12,235.84
2026-08-24T14:13:56+00:00,3.2,6.65,229.19,235.84
2026-08-24T14:14:07+00:00,3.2,6.22,229.62,235.84
2026-08-24T14:14:17+00:00,0.1,6.20,229.64,235.84
2026-08-24T14:14:27+00:00,2.0,6.14,229.70,235.84
2026-08-24T14:14:38+00:00,3.3,7.06,228.78,235.84
2026-08-24T14:14:48+00:00,3.6,7.81,228.03,235.84
2026-08-24T14:14:58+00:00,0.0,6.36,229.48,235.84
2026-08-24T14:15:09+00:00,0.5,6.16,229.68,235.84
2026-08-24T14:15:19+00:00,0.4,7.01,228.83,235.84
2026-08-24T14:15:30+00:00,0.1,6.88,228.96,235.84
2026-08-24T14:15:40+00:00,0.5,6.78,229.06,235.84
2026-08-24T14:15:50+00:00,0.0,6.66,229.18,235.84
2026-08-24T14:16:01+00:00,0.0,6.55,229.29,235.84
2026-08-24T14:16:11+00:00,0.5,6.54,229.30,235.84
2026-08-24T14:16:21+00:00,0.1,6.47,229.37,235.84
2026-08-24T14:16:32+00:00,0.0,6.36,229.48,235.84
2026-08-24T14:16:42+00:00,0.0,6.25,229.59,235.84
2026-08-24T14:16:52+00:00,0.2,6.23,229.61,235.84
2026-08-24T14:17:03+00:00,0.5,6.16,229.68,235.84
2026-08-24T14:17:13+00:00,0.4,6.11,229.73,235.84
2026-08-24T14:17:23+00:00,0.1,6.04,229.80,235.84
2026-08-24T14:17:34+00:00,0.2,6.01,229.83,235.84
2026-08-24T14:17:44+00:00,0.0,5.97,229.87,235.84
2026-08-24T14:17:55+00:00,0.0,5.94,229.90,235.84
2026-08-24T14:18:05+00:00,0.1,5.92,229.92,235.84
2026-08-24T14:18:15+00:00,0.0,5.92,229.92,235.84
2026-08-24T14:18:26+00:00,0.2,5.92,229.92,235.84
2026-08-24T14:18:36+00:00,0.6,5.90,229.94,235.84
2026-08-24T14:18:46+00:00,0.1,5.82,230.02,235.84
2026-08-24T14:18:57+00:00,0.1,5.82,230.02,235.84
2026-08-24T14:19:07+00:00,0.0,5.77,230.07,235.84
2026-08-24T14:19:17+00:00,0.0,5.78,230.06,235.84
2026-08-24T14:19:28+00:00,0.0,5.74,230.10,235.84
2026-08-24T14:19:38+00:00,0.0,5.71,230.13,235.84
2026-08-24T14:19:49+00:00,0.0,5.72,230.12,235.84
2026-08-24T14:19:59+00:00,0.1,5.69,230.15,235.84
2026-08-24T14:20:09+00:00,0.0,5.61,230.23,235.84
2026-08-24T14:20:20+00:00,1.6,5.63,230.21,235.84
2026-08-24T14:20:30+00:00,0.4,5.64,230.20,235.84
2026-08-24T14:20:40+00:00,0.0,5.66,230.18,235.84
2026-08-24T14:20:51+00:00,0.2,5.73,230.11,235.84
2026-08-24T14:21:01+00:00,0.2,5.67,230.17,235.84
2026-08-24T14:21:11+00:00,0.4,5.67,230.17,235.84
2026-08-24T14:21:22+00:00,0.1,5.74,230.10,235.84
2026-08-24T14:21:32+00:00,0.1,5.69,230.15,235.84
2026-08-24T14:21:42+00:00,0.0,5.69,230.15,235.84
2026-08-24T14:21:53+00:00,2.6,5.74,230.10,235.84
2026-08-24T14:22:03+00:00,0.4,5.71,230.13,235.84
2026-08-24T14:22:14+00:00,0.2,5.70,230.14,235.84
2026-08-24T14:22:24+00:00,3.2,5.72,230.12,235.84
2026-08-24T14:22:34+00:00,0.0,5.66,230.18,235.84
2026-08-24T14:22:45+00:00,0.0,5.68,230.16,235.84
2026-08-24T14:22:55+00:00,0.9,5.69,230.15,235.84
2026-08-24T14:23:05+00:00,0.0,5.70,230.14,235.84
2026-08-24T14:23:16+00:00,0.2,5.71,230.13,235.84
2026-08-24T14:23:26+00:00,0.0,5.69,230.15,235.84
2026-08-24T14:23:36+00:00,0.0,5.69,230.15,235.84
2026-08-24T14:23:47+00:00,0.4,5.67,230.17,235.84
2026-08-24T14:23:57+00:00,0.3,5.68,230.16,235.84
2026-08-24T14:24:07+00:00,0.0,5.69,230.15,235.84
2026-08-24T14:24:18+00:00,0.0,5.68,230.16,235.84
2026-08-24T14:24:28+00:00,0.9,5.68,230.16,235.84
2026-08-24T14:24:39+00:00,0.1,5.66,230.18,235.84
2026-08-24T14:24:49+00:00,0.0,5.62,230.22,235.84
2026-08-24T14:24:59+00:00,1.7,5.67,230.17,235.84
2026-08-24T14:25:10+00:00,0.0,6.36,229.48,235.84
2026-08-24T14:25:20+00:00,0.1,6.31,229.53,235.84
2026-08-24T14:25:30+00:00,0.2,6.29,229.55,235.84
2026-08-24T14:25:41+00:00,0.1,6.23,229.61,235.84
2026-08-24T14:25:51+00:00,0.0,6.17,229.67,235.84
2026-08-24T14:26:01+00:00,0.0,6.04,229.80,235.84
2026-08-24T14:26:12+00:00,0.6,6.00,229.84,235.84
2026-08-24T14:26:22+00:00,0.0,5.92,229.92,235.84
2026-08-24T14:26:32+00:00,0.0,5.91,229.93,235.84
2026-08-24T14:26:43+00:00,0.1,5.84,230.00,235.84
2026-08-24T14:26:53+00:00,0.4,5.80,230.04,235.84
2026-08-24T14:27:04+00:00,0.2,5.78,230.06,235.84
2026-08-24T14:27:14+00:00,0.0,5.73,230.11,235.84
2026-08-24T14:27:24+00:00,0.0,5.66,230.18,235.84
2026-08-24T14:27:35+00:00,0.0,5.65,230.19,235.84
2026-08-24T14:27:45+00:00,0.1,5.67,230.17,235.84
2026-08-24T14:27:55+00:00,0.1,5.63,230.21,235.84
2026-08-24T14:28:06+00:00,0.0,5.65,230.19,235.84
2026-08-24T14:28:16+00:00,0.0,5.66,230.18,235.84
2026-08-24T14:28:26+00:00,0.0,5.73,230.11,235.84
2026-08-24T14:28:37+00:00,0.1,5.71,230.13,235.84
2026-08-24T14:28:47+00:00,0.0,5.72,230.12,235.84
2026-08-24T14:28:57+00:00,0.0,5.70,230.14,235.84
2026-08-24T14:29:08+00:00,0.0,5.72,230.12,235.84
2026-08-24T14:29:18+00:00,0.1,5.70,230.14,235.84
2026-08-24T14:29:29+00:00,0.2,5.69,230.15,235.84
2026-08-24T14:29:39+00:00,0.0,5.72,230.12,235.84
2026-08-24T14:29:49+00:00,0.0,5.71,230.13,235.84
2026-08-24T14:30:00+00:00,0.1,5.69,230.15,235.84
2026-08-24T14:30:10+00:00,1.2,5.66,230.18,235.84
2026-08-24T14:30:20+00:00,0.4,5.71,230.13,235.84
2026-08-24T14:30:31+00:00,0.0,5.66,230.18,235.84
2026-08-24T14:30:41+00:00,0.0,5.67,230.17,235.84
2026-08-24T14:30:51+00:00,0.0,5.69,230.15,235.84
2026-08-24T14:31:02+00:00,0.2,5.70,230.14,235.84
2026-08-24T14:31:12+00:00,0.0,5.69,230.15,235.84
2026-08-24T14:31:23+00:00,0.4,5.66,230.18,235.84
2026-08-24T14:31:33+00:00,0.1,5.66,230.18,235.84
2026-08-24T14:31:43+00:00,0.3,5.69,230.15,235.84
2026-08-24T14:31:54+00:00,0.5,5.70,230.14,235.84
2026-08-24T14:32:04+00:00,0.1,5.71,230.13,235.84
2026-08-24T14:32:14+00:00,0.0,5.69,230.15,235.84
2026-08-24T14:32:25+00:00,0.0,5.72,230.12,235.84
2026-08-24T14:32:35+00:00,0.5,5.68,230.16,235.84
2026-08-24T14:32:45+00:00,0.0,5.66,230.18,235.84
2026-08-24T14:32:56+00:00,0.0,5.69,230.15,235.84
2026-08-24T14:33:06+00:00,0.1,5.66,230.18,235.84
2026-08-24T14:33:16+00:00,0.2,5.66,230.18,235.84
2026-08-24T14:33:27+00:00,0.0,5.64,230.20,235.84
2026-08-24T14:33:37+00:00,0.0,5.62,230.22,235.84
2026-08-24T14:33:48+00:00,0.0,5.63,230.21,235.84
2026-08-24T14:33:58+00:00,0.0,5.66,230.18,235.84
2026-08-24T14:34:08+00:00,0.2,5.61,230.23,235.84
2026-08-24T14:34:19+00:00,0.4,5.63,230.21,235.84
2026-08-24T14:34:29+00:00,0.0,5.68,230.16,235.84
2026-08-24T14:34:39+00:00,0.0,5.68,230.16,235.84
2026-08-24T14:34:50+00:00,8.7,5.70,230.14,235.84
2026-08-24T14:35:00+00:00,0.0,6.75,229.09,235.84
2026-08-24T14:35:10+00:00,0.0,6.59,229.25,235.84
2026-08-24T14:35:21+00:00,0.0,6.50,229.34,235.84
2026-08-24T14:35:31+00:00,0.0,6.43,229.41,235.84
2026-08-24T14:35:41+00:00,0.2,6.38,229.46,235.84
2026-08-24T14:35:52+00:00,0.0,6.34,229.50,235.84
2026-08-24T14:36:02+00:00,0.0,6.29,229.55,235.84
2026-08-24T14:36:13+00:00,0.0,6.26,229.58,235.84
2026-08-24T14:36:23+00:00,0.1,6.21,229.63,235.84
2026-08-24T14:36:33+00:00,0.2,6.13,229.71,235.84
2026-08-24T14:36:44+00:00,0.4,6.09,229.75,235.84
2026-08-24T14:36:54+00:00,0.4,6.01,229.83,235.84
2026-08-24T14:37:04+00:00,0.0,5.96,229.88,235.84
2026-08-24T14:37:15+00:00,0.9,5.88,229.96,235.84
2026-08-24T14:37:25+00:00,0.1,5.88,229.96,235.84
2026-08-24T14:37:35+00:00,0.3,5.82,230.02,235.84
2026-08-24T14:37:46+00:00,0.0,5.79,230.05,235.84
2026-08-24T14:37:56+00:00,0.1,5.71,230.13,235.84
2026-08-24T14:38:06+00:00,0.1,5.67,230.17,235.84
2026-08-24T14:38:17+00:00,0.1,5.66,230.18,235.84
2026-08-24T14:38:27+00:00,0.0,5.66,230.18,235.84
2026-08-24T14:38:38+00:00,0.0,5.72,230.12,235.84
2026-08-24T14:38:48+00:00,0.0,5.71,230.13,235.84
2026-08-24T14:38:58+00:00,0.3,5.67,230.17,235.84
2026-08-24T14:39:09+00:00,0.0,5.68,230.16,235.84
2026-08-24T14:39:19+00:00,0.0,5.64,230.20,235.84
2026-08-24T14:39:29+00:00,0.6,5.63,230.21,235.84
2026-08-24T14:39:40+00:00,0.0,5.63,230.21,235.84
2026-08-24T14:39:50+00:00,0.2,5.67,230.17,235.84
2026-08-24T14:40:00+00:00,0.0,5.66,230.18,235.84
2026-08-24T14:40:11+00:00,0.1,5.73,230.11,235.84
2026-08-24T14:40:21+00:00,0.1,5.72,230.12,235.84
2026-08-24T14:40:31+00:00,0.2,5.74,230.10,235.84
2026-08-24T14:40:42+00:00,0.1,5.73,230.11,235.84
2026-08-24T14:40:52+00:00,0.0,5.72,230.12,235.84
2026-08-24T14:41:03+00:00,0.1,5.70,230.14,235.84
2026-08-24T14:41:13+00:00,0.0,5.71,230.13,235.84
2026-08-24T14:41:23+00:00,0.3,5.71,230.13,235.84
2026-08-24T14:41:34+00:00,0.1,5.72,230.12,235.84
2026-08-24T14:41:44+00:00,0.5,5.74,230.10,235.84
2026-08-24T14:41:54+00:00,0.4,5.73,230.11,235.84
2026-08-24T14:42:05+00:00,0.4,5.73,230.11,235.84
2026-08-24T14:42:15+00:00,0.3,5.76,230.08,235.84
2026-08-24T14:42:25+00:00,0.4,5.74,230.10,235.84
2026-08-24T14:42:36+00:00,0.1,5.75,230.09,235.84
2026-08-24T14:42:46+00:00,0.0,5.73,230.11,235.84
2026-08-24T14:42:57+00:00,0.1,5.72,230.12,235.84
2026-08-24T14:43:07+00:00,0.5,5.73,230.11,235.84
2026-08-24T14:43:17+00:00,0.3,5.71,230.13,235.84
2026-08-24T14:43:28+00:00,0.0,5.74,230.10,235.84
2026-08-24T14:43:38+00:00,0.1,5.72,230.12,235.84
2026-08-24T14:43:48+00:00,0.2,5.76,230.08,235.84
2026-08-24T14:43:59+00:00,0.1,5.74,230.10,235.84
2026-08-24T14:44:09+00:00,0.0,5.71,230.13,235.84
2026-08-24T14:44:19+00:00,0.1,5.72,230.12,235.84
2026-08-24T14:44:30+00:00,0.2,5.70,230.14,235.84
2026-08-24T14:44:40+00:00,0.2,5.72,230.12,235.84
2026-08-24T14:44:50+00:00,0.6,5.71,230.13,235.84
2026-08-24T14:45:01+00:00,6.6,5.71,230.13,235.84
2026-08-24T14:45:11+00:00,0.1,6.19,229.65,235.84
2026-08-24T14:45:22+00:00,0.0,6.13,229.71,235.84
2026-08-24T14:45:32+00:00,0.3,6.14,229.70,235.84
2026-08-24T14:45:42+00:00,0.1,6.09,229.75,235.84
2026-08-24T14:45:53+00:00,0.0,6.01,229.83,235.84
2026-08-24T14:46:03+00:00,1.7,5.96,229.88,235.84
2026-08-24T14:46:13+00:00,0.1,5.89,229.95,235.84
2026-08-24T14:46:24+00:00,0.1,5.83,230.01,235.84
2026-08-24T14:46:34+00:00,0.3,5.85,229.99,235.84
2026-08-24T14:46:44+00:00,0.4,5.70,230.14,235.84
2026-08-24T14:46:55+00:00,0.0,5.70,230.14,235.84
2026-08-24T14:47:05+00:00,0.9,5.73,230.11,235.84
2026-08-24T14:47:15+00:00,0.0,5.67,230.17,235.84
2026-08-24T14:47:26+00:00,0.0,5.67,230.17,235.84
2026-08-24T14:47:36+00:00,3.2,5.70,230.14,235.84
2026-08-24T14:47:47+00:00,0.0,5.68,230.16,235.84
2026-08-24T14:47:57+00:00,0.5,5.64,230.20,235.84
2026-08-24T14:48:07+00:00,2.6,5.68,230.16,235.84
2026-08-24T14:48:18+00:00,0.1,5.67,230.17,235.84
2026-08-24T14:48:28+00:00,0.0,5.69,230.15,235.84
2026-08-24T14:48:38+00:00,0.0,5.74,230.10,235.84
2026-08-24T14:48:49+00:00,0.1,5.68,230.16,235.84
2026-08-24T14:48:59+00:00,0.0,5.70,230.14,235.84
2026-08-24T14:49:09+00:00,0.5,5.71,230.13,235.84
2026-08-24T14:49:20+00:00,0.0,5.69,230.15,235.84
2026-08-24T14:49:30+00:00,0.4,5.69,230.15,235.84
2026-08-24T14:49:40+00:00,0.2,5.69,230.15,235.84
2026-08-24T14:49:51+00:00,0.0,5.69,230.15,235.84
2026-08-24T14:50:01+00:00,2.1,5.62,230.22,235.84
2026-08-24T14:50:12+00:00,0.0,5.66,230.18,235.84
2026-08-24T14:50:22+00:00,0.1,5.71,230.13,235.84
2026-08-24T14:50:32+00:00,0.1,5.69,230.15,235.84
2026-08-24T14:50:43+00:00,0.0,5.67,230.17,235.84
2026-08-24T14:50:53+00:00,0.0,5.66,230.18,235.84
2026-08-24T14:51:03+00:00,0.0,5.65,230.19,235.84
2026-08-24T14:51:14+00:00,0.1,5.63,230.21,235.84
2026-08-24T14:51:24+00:00,0.1,5.64,230.20,235.84
2026-08-24T14:51:34+00:00,0.6,5.68,230.16,235.84
2026-08-24T14:51:45+00:00,0.4,5.67,230.17,235.84
2026-08-24T14:51:55+00:00,0.0,5.65,230.19,235.84
2026-08-24T14:52:05+00:00,0.1,5.67,230.17,235.84
2026-08-24T14:52:16+00:00,0.1,5.66,230.18,235.84
2026-08-24T14:52:26+00:00,0.3,5.65,230.19,235.84
2026-08-24T14:52:37+00:00,0.0,5.67,230.17,235.84
2026-08-24T14:52:47+00:00,0.1,5.64,230.20,235.84
2026-08-24T14:52:57+00:00,0.1,5.64,230.20,235.84
2026-08-24T14:53:08+00:00,0.0,5.66,230.18,235.84
