timestamp_iso,rxpci_mb_s,txpci_mb_s
2026-08-24T12:53:09+00:00,0,0
2026-08-24T12:53:14+00:00,0,0
2026-08-24T12:53:19+00:00,0,0
2026-08-24T12:53:24+00:00,0,0
2026-08-24T12:53:29+00:00,0,0
2026-08-24T12:53:34+00:00,0,0
2026-08-24T12:53:39+00:00,0,0
2026-08-24T12:53:44+00:00,0,0
2026-08-24T12:53:49+00:00,0,0
2026-08-24T12:53:55+00:00,0,0
2026-08-24T12:54:00+00:00,0,0
2026-08-24T12:54:05+00:00,0,0
2026-08-24T12:54:10+00:00,0,0
2026-08-24T12:54:15+00:00,0,0
2026-08-24T12:54:20+00:00,0,0
2026-08-24T12:54:25+00:00,0,0
2026-08-24T12:54:30+00:00,0,0
2026-08-24T12:54:35+00:00,0,0
2026-08-24T12:54:40+00:00,0,0
2026-08-24T12:54:46+00:00,0,0
2026-08-24T12:54:51+00:00,0,0
2026-08-24T12:54:56+00:00,0,1
2026-08-24T12:55:01+00:00,0,0
2026-08-24T12:55:06+00:00,0,0
2026-08-24T12:55:11+00:00,0,0
2026-08-24T12:55:16+00:00,0,0
2026-08-24T12:55:21+00:00,24,28
2026-08-24T12:55:26+00:00,0,0
2026-08-24T12:55:31+00:00,0,0
2026-08-24T12:55:36+00:00,0,0
2026-08-24T12:55:42+00:00,0,0
2026-08-24T12:55:47+00:00,0,0
2026-08-24T12:55:52+00:00,0,1
2026-08-24T12:55:57+00:00,0,0
2026-08-24T12:56:02+00:00,0,0
2026-08-24T12:56:07+00:00,0,0
2026-08-24T12:56:12+00:00,0,0
2026-08-24T12:56:17+00:00,0,0
2026-08-24T12:56:22+00:00,0,0
2026-08-24T12:56:27+00:00,0,0
2026-08-24T12:56:32+00:00,0,0
2026-08-24T12:56:38+00:00,0,0
2026-08-24T12:56:43+00:00,0,0
2026-08-24T12:56:48+00:00,0,0
2026-08-24T12:56:53+00:00,0,0
2026-08-24T12:56:58+00:00,0,0
2026-08-24T12:57:03+00:00,0,0
2026-08-24T12:57:08+00:00,0,0
2026-08-24T12:57:13+00:00,0,0
2026-08-24T12:57:18+00:00,0,0
2026-08-24T12:57:23+00:00,0,0
2026-08-24T12:57:28+00:00,0,0
2026-08-24T12:57:34+00:00,0,0
2026-08-24T12:57:39+00:00,0,0
2026-08-24T12:57:44+00:00,0,0
2026-08-24T12:57:49+00:00,0,0
2026-08-24T12:57:54+00:00,0,0
2026-08-24T12:57:59+00:00,0,0
2026-08-24T12:58:04+00:00,0,0
2026-08-24T12:58:09+00:00,0,0
2026-08-24T12:58:14+00:00,0,0
2026-08-24T12:58:19+00:00,0,0
2026-08-24T12:58:24+00:00,0,0
2026-08-24T12:58:30+00:00,0,0
2026-08-24T12:58:35+00:00,0,0
2026-08-24T12:58:40+00:00,0,0
2026-08-24T12:58:45+00:00,0,0
2026-08-24T12:58:50+00:00,0,8504
2026-08-24T12:58:55+00:00,0,0
2026-08-24T12:59:00+00:00,0,0
2026-08-24T12:59:05+00:00,144,0
2026-08-24T12:59:10+00:00,0,0
2026-08-24T12:59:15+00:00,0,0
2026-08-24T12:59:20+00:00,0,0
2026-08-24T12:59:26+00:00,0,0
2026-08-24T12:59:31+00:00,0,0
2026-08-24T12:59:36+00:00,0,0
2026-08-24T12:59:41+00:00,0,0
2026-08-24T12:59:46+00:00,0,0
2026-08-24T12:59:51+00:00,0,0
2026-08-24T12:59:56+00:00,0,0
2026-08-24T13:00:01+00:00,0,0
2026-08-24T13:00:06+00:00,0,1
2026-08-24T13:00:11+00:00,0,0
2026-08-24T13:00:16+00:00,0,0
2026-08-24T13:00:22+00:00,0,0
2026-08-24T13:00:27+00:00,0,0
2026-08-24T13:00:32+00:00,0,0
2026-08-24T13:00:37+00:00,0,0
2026-08-24T13:00:42+00:00,0,0
2026-08-24T13:00:47+00:00,0,0
2026-08-24T13:00:52+00:00,0,0
2026-08-24T13:00:57+00:00,0,0
2026-08-24T13:01:02+00:00,0,1
2026-08-24T13:01:07+00:00,0,0
2026-08-24T13:01:12+00:00,0,0
2026-08-24T13:01:18+00:00,0,0
2026-08-24T13:01:23+00:00,0,0
2026-08-24T13:01:28+00:00,0,0
2026-08-24T13:01:33+00:00,0,0
2026-08-24T13:01:38+00:00,0,0
2026-08-24T13:01:43+00:00,0,0
2026-08-24T13:01:48+00:00,0,0
2026-08-24T13:01:53+00:00,0,0
2026-08-24T13:01:58+00:00,0,1
2026-08-24T13:02:03+00:00,0,0
2026-08-24T13:02:08+00:00,0,0
2026-08-24T13:02:14+00:00,0,0
2026-08-24T13:02:19+00:00,0,0
2026-08-24T13:02:24+00:00,0,0
2026-08-24T13:02:29+00:00,0,0
2026-08-24T13:02:34+00:00,0,0
2026-08-24T13:02:39+00:00,0,0
2026-08-24T13:02:44+00:00,0,0
2026-08-24T13:02:49+00:00,0,0
2026-08-24T13:02:54+00:00,0,0
2026-08-24T13:02:59+00:00,0,0
2026-08-24T13:03:04+00:00,0,0
2026-08-24T13:03:10+00:00,0,0
2026-08-24T13:03:15+00:00,0,0
2026-08-24T13:03:20+00:00,0,0
2026-08-24T13:03:25+00:00,0,0
2026-08-24T13:03:30+00:00,0,0
2026-08-24T13:03:35+00:00,0,0
2026-08-24T13:03:40+00:00,0,0
2026-08-24T13:03:45+00:00,0,0
2026-08-24T13:03:50+00:00,0,0
2026-08-24T13:03:55+00:00,0,0
2026-08-24T13:04:00+00:00,0,0
2026-08-24T13:04:06+00:00,0,0
2026-08-24T13:04:11+00:00,0,0
2026-08-24T13:04:16+00:00,0,0
2026-08-24T13:04:21+00:00,0,0
2026-08-24T13:04:26+00:00,0,0
2026-08-24T13:04:31+00:00,0,0
2026-08-24T13:04:36+00:00,0,0
2026-08-24T13:04:41+00:00,0,0
2026-08-24T13:04:46+00:00,0,0
2026-08-24T13:04:51+00:00,0,0
2026-08-24T13:04:56+00:00,0,0
2026-08-24T13:05:02+00:00,0,0
2026-08-24T13:05:07+00:00,0,0
2026-08-24T13:05:12+00:00,0,0
2026-08-24T13:05:17+00:00,0,1
2026-08-24T13:05:22+00:00,0,0
2026-08-24T13:05:27+00:00,0,0
2026-08-24T13:05:32+00:00,0,0
2026-08-24T13:05:37+00:00,0,0
2026-08-24T13:05:42+00:00,0,0
2026-08-24T13:05:47+00:00,0,0
2026-08-24T13:05:52+00:00,0,0
2026-08-24T13:05:58+00:00,0,0
2026-08-24T13:06:03+00:00,0,0
2026-08-24T13:06:08+00:00,0,0
2026-08-24T13:06:13+00:00,0,0
2026-08-24T13:06:18+00:00,0,0
2026-08-24T13:06:23+00:00,0,0
2026-08-24T13:06:28+00:00,0,0
2026-08-24T13:06:33+00:00,0,0
2026-08-24T13:06:38+00:00,0,0
2026-08-24T13:06:43+00:00,0,0
2026-08-24T13:06:48+00:00,0,0
2026-08-24T13:06:54+00:00,0,0
2026-08-24T13:06:59+00:00,0,0
2026-08-24T13:07:04+00:00,0,0
2026-08-24T13:07:09+00:00,0,0
2026-08-24T13:07:14+00:00,0,0
2026-08-24T13:07:19+00:00,0,0
2026-08-24T13:07:24+00:00,0,0
2026-08-24T13:07:29+00:00,0,0
2026-08-24T13:07:34+00:00,0,0
2026-08-24T13:07:39+00:00,3,0
2026-08-24T13:07:44+00:00,0,0
2026-08-24T13:07:50+00:00,0,0
2026-08-24T13:07:55+00:00,0,0
2026-08-24T13:08:00+00:00,0,0
2026-08-24T13:08:05+00:00,0,0
2026-08-24T13:08:10+00:00,0,0
2026-08-24T13:08:15+00:00,0,0
2026-08-24T13:08:20+00:00,0,0
2026-08-24T13:08:25+00:00,0,0
2026-08-24T13:08:30+00:00,0,0
2026-08-24T13:08:35+00:00,0,1
2026-08-24T13:08:40+00:00,0,0
2026-08-24T13:08:45+00:00,0,0
2026-08-24T13:08:51+00:00,0,0
2026-08-24T13:08:56+00:00,0,0
2026-08-24T13:09:01+00:00,0,0
2026-08-24T13:09:06+00:00,0,0
2026-08-24T13:09:11+00:00,0,0
2026-08-24T13:09:16+00:00,0,0
2026-08-24T13:09:21+00:00,0,0
2026-08-24T13:09:26+00:00,0,0
2026-08-24T13:09:31+00:00,0,1
2026-08-24T13:09:36+00:00,0,0
2026-08-24T13:09:41+00:00,0,0
2026-08-24T13:09:47+00:00,0,0
2026-08-24T13:09:52+00:00,0,0
2026-08-24T13:09:57+00:00,0,0
2026-08-24T13:10:02+00:00,0,0
2026-08-24T13:10:07+00:00,0,0
2026-08-24T13:10:12+00:00,0,0
2026-08-24T13:10:17+00:00,0,0
2026-08-24T13:10:22+00:00,0,0
2026-08-24T13:10:27+00:00,0,0
2026-08-24T13:10:32+00:00,0,0
2026-08-24T13:10:37+00:00,0,0
2026-08-24T13:10:43+00:00,0,0
2026-08-24T13:10:48+00:00,0,0
2026-08-24T13:10:53+00:00,0,0
2026-08-24T13:10:58+00:00,0,0
2026-08-24T13:11:03+00:00,0,0
2026-08-24T13:11:08+00:00,0,0
2026-08-24T13:11:13+00:00,0,0
2026-08-24T13:11:18+00:00,0,0
2026-08-24T13:11:23+00:00,0,0
2026-08-24T13:11:28+00:00,0,0
2026-08-24T13:11:33+00:00,0,0
2026-08-24T13:11:39+00:00,2,0
2026-08-24T13:11:44+00:00,0,0
2026-08-24T13:11:49+00:00,0,0
2026-08-24T13:11:54+00:00,0,0
2026-08-24T13:11:59+00:00,0,0
2026-08-24T13:12:04+00:00,0,0
2026-08-24T13:12:09+00:00,0,0
2026-08-24T13:12:14+00:00,0,0
2026-08-24T13:12:19+00:00,0,0
2026-08-24T13:12:24+00:00,0,0
2026-08-24T13:12:29+00:00,0,0
2026-08-24T13:12:35+00:00,0,0
2026-08-24T13:12:40+00:00,0,0
2026-08-24T13:12:45+00:00,0,0
2026-08-24T13:12:50+00:00,0,0
2026-08-24T13:12:55+00:00,0,0
2026-08-24T13:13:00+00:00,0,0
2026-08-24T13:13:05+00:00,0,0
2026-08-24T13:13:10+00:00,0,0
2026-08-24T13:13:15+00:00,0,0
2026-08-24T13:13:20+00:00,0,0
2026-08-24T13:13:25+00:00,0,0
2026-08-24T13:13:31+00:00,0,0
2026-08-24T13:13:36+00:00,0,0
2026-08-24T13:13:41+00:00,0,0
2026-08-24T13:13:46+00:00,0,0
2026-08-24T13:13:51+00:00,0,0
2026-08-24T13:13:56+00:00,0,0
2026-08-24T13:14:01+00:00,0,3314
2026-08-24T13:14:06+00:00,0,0
2026-08-24T13:14:11+00:00,0,0
2026-08-24T13:14:16+00:00,0,0
2026-08-24T13:14:21+00:00,0,0
2026-08-24T13:14:27+00:00,0,0
2026-08-24T13:14:32+00:00,0,0
2026-08-24T13:14:37+00:00,0,0
2026-08-24T13:14:42+00:00,0,1
2026-08-24T13:14:47+00:00,0,0
2026-08-24T13:14:52+00:00,0,0
2026-08-24T13:14:57+00:00,0,0
2026-08-24T13:15:02+00:00,0,0
2026-08-24T13:15:07+00:00,0,0
2026-08-24T13:15:12+00:00,0,0
2026-08-24T13:15:17+00:00,0,0
2026-08-24T13:15:23+00:00,0,0
2026-08-24T13:15:28+00:00,0,0
2026-08-24T13:15:33+00:00,0,0
2026-08-24T13:15:38+00:00,3312,376
2026-08-24T13:15:43+00:00,0,0
2026-08-24T13:15:48+00:00,0,0
2026-08-24T13:15:53+00:00,0,0
2026-08-24T13:15:58+00:00,0,0
2026-08-24T13:16:03+00:00,0,0
2026-08-24T13:16:08+00:00,0,0
2026-08-24T13:16:13+00:00,0,0
2026-08-24T13:16:19+00:00,0,0
2026-08-24T13:16:24+00:00,0,0
2026-08-24T13:16:29+00:00,0,0
2026-08-24T13:16:34+00:00,0,8549
2026-08-24T13:16:39+00:00,0,3244
2026-08-24T13:16:44+00:00,0,0
2026-08-24T13:16:49+00:00,0,0
2026-08-24T13:16:54+00:00,0,0
2026-08-24T13:16:59+00:00,0,0
2026-08-24T13:17:04+00:00,0,0
2026-08-24T13:17:09+00:00,0,0
2026-08-24T13:17:15+00:00,0,0
2026-08-24T13:17:20+00:00,0,0
2026-08-24T13:17:25+00:00,0,0
2026-08-24T13:17:30+00:00,0,0
2026-08-24T13:17:35+00:00,0,0
2026-08-24T13:17:40+00:00,0,0
2026-08-24T13:17:45+00:00,0,0
2026-08-24T13:17:50+00:00,0,0
2026-08-24T13:17:55+00:00,0,0
2026-08-24T13:18:00+00:00,0,0
2026-08-24T13:18:05+00:00,0,0
2026-08-24T13:18:11+00:00,0,0
2026-08-24T13:18:16+00:00,0,0
2026-08-24T13:18:21+00:00,0,0
2026-08-24T13:18:26+00:00,0,0
2026-08-24T13:18:31+00:00,0,1
2026-08-24T13:18:36+00:00,0,0
2026-08-24T13:18:41+00:00,0,0
2026-08-24T13:18:46+00:00,0,0
2026-08-24T13:18:51+00:00,0,0
2026-08-24T13:18:56+00:00,0,0
2026-08-24T13:19:01+00:00,0,0
2026-08-24T13:19:07+00:00,0,0
2026-08-24T13:19:12+00:00,0,0
2026-08-24T13:19:17+00:00,0,0
2026-08-24T13:19:22+00:00,0,0
2026-08-24T13:19:27+00:00,0,1
2026-08-24T13:19:32+00:00,0,0
2026-08-24T13:19:37+00:00,3364,382
2026-08-24T13:19:42+00:00,9065,1042
2026-08-24T13:19:47+00:00,0,0
2026-08-24T13:19:52+00:00,0,0
2026-08-24T13:19:57+00:00,0,0
2026-08-24T13:20:02+00:00,0,0
2026-08-24T13:20:08+00:00,0,0
2026-08-24T13:20:13+00:00,0,0
2026-08-24T13:20:18+00:00,0,0
2026-08-24T13:20:23+00:00,0,0
2026-08-24T13:20:28+00:00,0,0
2026-08-24T13:20:33+00:00,0,0
2026-08-24T13:20:38+00:00,0,0
2026-08-24T13:20:43+00:00,0,0
2026-08-24T13:20:48+00:00,3393,388
2026-08-24T13:20:53+00:00,0,0
2026-08-24T13:20:58+00:00,0,0
2026-08-24T13:21:04+00:00,0,0
2026-08-24T13:21:09+00:00,0,0
2026-08-24T13:21:14+00:00,0,0
2026-08-24T13:21:19+00:00,0,0
2026-08-24T13:21:24+00:00,0,0
2026-08-24T13:21:29+00:00,0,0
2026-08-24T13:21:34+00:00,0,0
2026-08-24T13:21:39+00:00,0,0
2026-08-24T13:21:44+00:00,0,0
2026-08-24T13:21:49+00:00,0,0
2026-08-24T13:21:54+00:00,0,0
2026-08-24T13:22:00+00:00,0,0
2026-08-24T13:22:05+00:00,0,0
2026-08-24T13:22:10+00:00,0,0
2026-08-24T13:22:15+00:00,0,0
2026-08-24T13:22:20+00:00,0,1
2026-08-24T13:22:25+00:00,0,0
2026-08-24T13:22:30+00:00,13,0
2026-08-24T13:22:35+00:00,0,0
2026-08-24T13:22:40+00:00,0,0
2026-08-24T13:22:45+00:00,0,0
2026-08-24T13:22:50+00:00,0,0
2026-08-24T13:22:56+00:00,0,0
2026-08-24T13:23:01+00:00,0,0
2026-08-24T13:23:06+00:00,0,0
2026-08-24T13:23:11+00:00,0,0
2026-08-24T13:23:16+00:00,0,1
2026-08-24T13:23:21+00:00,0,0
2026-08-24T13:23:26+00:00,0,0
2026-08-24T13:23:31+00:00,0,0
2026-08-24T13:23:36+00:00,0,0
2026-08-24T13:23:41+00:00,0,0
2026-08-24T13:23:46+00:00,0,0
2026-08-24T13:23:52+00:00,0,0
2026-08-24T13:23:57+00:00,0,0
2026-08-24T13:24:02+00:00,0,0
2026-08-24T13:24:07+00:00,0,0
2026-08-24T13:24:12+00:00,0,1
2026-08-24T13:24:17+00:00,0,0
2026-08-24T13:24:22+00:00,0,0
2026-08-24T13:24:27+00:00,0,0
2026-08-24T13:24:32+00:00,0,0
2026-08-24T13:24:37+00:00,0,0
2026-08-24T13:24:42+00:00,0,0
2026-08-24T13:24:48+00:00,0,0
2026-08-24T13:24:53+00:00,0,0
2026-08-24T13:24:58+00:00,0,0
2026-08-24T13:25:03+00:00,0,0
2026-08-24T13:25:08+00:00,0,1
2026-08-24T13:25:13+00:00,0,0
2026-08-24T13:25:18+00:00,0,0
2026-08-24T13:25:23+00:00,0,0
2026-08-24T13:25:28+00:00,0,0
2026-08-24T13:25:33+00:00,0,0
2026-08-24T13:25:38+00:00,0,0
2026-08-24T13:25:44+00:00,0,0
2026-08-24T13:25:49+00:00,0,0
2026-08-24T13:25:54+00:00,0,0
2026-08-24T13:25:59+00:00,0,0
2026-08-24T13:26:04+00:00,0,9459
2026-08-24T13:26:09+00:00,0,0
2026-08-24T13:26:14+00:00,0,0
2026-08-24T13:26:19+00:00,0,0
2026-08-24T13:26:24+00:00,0,0
2026-08-24T13:26:29+00:00,0,0
2026-08-24T13:26:34+00:00,0,1
2026-08-24T13:26:40+00:00,0,0
2026-08-24T13:26:45+00:00,0,0
2026-08-24T13:26:50+00:00,0,0
2026-08-24T13:26:55+00:00,0,0
2026-08-24T13:27:00+00:00,0,0
2026-08-24T13:27:05+00:00,0,0
2026-08-24T13:27:10+00:00,0,0
2026-08-24T13:27:15+00:00,0,0
2026-08-24T13:27:20+00:00,0,0
2026-08-24T13:27:25+00:00,0,0
2026-08-24T13:27:30+00:00,0,2
2026-08-24T13:27:36+00:00,0,0
2026-08-24T13:27:41+00:00,0,0
2026-08-24T13:27:46+00:00,0,0
2026-08-24T13:27:51+00:00,0,0
2026-08-24T13:27:56+00:00,0,0
2026-08-24T13:28:01+00:00,0,0
2026-08-24T13:28:06+00:00,0,0
2026-08-24T13:28:11+00:00,0,0
2026-08-24T13:28:16+00:00,0,0
2026-08-24T13:28:21+00:00,0,0
2026-08-24T13:28:26+00:00,0,0
2026-08-24T13:28:32+00:00,0,0
2026-08-24T13:28:37+00:00,0,0
2026-08-24T13:28:42+00:00,0,0
2026-08-24T13:28:47+00:00,0,0
2026-08-24T13:28:52+00:00,0,0
2026-08-24T13:28:57+00:00,0,0
2026-08-24T13:29:02+00:00,0,0
2026-08-24T13:29:07+00:00,0,0
2026-08-24T13:29:12+00:00,0,0
2026-08-24T13:29:17+00:00,0,0
2026-08-24T13:29:22+00:00,0,0
2026-08-24T13:29:28+00:00,0,0
2026-08-24T13:29:33+00:00,0,0
2026-08-24T13:29:38+00:00,0,0
2026-08-24T13:29:43+00:00,0,0
2026-08-24T13:29:48+00:00,0,0
2026-08-24T13:29:53+00:00,0,0
2026-08-24T13:29:58+00:00,0,0
2026-08-24T13:30:03+00:00,0,0
2026-08-24T13:30:08+00:00,0,0
2026-08-24T13:30:13+00:00,0,0
2026-08-24T13:30:18+00:00,0,0
2026-08-24T13:30:24+00:00,0,0
2026-08-24T13:30:29+00:00,0,0
2026-08-24T13:30:34+00:00,0,0
2026-08-24T13:30:39+00:00,0,0
2026-08-24T13:30:44+00:00,0,0
2026-08-24T13:30:49+00:00,0,0
2026-08-24T13:30:54+00:00,0,0
2026-08-24T13:30:59+00:00,0,0
2026-08-24T13:31:04+00:00,0,0
2026-08-24T13:31:09+00:00,0,0
2026-08-24T13:31:14+00:00,0,0
2026-08-24T13:31:20+00:00,0,0
2026-08-24T13:31:25+00:00,0,0
2026-08-24T13:31:30+00:00,0,0
2026-08-24T13:31:35+00:00,0,0
2026-08-24T13:31:40+00:00,0,0
2026-08-24T13:31:45+00:00,0,0
2026-08-24T13:31:50+00:00,0,0
2026-08-24T13:31:55+00:00,0,0
2026-08-24T13:32:00+00:00,0,0
2026-08-24T13:32:05+00:00,0,0
2026-08-24T13:32:10+00:00,4,0
2026-08-24T13:32:15+00:00,0,0
2026-08-24T13:32:21+00:00,0,0
2026-08-24T13:32:26+00:00,0,0
2026-08-24T13:32:31+00:00,0,0
2026-08-24T13:32:36+00:00,0,0
2026-08-24T13:32:41+00:00,0,0
2026-08-24T13:32:46+00:00,0,0
2026-08-24T13:32:51+00:00,0,0
2026-08-24T13:32:56+00:00,0,0
2026-08-24T13:33:01+00:00,0,0
2026-08-24T13:33:06+00:00,0,0
2026-08-24T13:33:11+00:00,0,1
2026-08-24T13:33:17+00:00,0,0
2026-08-24T13:33:22+00:00,0,0
2026-08-24T13:33:27+00:00,0,0
2026-08-24T13:33:32+00:00,0,0
2026-08-24T13:33:37+00:00,0,0
2026-08-24T13:33:42+00:00,0,0
2026-08-24T13:33:47+00:00,0,0
2026-08-24T13:33:52+00:00,0,1519
2026-08-24T13:33:57+00:00,3385,393
2026-08-24T13:34:02+00:00,0,0
2026-08-24T13:34:07+00:00,0,1463
2026-08-24T13:34:13+00:00,3421,538
2026-08-24T13:34:18+00:00,0,0
2026-08-24T13:34:23+00:00,0,1519
2026-08-24T13:34:28+00:00,3336,1575
2026-08-24T13:34:33+00:00,0,0
2026-08-24T13:34:38+00:00,0,0
2026-08-24T13:34:43+00:00,0,0
2026-08-24T13:34:48+00:00,0,0
2026-08-24T13:34:53+00:00,0,0
2026-08-24T13:34:58+00:00,0,0
2026-08-24T13:35:03+00:00,0,0
2026-08-24T13:35:08+00:00,0,0
2026-08-24T13:35:14+00:00,0,0
2026-08-24T13:35:19+00:00,0,0
2026-08-24T13:35:24+00:00,0,0
2026-08-24T13:35:29+00:00,0,0
2026-08-24T13:35:34+00:00,0,0
2026-08-24T13:35:39+00:00,0,0
2026-08-24T13:35:44+00:00,0,0
2026-08-24T13:35:49+00:00,0,0
2026-08-24T13:35:54+00:00,0,8675
2026-08-24T13:35:59+00:00,0,0
2026-08-24T13:36:04+00:00,0,0
2026-08-24T13:36:10+00:00,0,0
2026-08-24T13:36:15+00:00,0,0
2026-08-24T13:36:20+00:00,0,0
2026-08-24T13:36:25+00:00,0,0
2026-08-24T13:36:30+00:00,0,0
2026-08-24T13:36:35+00:00,0,1
2026-08-24T13:36:40+00:00,0,0
2026-08-24T13:36:45+00:00,0,0
2026-08-24T13:36:50+00:00,0,0
2026-08-24T13:36:55+00:00,0,0
2026-08-24T13:37:00+00:00,0,0
2026-08-24T13:37:06+00:00,0,0
2026-08-24T13:37:11+00:00,0,0
2026-08-24T13:37:16+00:00,0,0
2026-08-24T13:37:21+00:00,14,0
2026-08-24T13:37:26+00:00,0,0
2026-08-24T13:37:31+00:00,0,0
2026-08-24T13:37:36+00:00,0,0
2026-08-24T13:37:41+00:00,0,0
2026-08-24T13:37:46+00:00,0,0
2026-08-24T13:37:51+00:00,0,0
2026-08-24T13:37:56+00:00,0,0
2026-08-24T13:38:02+00:00,0,0
2026-08-24T13:38:07+00:00,0,0
2026-08-24T13:38:12+00:00,0,0
2026-08-24T13:38:17+00:00,0,0
2026-08-24T13:38:22+00:00,0,0
2026-08-24T13:38:27+00:00,0,0
2026-08-24T13:38:32+00:00,0,0
2026-08-24T13:38:37+00:00,0,0
2026-08-24T13:38:42+00:00,0,0
2026-08-24T13:38:47+00:00,0,0
2026-08-24T13:38:52+00:00,0,0
2026-08-24T13:38:58+00:00,0,1
2026-08-24T13:39:03+00:00,0,0
2026-08-24T13:39:08+00:00,0,0
2026-08-24T13:39:13+00:00,0,0
2026-08-24T13:39:18+00:00,0,0
2026-08-24T13:39:23+00:00,0,0
2026-08-24T13:39:28+00:00,0,0
2026-08-24T13:39:33+00:00,0,0
2026-08-24T13:39:38+00:00,0,0
2026-08-24T13:39:43+00:00,0,0
2026-08-24T13:39:48+00:00,0,0
2026-08-24T13:39:53+00:00,0,0
2026-08-24T13:39:59+00:00,0,0
2026-08-24T13:40:04+00:00,0,0
2026-08-24T13:40:09+00:00,0,0
2026-08-24T13:40:14+00:00,0,0
2026-08-24T13:40:19+00:00,0,0
2026-08-24T13:40:24+00:00,0,1
2026-08-24T13:40:29+00:00,0,0
2026-08-24T13:40:34+00:00,0,0
2026-08-24T13:40:39+00:00,0,0
2026-08-24T13:40:44+00:00,0,0
2026-08-24T13:40:49+00:00,0,0
2026-08-24T13:40:55+00:00,0,276
2026-08-24T13:41:00+00:00,8645,991
2026-08-24T13:41:05+00:00,0,0
2026-08-24T13:41:10+00:00,0,0
2026-08-24T13:41:15+00:00,0,0
2026-08-24T13:41:20+00:00,0,0
2026-08-24T13:41:25+00:00,0,0
2026-08-24T13:41:30+00:00,0,0
2026-08-24T13:41:35+00:00,0,0
2026-08-24T13:41:40+00:00,0,0
2026-08-24T13:41:45+00:00,0,3476
2026-08-24T13:41:51+00:00,0,3544
2026-08-24T13:41:56+00:00,0,0
2026-08-24T13:42:01+00:00,0,0
2026-08-24T13:42:06+00:00,0,0
2026-08-24T13:42:11+00:00,0,0
2026-08-24T13:42:16+00:00,0,0
2026-08-24T13:42:21+00:00,0,1
2026-08-24T13:42:26+00:00,0,0
2026-08-24T13:42:31+00:00,0,0
2026-08-24T13:42:36+00:00,0,0
2026-08-24T13:42:41+00:00,0,0
2026-08-24T13:42:46+00:00,0,0
2026-08-24T13:42:52+00:00,0,0
2026-08-24T13:42:57+00:00,0,0
2026-08-24T13:43:02+00:00,0,0
2026-08-24T13:43:07+00:00,0,0
2026-08-24T13:43:12+00:00,144,0
2026-08-24T13:43:17+00:00,0,1
2026-08-24T13:43:22+00:00,0,0
2026-08-24T13:43:27+00:00,0,0
2026-08-24T13:43:32+00:00,0,0
2026-08-24T13:43:37+00:00,0,0
2026-08-24T13:43:42+00:00,0,0
2026-08-24T13:43:48+00:00,0,0
2026-08-24T13:43:53+00:00,0,0
2026-08-24T13:43:58+00:00,0,0
2026-08-24T13:44:03+00:00,0,0
2026-08-24T13:44:08+00:00,0,0
2026-08-24T13:44:13+00:00,0,0
2026-08-24T13:44:18+00:00,0,0
2026-08-24T13:44:23+00:00,0,0
2026-08-24T13:44:28+00:00,0,0
2026-08-24T13:44:33+00:00,0,0
2026-08-24T13:44:38+00:00,0,0
2026-08-24T13:44:44+00:00,0,0
2026-08-24T13:44:49+00:00,0,0
2026-08-24T13:44:54+00:00,0,0
2026-08-24T13:44:59+00:00,0,0
2026-08-24T13:45:04+00:00,0,0
2026-08-24T13:45:09+00:00,0,0
2026-08-24T13:45:14+00:00,0,0
2026-08-24T13:45:19+00:00,0,0
2026-08-24T13:45:24+00:00,0,0
2026-08-24T13:45:29+00:00,0,0
2026-08-24T13:45:34+00:00,0,0
2026-08-24T13:45:40+00:00,0,0
2026-08-24T13:45:45+00:00,0,9982
2026-08-24T13:45:50+00:00,0,0
2026-08-24T13:45:55+00:00,0,0
2026-08-24T13:46:00+00:00,0,0
2026-08-24T13:46:05+00:00,0,0
2026-08-24T13:46:10+00:00,0,1
2026-08-24T13:46:15+00:00,0,0
2026-08-24T13:46:20+00:00,0,0
2026-08-24T13:46:25+00:00,0,0
2026-08-24T13:46:30+00:00,0,0
2026-08-24T13:46:36+00:00,0,0
2026-08-24T13:46:41+00:00,0,0
2026-08-24T13:46:46+00:00,0,0
2026-08-24T13:46:51+00:00,0,0
2026-08-24T13:46:56+00:00,0,0
2026-08-24T13:47:01+00:00,0,0
2026-08-24T13:47:06+00:00,0,1
2026-08-24T13:47:11+00:00,14,0
2026-08-24T13:47:16+00:00,0,0
2026-08-24T13:47:21+00:00,0,1
2026-08-24T13:47:26+00:00,0,0
2026-08-24T13:47:32+00:00,0,0
2026-08-24T13:47:37+00:00,0,0
2026-08-24T13:47:42+00:00,0,0
2026-08-24T13:47:47+00:00,0,0
2026-08-24T13:47:52+00:00,0,0
2026-08-24T13:47:57+00:00,0,0
2026-08-24T13:48:02+00:00,0,0
2026-08-24T13:48:07+00:00,0,0
2026-08-24T13:48:12+00:00,0,0
2026-08-24T13:48:17+00:00,0,0
2026-08-24T13:48:22+00:00,0,0
2026-08-24T13:48:28+00:00,0,0
2026-08-24T13:48:33+00:00,0,0
2026-08-24T13:48:38+00:00,0,0
2026-08-24T13:48:43+00:00,0,0
2026-08-24T13:48:48+00:00,0,0
2026-08-24T13:48:53+00:00,0,0
2026-08-24T13:48:58+00:00,0,0
2026-08-24T13:49:03+00:00,0,0
2026-08-24T13:49:08+00:00,0,0
2026-08-24T13:49:13+00:00,0,0
2026-08-24T13:49:18+00:00,0,0
2026-08-24T13:49:24+00:00,0,0
2026-08-24T13:49:29+00:00,0,0
2026-08-24T13:49:34+00:00,0,0
2026-08-24T13:49:39+00:00,0,0
2026-08-24T13:49:44+00:00,0,0
2026-08-24T13:49:49+00:00,0,0
2026-08-24T13:49:54+00:00,0,0
2026-08-24T13:49:59+00:00,0,0
2026-08-24T13:50:04+00:00,0,0
2026-08-24T13:50:09+00:00,0,0
2026-08-24T13:50:14+00:00,0,0
2026-08-24T13:50:20+00:00,0,0
2026-08-24T13:50:25+00:00,0,1
2026-08-24T13:50:30+00:00,0,0
2026-08-24T13:50:35+00:00,0,0
2026-08-24T13:50:40+00:00,0,0
2026-08-24T13:50:45+00:00,0,0
2026-08-24T13:50:50+00:00,0,0
2026-08-24T13:50:55+00:00,0,0
2026-08-24T13:51:00+00:00,0,0
2026-08-24T13:51:05+00:00,0,0
2026-08-24T13:51:10+00:00,0,0
2026-08-24T13:51:16+00:00,0,0
2026-08-24T13:51:21+00:00,0,0
2026-08-24T13:51:26+00:00,0,0
2026-08-24T13:51:31+00:00,0,0
2026-08-24T13:51:36+00:00,0,0
2026-08-24T13:51:41+00:00,0,0
2026-08-24T13:51:46+00:00,0,0
2026-08-24T13:51:51+00:00,0,0
2026-08-24T13:51:56+00:00,0,0
2026-08-24T13:52:01+00:00,0,0
2026-08-24T13:52:06+00:00,0,0
2026-08-24T13:52:11+00:00,0,0
2026-08-24T13:52:17+00:00,0,0
2026-08-24T13:52:22+00:00,0,0
2026-08-24T13:52:27+00:00,0,0
2026-08-24T13:52:32+00:00,0,0
2026-08-24T13:52:37+00:00,0,0
2026-08-24T13:52:42+00:00,0,0
2026-08-24T13:52:47+00:00,0,1
2026-08-24T13:52:52+00:00,0,0
2026-08-24T13:52:57+00:00,0,0
2026-08-24T13:53:02+00:00,0,0
2026-08-24T13:53:07+00:00,0,0
2026-08-24T13:53:13+00:00,0,0
2026-08-24T13:53:18+00:00,0,0
2026-08-24T13:53:23+00:00,0,0
2026-08-24T13:53:28+00:00,0,0
2026-08-24T13:53:33+00:00,0,0
2026-08-24T13:53:38+00:00,0,0
2026-08-24T13:53:43+00:00,0,0
2026-08-24T13:53:48+00:00,0,0
2026-08-24T13:53:53+00:00,0,0
2026-08-24T13:53:58+00:00,0,0
2026-08-24T13:54:03+00:00,0,0
2026-08-24T13:54:09+00:00,0,0
2026-08-24T13:54:14+00:00,1,0
2026-08-24T13:54:19+00:00,0,0
2026-08-24T13:54:24+00:00,0,0
2026-08-24T13:54:29+00:00,0,0
2026-08-24T13:54:34+00:00,0,0
2026-08-24T13:54:39+00:00,0,0
2026-08-24T13:54:44+00:00,0,0
2026-08-24T13:54:49+00:00,0,0
2026-08-24T13:54:54+00:00,0,0
2026-08-24T13:54:59+00:00,0,0
2026-08-24T13:55:05+00:00,0,0
2026-08-24T13:55:10+00:00,0,1
2026-08-24T13:55:15+00:00,0,0
2026-08-24T13:55:20+00:00,0,0
2026-08-24T13:55:25+00:00,0,0
2026-08-24T13:55:30+00:00,16,26
2026-08-24T13:55:35+00:00,0,0
2026-08-24T13:55:40+00:00,0,0
2026-08-24T13:55:45+00:00,0,0
2026-08-24T13:55:50+00:00,0,0
2026-08-24T13:55:56+00:00,0,0
2026-08-24T13:56:01+00:00,0,0
2026-08-24T13:56:06+00:00,0,0
2026-08-24T13:56:11+00:00,0,0
2026-08-24T13:56:16+00:00,0,0
2026-08-24T13:56:21+00:00,0,0
2026-08-24T13:56:26+00:00,0,0
2026-08-24T13:56:31+00:00,0,1
2026-08-24T13:56:36+00:00,0,0
2026-08-24T13:56:41+00:00,0,0
2026-08-24T13:56:46+00:00,0,0
2026-08-24T13:56:51+00:00,0,0
2026-08-24T13:56:57+00:00,0,0
2026-08-24T13:57:02+00:00,0,0
2026-08-24T13:57:07+00:00,0,0
2026-08-24T13:57:12+00:00,0,0
2026-08-24T13:57:17+00:00,0,0
2026-08-24T13:57:22+00:00,0,0
2026-08-24T13:57:27+00:00,0,0
2026-08-24T13:57:32+00:00,0,0
2026-08-24T13:57:37+00:00,0,0
2026-08-24T13:57:42+00:00,0,0
2026-08-24T13:57:47+00:00,0,0
2026-08-24T13:57:53+00:00,0,0
2026-08-24T13:57:58+00:00,0,1
2026-08-24T13:58:03+00:00,0,0
2026-08-24T13:58:08+00:00,0,0
2026-08-24T13:58:13+00:00,0,0
2026-08-24T13:58:18+00:00,0,0
2026-08-24T13:58:23+00:00,0,0
2026-08-24T13:58:28+00:00,0,0
2026-08-24T13:58:33+00:00,0,0
2026-08-24T13:58:38+00:00,0,0
2026-08-24T13:58:43+00:00,0,0
2026-08-24T13:58:49+00:00,0,0
2026-08-24T13:58:54+00:00,0,1
2026-08-24T13:58:59+00:00,0,0
2026-08-24T13:59:04+00:00,0,0
2026-08-24T13:59:09+00:00,0,0
2026-08-24T13:59:14+00:00,0,0
2026-08-24T13:59:19+00:00,0,0
2026-08-24T13:59:24+00:00,0,0
2026-08-24T13:59:29+00:00,0,0
2026-08-24T13:59:34+00:00,0,0
2026-08-24T13:59:39+00:00,0,0
2026-08-24T13:59:45+00:00,0,0
2026-08-24T13:59:50+00:00,0,1
2026-08-24T13:59:55+00:00,0,0
2026-08-24T14:00:00+00:00,0,0
2026-08-24T14:00:05+00:00,0,0
2026-08-24T14:00:10+00:00,0,0
2026-08-24T14:00:15+00:00,0,0
2026-08-24T14:00:20+00:00,0,0
2026-08-24T14:00:25+00:00,0,0
2026-08-24T14:00:30+00:00,0,0
2026-08-24T14:00:35+00:00,0,0
2026-08-24T14:00:41+00:00,0,0
2026-08-24T14:00:46+00:00,0,1
2026-08-24T14:00:51+00:00,0,0
2026-08-24T14:00:56+00:00,0,0
2026-08-24T14:01:01+00:00,0,0
2026-08-24T14:01:06+00:00,0,0
2026-08-24T14:01:11+00:00,0,0
2026-08-24T14:01:16+00:00,0,0
2026-08-24T14:01:21+00:00,0,0
2026-08-24T14:01:26+00:00,0,0
2026-08-24T14:01:31+00:00,0,0
2026-08-24T14:01:37+00:00,0,0
2026-08-24T14:01:42+00:00,0,1
2026-08-24T14:01:47+00:00,0,0
2026-08-24T14:01:52+00:00,0,0
2026-08-24T14:01:57+00:00,0,0
2026-08-24T14:02:02+00:00,0,0
2026-08-24T14:02:07+00:00,0,0
2026-08-24T14:02:12+00:00,0,0
2026-08-24T14:02:17+00:00,0,0
2026-08-24T14:02:22+00:00,0,0
2026-08-24T14:02:28+00:00,0,0
2026-08-24T14:02:33+00:00,0,0
2026-08-24T14:02:38+00:00,0,1
2026-08-24T14:02:43+00:00,0,0
2026-08-24T14:02:48+00:00,0,0
2026-08-24T14:02:53+00:00,0,0
2026-08-24T14:02:58+00:00,0,0
2026-08-24T14:03:03+00:00,0,0
2026-08-24T14:03:08+00:00,0,0
2026-08-24T14:03:13+00:00,0,0
2026-08-24T14:03:18+00:00,0,0
2026-08-24T14:03:24+00:00,0,0
2026-08-24T14:03:29+00:00,0,0
2026-08-24T14:03:34+00:00,0,1
2026-08-24T14:03:39+00:00,0,0
2026-08-24T14:03:44+00:00,0,0
2026-08-24T14:03:49+00:00,0,0
2026-08-24T14:03:54+00:00,0,0
2026-08-24T14:03:59+00:00,0,0
2026-08-24T14:04:04+00:00,0,0
2026-08-24T14:04:09+00:00,0,0
2026-08-24T14:04:14+00:00,0,0
2026-08-24T14:04:20+00:00,0,0
2026-08-24T14:04:25+00:00,0,0
2026-08-24T14:04:30+00:00,0,1
2026-08-24T14:04:35+00:00,0,0
2026-08-24T14:04:40+00:00,0,0
2026-08-24T14:04:45+00:00,0,0
2026-08-24T14:04:50+00:00,0,0
2026-08-24T14:04:55+00:00,0,0
2026-08-24T14:05:00+00:00,0,0
2026-08-24T14:05:05+00:00,0,0
2026-08-24T14:05:10+00:00,0,0
2026-08-24T14:05:16+00:00,0,0
2026-08-24T14:05:21+00:00,0,0
2026-08-24T14:05:26+00:00,0,0
2026-08-24T14:05:31+00:00,0,0
2026-08-24T14:05:36+00:00,0,0
2026-08-24T14:05:41+00:00,0,0
2026-08-24T14:05:46+00:00,0,0
2026-08-24T14:05:51+00:00,0,0
2026-08-24T14:05:56+00:00,0,1
2026-08-24T14:06:01+00:00,0,0
2026-08-24T14:06:06+00:00,0,0
2026-08-24T14:06:11+00:00,0,0
2026-08-24T14:06:17+00:00,0,0
2026-08-24T14:06:22+00:00,0,0
2026-08-24T14:06:27+00:00,0,0
2026-08-24T14:06:32+00:00,0,0
2026-08-24T14:06:37+00:00,0,0
2026-08-24T14:06:42+00:00,0,0
2026-08-24T14:06:47+00:00,0,0
2026-08-24T14:06:52+00:00,0,0
2026-08-24T14:06:57+00:00,0,0
2026-08-24T14:07:02+00:00,14,0
2026-08-24T14:07:07+00:00,0,0
2026-08-24T14:07:13+00:00,0,0
2026-08-24T14:07:18+00:00,0,0
2026-08-24T14:07:23+00:00,0,1
2026-08-24T14:07:28+00:00,0,0
2026-08-24T14:07:33+00:00,0,0
2026-08-24T14:07:38+00:00,0,0
2026-08-24T14:07:43+00:00,0,0
2026-08-24T14:07:48+00:00,0,0
2026-08-24T14:07:53+00:00,0,0
2026-08-24T14:07:58+00:00,0,0
2026-08-24T14:08:03+00:00,0,0
2026-08-24T14:08:09+00:00,0,0
2026-08-24T14:08:14+00:00,0,0
2026-08-24T14:08:19+00:00,0,1
2026-08-24T14:08:24+00:00,0,0
2026-08-24T14:08:29+00:00,0,0
2026-08-24T14:08:34+00:00,0,0
2026-08-24T14:08:39+00:00,0,0
2026-08-24T14:08:44+00:00,0,0
2026-08-24T14:08:49+00:00,0,1519
2026-08-24T14:08:54+00:00,0,0
2026-08-24T14:08:59+00:00,0,0
2026-08-24T14:09:05+00:00,0,0
2026-08-24T14:09:10+00:00,3336,363
2026-08-24T14:09:15+00:00,0,1463
2026-08-24T14:09:20+00:00,0,0
2026-08-24T14:09:25+00:00,0,0
2026-08-24T14:09:30+00:00,0,0
2026-08-24T14:09:35+00:00,0,0
2026-08-24T14:09:40+00:00,0,0
2026-08-24T14:09:45+00:00,0,0
2026-08-24T14:09:50+00:00,0,0
2026-08-24T14:09:55+00:00,0,0
2026-08-24T14:10:00+00:00,0,0
2026-08-24T14:10:06+00:00,0,0
2026-08-24T14:10:11+00:00,0,0
2026-08-24T14:10:16+00:00,0,0
2026-08-24T14:10:21+00:00,0,0
2026-08-24T14:10:26+00:00,0,0
2026-08-24T14:10:31+00:00,0,0
2026-08-24T14:10:36+00:00,0,0
2026-08-24T14:10:41+00:00,0,0
2026-08-24T14:10:46+00:00,0,0
2026-08-24T14:10:51+00:00,0,0
2026-08-24T14:10:56+00:00,0,0
2026-08-24T14:11:02+00:00,0,0
2026-08-24T14:11:07+00:00,0,0
2026-08-24T14:11:12+00:00,0,1
2026-08-24T14:11:17+00:00,0,0
2026-08-24T14:11:22+00:00,0,0
2026-08-24T14:11:27+00:00,0,0
2026-08-24T14:11:32+00:00,0,0
2026-08-24T14:11:37+00:00,0,0
2026-08-24T14:11:42+00:00,0,0
2026-08-24T14:11:47+00:00,0,0
2026-08-24T14:11:52+00:00,0,0
2026-08-24T14:11:58+00:00,0,0
2026-08-24T14:12:03+00:00,0,0
2026-08-24T14:12:08+00:00,0,0
2026-08-24T14:12:13+00:00,0,0
2026-08-24T14:12:18+00:00,0,0
2026-08-24T14:12:23+00:00,0,0
2026-08-24T14:12:28+00:00,0,0
2026-08-24T14:12:33+00:00,0,0
2026-08-24T14:12:38+00:00,0,1
2026-08-24T14:12:43+00:00,0,0
2026-08-24T14:12:48+00:00,0,0
2026-08-24T14:12:54+00:00,0,0
2026-08-24T14:12:59+00:00,0,0
2026-08-24T14:13:04+00:00,0,0
2026-08-24T14:13:09+00:00,0,0
2026-08-24T14:13:14+00:00,0,0
2026-08-24T14:13:19+00:00,0,0
2026-08-24T14:13:24+00:00,0,0
2026-08-24T14:13:29+00:00,0,0
2026-08-24T14:13:34+00:00,0,1
2026-08-24T14:13:39+00:00,0,0
2026-08-24T14:13:44+00:00,0,0
2026-08-24T14:13:50+00:00,0,0
2026-08-24T14:13:55+00:00,0,0
2026-08-24T14:14:00+00:00,0,0
2026-08-24T14:14:05+00:00,0,0
2026-08-24T14:14:10+00:00,0,0
2026-08-24T14:14:15+00:00,0,0
2026-08-24T14:14:20+00:00,0,0
2026-08-24T14:14:25+00:00,0,0
2026-08-24T14:14:30+00:00,0,0
2026-08-24T14:14:35+00:00,0,5426
2026-08-24T14:14:40+00:00,8990,1028
2026-08-24T14:14:46+00:00,0,0
2026-08-24T14:14:51+00:00,0,0
2026-08-24T14:14:56+00:00,0,0
2026-08-24T14:15:01+00:00,0,0
2026-08-24T14:15:06+00:00,0,0
2026-08-24T14:15:11+00:00,0,0
2026-08-24T14:15:16+00:00,0,0
2026-08-24T14:15:21+00:00,0,0
2026-08-24T14:15:26+00:00,0,0
2026-08-24T14:15:31+00:00,0,0
2026-08-24T14:15:36+00:00,0,0
2026-08-24T14:15:41+00:00,0,0
2026-08-24T14:15:47+00:00,0,0
2026-08-24T14:15:52+00:00,0,0
2026-08-24T14:15:57+00:00,0,0
2026-08-24T14:16:02+00:00,0,0
2026-08-24T14:16:07+00:00,0,0
2026-08-24T14:16:12+00:00,0,0
2026-08-24T14:16:17+00:00,0,0
2026-08-24T14:16:22+00:00,0,0
2026-08-24T14:16:27+00:00,0,0
2026-08-24T14:16:32+00:00,0,0
2026-08-24T14:16:37+00:00,0,0
2026-08-24T14:16:43+00:00,0,0
2026-08-24T14:16:48+00:00,0,0
2026-08-24T14:16:53+00:00,14,0
2026-08-24T14:16:58+00:00,0,0
2026-08-24T14:17:03+00:00,0,0
2026-08-24T14:17:08+00:00,0,0
2026-08-24T14:17:13+00:00,0,0
2026-08-24T14:17:18+00:00,0,0
2026-08-24T14:17:23+00:00,0,0
2026-08-24T14:17:28+00:00,0,0
2026-08-24T14:17:33+00:00,0,0
2026-08-24T14:17:39+00:00,0,0
2026-08-24T14:17:44+00:00,0,0
2026-08-24T14:17:49+00:00,0,0
2026-08-24T14:17:54+00:00,0,1
2026-08-24T14:17:59+00:00,0,0
2026-08-24T14:18:04+00:00,0,0
2026-08-24T14:18:09+00:00,0,0
2026-08-24T14:18:14+00:00,0,0
2026-08-24T14:18:19+00:00,0,0
2026-08-24T14:18:24+00:00,0,0
2026-08-24T14:18:29+00:00,0,0
2026-08-24T14:18:35+00:00,0,0
2026-08-24T14:18:40+00:00,0,0
2026-08-24T14:18:45+00:00,0,0
2026-08-24T14:18:50+00:00,0,0
2026-08-24T14:18:55+00:00,0,0
2026-08-24T14:19:00+00:00,0,0
2026-08-24T14:19:05+00:00,0,0
2026-08-24T14:19:10+00:00,0,0
2026-08-24T14:19:15+00:00,0,0
2026-08-24T14:19:20+00:00,0,0
2026-08-24T14:19:25+00:00,0,0
2026-08-24T14:19:31+00:00,0,0
2026-08-24T14:19:36+00:00,0,0
2026-08-24T14:19:41+00:00,0,0
2026-08-24T14:19:46+00:00,0,0
2026-08-24T14:19:51+00:00,0,0
2026-08-24T14:19:56+00:00,0,0
2026-08-24T14:20:01+00:00,0,0
2026-08-24T14:20:06+00:00,0,0
2026-08-24T14:20:11+00:00,0,0
2026-08-24T14:20:16+00:00,0,1
2026-08-24T14:20:21+00:00,0,0
2026-08-24T14:20:27+00:00,0,0
2026-08-24T14:20:32+00:00,0,0
2026-08-24T14:20:37+00:00,0,0
2026-08-24T14:20:42+00:00,0,0
2026-08-24T14:20:47+00:00,0,0
2026-08-24T14:20:52+00:00,0,0
2026-08-24T14:20:57+00:00,0,0
2026-08-24T14:21:02+00:00,0,0
2026-08-24T14:21:07+00:00,0,0
2026-08-24T14:21:12+00:00,0,1
2026-08-24T14:21:17+00:00,0,0
2026-08-24T14:21:22+00:00,0,0
2026-08-24T14:21:28+00:00,0,0
2026-08-24T14:21:33+00:00,0,0
2026-08-24T14:21:38+00:00,0,0
2026-08-24T14:21:43+00:00,0,0
2026-08-24T14:21:48+00:00,0,0
2026-08-24T14:21:53+00:00,0,0
2026-08-24T14:21:58+00:00,0,0
2026-08-24T14:22:03+00:00,0,0
2026-08-24T14:22:08+00:00,0,0
2026-08-24T14:22:13+00:00,0,0
2026-08-24T14:22:18+00:00,0,0
2026-08-24T14:22:24+00:00,0,0
2026-08-24T14:22:29+00:00,0,0
2026-08-24T14:22:34+00:00,0,0
2026-08-24T14:22:39+00:00,0,1
2026-08-24T14:22:44+00:00,0,0
2026-08-24T14:22:49+00:00,0,0
2026-08-24T14:22:54+00:00,0,0
2026-08-24T14:22:59+00:00,0,0
2026-08-24T14:23:04+00:00,0,0
2026-08-24T14:23:09+00:00,0,0
2026-08-24T14:23:14+00:00,0,0
2026-08-24T14:23:20+00:00,0,0
2026-08-24T14:23:25+00:00,0,0
2026-08-24T14:23:30+00:00,0,0
2026-08-24T14:23:35+00:00,0,1
2026-08-24T14:23:40+00:00,0,0
2026-08-24T14:23:45+00:00,0,0
2026-08-24T14:23:50+00:00,0,0
2026-08-24T14:23:55+00:00,0,0
2026-08-24T14:24:00+00:00,0,0
2026-08-24T14:24:05+00:00,0,0
2026-08-24T14:24:10+00:00,0,0
2026-08-24T14:24:16+00:00,0,0
2026-08-24T14:24:21+00:00,0,0
2026-08-24T14:24:26+00:00,0,0
2026-08-24T14:24:31+00:00,0,2
2026-08-24T14:24:36+00:00,0,0
2026-08-24T14:24:41+00:00,0,0
2026-08-24T14:24:46+00:00,0,0
2026-08-24T14:24:51+00:00,0,0
2026-08-24T14:24:56+00:00,0,0
2026-08-24T14:25:01+00:00,5979,986
2026-08-24T14:25:06+00:00,3251,375
2026-08-24T14:25:12+00:00,0,0
2026-08-24T14:25:17+00:00,0,0
2026-08-24T14:25:22+00:00,0,0
2026-08-24T14:25:27+00:00,0,0
2026-08-24T14:25:32+00:00,0,0
2026-08-24T14:25:37+00:00,0,0
2026-08-24T14:25:42+00:00,0,0
2026-08-24T14:25:47+00:00,0,0
2026-08-24T14:25:52+00:00,0,0
2026-08-24T14:25:57+00:00,0,0
2026-08-24T14:26:02+00:00,0,0
2026-08-24T14:26:08+00:00,0,0
2026-08-24T14:26:13+00:00,0,0
2026-08-24T14:26:18+00:00,0,0
2026-08-24T14:26:23+00:00,0,0
2026-08-24T14:26:28+00:00,0,0
2026-08-24T14:26:33+00:00,0,0
2026-08-24T14:26:38+00:00,0,0
2026-08-24T14:26:43+00:00,2,0
2026-08-24T14:26:48+00:00,0,0
2026-08-24T14:26:53+00:00,0,0
2026-08-24T14:26:58+00:00,0,0
2026-08-24T14:27:04+00:00,0,0
2026-08-24T14:27:09+00:00,0,0
2026-08-24T14:27:14+00:00,0,0
2026-08-24T14:27:19+00:00,0,0
2026-08-24T14:27:24+00:00,0,0
2026-08-24T14:27:29+00:00,0,0
2026-08-24T14:27:34+00:00,0,0
2026-08-24T14:27:39+00:00,0,0
2026-08-24T14:27:44+00:00,0,0
2026-08-24T14:27:49+00:00,0,0
2026-08-24T14:27:54+00:00,0,0
2026-08-24T14:28:00+00:00,0,0
2026-08-24T14:28:05+00:00,0,0
2026-08-24T14:28:10+00:00,0,0
2026-08-24T14:28:15+00:00,0,0
2026-08-24T14:28:20+00:00,0,0
2026-08-24T14:28:25+00:00,0,0
2026-08-24T14:28:30+00:00,0,0
2026-08-24T14:28:35+00:00,0,0
2026-08-24T14:28:40+00:00,0,0
2026-08-24T14:28:45+00:00,0,0
2026-08-24T14:28:50+00:00,0,0
2026-08-24T14:28:56+00:00,0,0
2026-08-24T14:29:01+00:00,0,0
2026-08-24T14:29:06+00:00,0,0
2026-08-24T14:29:11+00:00,0,0
2026-08-24T14:29:16+00:00,0,0
2026-08-24T14:29:21+00:00,0,0
2026-08-24T14:29:26+00:00,0,0
2026-08-24T14:29:31+00:00,0,0
2026-08-24T14:29:36+00:00,0,0
2026-08-24T14:29:41+00:00,0,0
2026-08-24T14:29:46+00:00,0,0
2026-08-24T14:29:52+00:00,0,0
2026-08-24T14:29:57+00:00,0,0
2026-08-24T14:30:02+00:00,0,0
2026-08-24T14:30:07+00:00,0,0
2026-08-24T14:30:12+00:00,0,0
2026-08-24T14:30:17+00:00,0,0
2026-08-24T14:30:22+00:00,0,0
2026-08-24T14:30:27+00:00,0,0
2026-08-24T14:30:32+00:00,0,0
2026-08-24T14:30:37+00:00,0,0
2026-08-24T14:30:42+00:00,0,0
2026-08-24T14:30:48+00:00,0,0
2026-08-24T14:30:53+00:00,0,0
2026-08-24T14:30:58+00:00,0,0
2026-08-24T14:31:03+00:00,0,0
2026-08-24T14:31:08+00:00,0,0
2026-08-24T14:31:13+00:00,0,0
2026-08-24T14:31:18+00:00,0,0
2026-08-24T14:31:23+00:00,0,0
2026-08-24T14:31:28+00:00,0,0
2026-08-24T14:31:33+00:00,0,0
2026-08-24T14:31:38+00:00,0,0
2026-08-24T14:31:44+00:00,12,3
2026-08-24T14:31:49+00:00,0,0
2026-08-24T14:31:54+00:00,0,0
2026-08-24T14:31:59+00:00,0,0
2026-08-24T14:32:04+00:00,0,0
2026-08-24T14:32:09+00:00,0,0
2026-08-24T14:32:14+00:00,0,0
2026-08-24T14:32:19+00:00,0,0
2026-08-24T14:32:24+00:00,0,0
2026-08-24T14:32:29+00:00,0,0
2026-08-24T14:32:34+00:00,0,0
2026-08-24T14:32:40+00:00,0,0
2026-08-24T14:32:45+00:00,0,0
2026-08-24T14:32:50+00:00,0,0
2026-08-24T14:32:55+00:00,0,0
2026-08-24T14:33:00+00:00,0,0
2026-08-24T14:33:05+00:00,0,0
2026-08-24T14:33:10+00:00,0,0
2026-08-24T14:33:15+00:00,0,0
2026-08-24T14:33:20+00:00,0,0
2026-08-24T14:33:25+00:00,0,0
2026-08-24T14:33:30+00:00,0,1
2026-08-24T14:33:36+00:00,0,0
2026-08-24T14:33:41+00:00,0,0
2026-08-24T14:33:46+00:00,0,0
2026-08-24T14:33:51+00:00,0,0
2026-08-24T14:33:56+00:00,0,0
2026-08-24T14:34:01+00:00,0,0
2026-08-24T14:34:06+00:00,0,0
2026-08-24T14:34:11+00:00,0,0
2026-08-24T14:34:16+00:00,0,0
2026-08-24T14:34:21+00:00,0,0
2026-08-24T14:34:26+00:00,2,1
2026-08-24T14:34:32+00:00,0,0
2026-08-24T14:34:37+00:00,0,0
2026-08-24T14:34:42+00:00,0,0
2026-08-24T14:34:47+00:00,0,0
2026-08-24T14:34:52+00:00,8742,999
2026-08-24T14:34:57+00:00,3314,147
2026-08-24T14:35:02+00:00,0,0
2026-08-24T14:35:07+00:00,0,0
2026-08-24T14:35:12+00:00,0,0
2026-08-24T14:35:17+00:00,0,0
2026-08-24T14:35:22+00:00,0,0
2026-08-24T14:35:27+00:00,0,0
2026-08-24T14:35:33+00:00,0,0
2026-08-24T14:35:38+00:00,0,0
2026-08-24T14:35:43+00:00,0,0
2026-08-24T14:35:48+00:00,0,0
2026-08-24T14:35:53+00:00,0,1
2026-08-24T14:35:58+00:00,0,0
2026-08-24T14:36:03+00:00,0,0
2026-08-24T14:36:08+00:00,0,0
2026-08-24T14:36:13+00:00,0,0
2026-08-24T14:36:18+00:00,0,0
2026-08-24T14:36:23+00:00,0,0
2026-08-24T14:36:29+00:00,0,0
2026-08-24T14:36:34+00:00,0,0
2026-08-24T14:36:39+00:00,0,0
2026-08-24T14:36:44+00:00,0,0
2026-08-24T14:36:49+00:00,0,0
2026-08-24T14:36:54+00:00,0,0
2026-08-24T14:36:59+00:00,0,0
2026-08-24T14:37:04+00:00,0,0
2026-08-24T14:37:09+00:00,0,0
2026-08-24T14:37:14+00:00,0,0
2026-08-24T14:37:19+00:00,0,0
2026-08-24T14:37:25+00:00,0,0
2026-08-24T14:37:30+00:00,0,0
2026-08-24T14:37:35+00:00,0,0
2026-08-24T14:37:40+00:00,0,0
2026-08-24T14:37:45+00:00,0,0
2026-08-24T14:37:50+00:00,0,0
2026-08-24T14:37:55+00:00,0,0
2026-08-24T14:38:00+00:00,0,0
2026-08-24T14:38:05+00:00,0,0
2026-08-24T14:38:10+00:00,477,0
2026-08-24T14:38:15+00:00,0,0
2026-08-24T14:38:21+00:00,0,0
2026-08-24T14:38:26+00:00,0,0
2026-08-24T14:38:31+00:00,0,0
2026-08-24T14:38:36+00:00,0,0
2026-08-24T14:38:41+00:00,0,0
2026-08-24T14:38:46+00:00,0,0
2026-08-24T14:38:51+00:00,0,0
2026-08-24T14:38:56+00:00,0,0
2026-08-24T14:39:01+00:00,0,0
2026-08-24T14:39:06+00:00,0,0
2026-08-24T14:39:11+00:00,0,0
2026-08-24T14:39:17+00:00,0,0
2026-08-24T14:39:22+00:00,0,0
2026-08-24T14:39:27+00:00,0,0
2026-08-24T14:39:32+00:00,0,0
2026-08-24T14:39:37+00:00,0,0
2026-08-24T14:39:42+00:00,0,0
2026-08-24T14:39:47+00:00,0,0
2026-08-24T14:39:52+00:00,0,0
2026-08-24T14:39:57+00:00,0,0
2026-08-24T14:40:02+00:00,0,0
2026-08-24T14:40:07+00:00,0,0
2026-08-24T14:40:13+00:00,0,0
2026-08-24T14:40:18+00:00,0,0
2026-08-24T14:40:23+00:00,0,0
2026-08-24T14:40:28+00:00,0,0
2026-08-24T14:40:33+00:00,0,0
2026-08-24T14:40:38+00:00,0,1
2026-08-24T14:40:43+00:00,0,0
2026-08-24T14:40:48+00:00,0,0
2026-08-24T14:40:53+00:00,0,0
2026-08-24T14:40:58+00:00,0,0
2026-08-24T14:41:03+00:00,0,0
2026-08-24T14:41:09+00:00,0,0
2026-08-24T14:41:14+00:00,0,0
2026-08-24T14:41:19+00:00,0,0
2026-08-24T14:41:24+00:00,0,0
2026-08-24T14:41:29+00:00,0,0
2026-08-24T14:41:34+00:00,2,0
2026-08-24T14:41:39+00:00,0,0
2026-08-24T14:41:44+00:00,0,0
2026-08-24T14:41:49+00:00,0,0
2026-08-24T14:41:54+00:00,3,0
2026-08-24T14:41:59+00:00,0,0
2026-08-24T14:42:05+00:00,0,0
2026-08-24T14:42:10+00:00,0,0
2026-08-24T14:42:15+00:00,0,0
2026-08-24T14:42:20+00:00,0,0
2026-08-24T14:42:25+00:00,0,0
2026-08-24T14:42:30+00:00,0,0
2026-08-24T14:42:35+00:00,0,0
2026-08-24T14:42:40+00:00,0,0
2026-08-24T14:42:45+00:00,0,0
2026-08-24T14:42:50+00:00,0,0
2026-08-24T14:42:55+00:00,0,0
2026-08-24T14:43:01+00:00,0,0
2026-08-24T14:43:06+00:00,0,0
2026-08-24T14:43:11+00:00,0,0
2026-08-24T14:43:16+00:00,0,0
2026-08-24T14:43:21+00:00,0,0
2026-08-24T14:43:26+00:00,0,0
2026-08-24T14:43:31+00:00,0,0
2026-08-24T14:43:36+00:00,0,0
2026-08-24T14:43:41+00:00,0,0
2026-08-24T14:43:46+00:00,0,0
2026-08-24T14:43:51+00:00,0,0
2026-08-24T14:43:57+00:00,0,0
2026-08-24T14:44:02+00:00,0,0
2026-08-24T14:44:07+00:00,0,0
2026-08-24T14:44:12+00:00,0,0
2026-08-24T14:44:17+00:00,0,0
2026-08-24T14:44:22+00:00,0,0
2026-08-24T14:44:27+00:00,0,0
2026-08-24T14:44:32+00:00,0,0
2026-08-24T14:44:37+00:00,0,0
2026-08-24T14:44:42+00:00,0,0
2026-08-24T14:44:47+00:00,0,0
2026-08-24T14:44:53+00:00,0,0
2026-08-24T14:44:58+00:00,0,0
2026-08-24T14:45:03+00:00,53,20
2026-08-24T14:45:08+00:00,0,0
2026-08-24T14:45:13+00:00,0,0
2026-08-24T14:45:18+00:00,0,0
2026-08-24T14:45:23+00:00,0,0
2026-08-24T14:45:28+00:00,0,0
2026-08-24T14:45:33+00:00,0,0
2026-08-24T14:45:38+00:00,0,0
2026-08-24T14:45:43+00:00,0,0
2026-08-24T14:45:48+00:00,0,0
2026-08-24T14:45:54+00:00,0,0
2026-08-24T14:45:59+00:00,0,0
2026-08-24T14:46:04+00:00,0,0
2026-08-24T14:46:09+00:00,0,0
2026-08-24T14:46:14+00:00,0,0
2026-08-24T14:46:19+00:00,0,0
2026-08-24T14:46:24+00:00,19,5
2026-08-24T14:46:29+00:00,0,0
2026-08-24T14:46:34+00:00,0,3
2026-08-24T14:46:39+00:00,0,0
2026-08-24T14:46:44+00:00,0,0
2026-08-24T14:46:50+00:00,0,0
2026-08-24T14:46:55+00:00,0,0
2026-08-24T14:47:00+00:00,0,0
2026-08-24T14:47:05+00:00,0,0
2026-08-24T14:47:10+00:00,0,0
2026-08-24T14:47:15+00:00,0,0
2026-08-24T14:47:20+00:00,0,0
2026-08-24T14:47:25+00:00,0,0
2026-08-24T14:47:30+00:00,0,0
2026-08-24T14:47:35+00:00,0,0
2026-08-24T14:47:40+00:00,0,0
2026-08-24T14:47:46+00:00,0,0
2026-08-24T14:47:51+00:00,0,0
2026-08-24T14:47:56+00:00,0,0
2026-08-24T14:48:01+00:00,0,0
2026-08-24T14:48:06+00:00,0,0
2026-08-24T14:48:11+00:00,0,0
2026-08-24T14:48:16+00:00,0,0
2026-08-24T14:48:21+00:00,0,0
2026-08-24T14:48:26+00:00,0,0
2026-08-24T14:48:31+00:00,0,0
2026-08-24T14:48:36+00:00,0,0
2026-08-24T14:48:42+00:00,0,0
2026-08-24T14:48:47+00:00,0,0
2026-08-24T14:48:52+00:00,0,0
2026-08-24T14:48:57+00:00,0,0
2026-08-24T14:49:02+00:00,0,0
2026-08-24T14:49:07+00:00,0,1
2026-08-24T14:49:12+00:00,0,0
2026-08-24T14:49:17+00:00,0,0
2026-08-24T14:49:22+00:00,0,0
2026-08-24T14:49:27+00:00,0,0
2026-08-24T14:49:32+00:00,0,0
2026-08-24T14:49:38+00:00,0,0
2026-08-24T14:49:43+00:00,0,0
2026-08-24T14:49:48+00:00,0,0
2026-08-24T14:49:53+00:00,0,0
2026-08-24T14:49:58+00:00,0,0
2026-08-24T14:50:03+00:00,0,0
2026-08-24T14:50:08+00:00,0,0
2026-08-24T14:50:13+00:00,0,0
2026-08-24T14:50:18+00:00,0,0
2026-08-24T14:50:23+00:00,0,0
2026-08-24T14:50:28+00:00,0,0
2026-08-24T14:50:34+00:00,0,0
2026-08-24T14:50:39+00:00,0,0
2026-08-24T14:50:44+00:00,0,0
2026-08-24T14:50:49+00:00,0,0
2026-08-24T14:50:54+00:00,0,0
2026-08-24T14:50:59+00:00,0,0
2026-08-24T14:51:04+00:00,0,0
2026-08-24T14:51:09+00:00,0,0
2026-08-24T14:51:14+00:00,0,0
2026-08-24T14:51:19+00:00,0,0
2026-08-24T14:51:24+00:00,0,0
2026-08-24T14:51:30+00:00,0,0
2026-08-24T14:51:35+00:00,0,0
2026-08-24T14:51:40+00:00,0,0
2026-08-24T14:51:45+00:00,0,0
2026-08-24T14:51:50+00:00,0,0
2026-08-24T14:51:55+00:00,0,0
2026-08-24T14:52:00+00:00,0,0
2026-08-24T14:52:05+00:00,0,0
2026-08-24T14:52:10+00:00,0,0
2026-08-24T14:52:15+00:00,0,0
2026-08-24T14:52:20+00:00,0,0
2026-08-24T14:52:26+00:00,0,0
2026-08-24T14:52:31+00:00,0,0
2026-08-24T14:52:36+00:00,0,0
2026-08-24T14:52:41+00:00,0,0
2026-08-24T14:52:46+00:00,0,0
2026-08-24T14:52:51+00:00,0,0
2026-08-24T14:52:56+00:00,0,1
2026-08-24T14:53:01+00:00,0,0
2026-08-24T14:53:06+00:00,0,0
