2026-08-17T13:24:16+00:00,0, 0, 1, 24576, 24.61, 26
2026-08-17T13:24:21+00:00,0, 0, 1, 24576, 24.75, 26
2026-08-17T13:24:26+00:00,0, 0, 1, 24576, 24.62, 26
2026-08-17T13:24:31+00:00,0, 0, 1, 24576, 24.69, 26
2026-08-17T13:24:36+00:00,0, 0, 1, 24576, 24.86, 26
2026-08-17T13:24:41+00:00,0, 0, 1, 24576, 24.85, 26
2026-08-17T13:24:46+00:00,0, 0, 1, 24576, 24.78, 26
2026-08-17T13:24:51+00:00,0, 0, 1, 24576, 24.71, 26
2026-08-17T13:24:56+00:00,0, 0, 1, 24576, 24.72, 26
2026-08-17T13:25:01+00:00,0, 0, 1, 24576, 24.82, 26
2026-08-17T13:25:06+00:00,0, 0, 1, 24576, 24.76, 26
2026-08-17T13:25:11+00:00,0, 0, 1, 24576, 24.74, 26
2026-08-17T13:25:16+00:00,0, 0, 1, 24576, 24.75, 26
2026-08-17T13:25:21+00:00,0, 0, 1, 24576, 24.99, 26
2026-08-17T13:25:26+00:00,0, 0, 1, 24576, 24.92, 26
2026-08-17T13:25:31+00:00,0, 0, 1, 24576, 24.78, 26
2026-08-17T13:25:36+00:00,0, 0, 1, 24576, 24.85, 26
2026-08-17T13:25:41+00:00,0, 0, 1, 24576, 24.76, 26
2026-08-17T13:25:46+00:00,0, 0, 1, 24576, 24.78, 26
2026-08-17T13:25:51+00:00,0, 0, 1, 24576, 24.65, 26
2026-08-17T13:25:56+00:00,0, 0, 1, 24576, 24.67, 26
2026-08-17T13:26:02+00:00,0, 0, 1, 24576, 24.66, 26
2026-08-17T13:26:07+00:00,0, 0, 1, 24576, 24.68, 26
2026-08-17T13:26:12+00:00,0, 0, 1, 24576, 24.93, 26
2026-08-17T13:26:17+00:00,0, 0, 1, 24576, 24.79, 26
2026-08-17T13:26:22+00:00,0, 0, 1, 24576, 24.97, 26
2026-08-17T13:26:27+00:00,0, 0, 1, 24576, 24.90, 26
2026-08-17T13:26:32+00:00,0, 0, 1, 24576, 24.94, 26
2026-08-17T13:26:37+00:00,0, 0, 1, 24576, 24.89, 26
2026-08-17T13:26:42+00:00,0, 0, 1, 24576, 24.92, 26
2026-08-17T13:26:47+00:00,0, 0, 1, 24576, 24.85, 26
2026-08-17T13:26:52+00:00,0, 0, 1, 24576, 24.86, 26
2026-08-17T13:26:57+00:00,0, 0, 1, 24576, 24.74, 26
2026-08-17T13:27:02+00:00,0, 0, 1, 24576, 24.85, 26
2026-08-17T13:27:07+00:00,0, 0, 1, 24576, 24.87, 26
2026-08-17T13:27:12+00:00,0, 0, 1, 24576, 24.92, 26
2026-08-17T13:27:17+00:00,0, 0, 1, 24576, 24.90, 26
2026-08-17T13:27:22+00:00,0, 0, 1, 24576, 24.82, 26
2026-08-17T13:27:27+00:00,0, 0, 1, 24576, 24.94, 26
2026-08-17T13:27:32+00:00,0, 0, 1, 24576, 24.68, 26
2026-08-17T13:27:37+00:00,0, 0, 1, 24576, 24.84, 26
2026-08-17T13:27:42+00:00,0, 0, 1, 24576, 24.83, 26
2026-08-17T13:27:47+00:00,0, 0, 1, 24576, 24.78, 26
2026-08-17T13:27:52+00:00,0, 0, 1, 24576, 25.00, 26
2026-08-17T13:27:58+00:00,0, 0, 1, 24576, 24.80, 26
2026-08-17T13:28:03+00:00,0, 0, 1, 24576, 24.97, 26
2026-08-17T13:28:08+00:00,0, 0, 1, 24576, 24.81, 26
2026-08-17T13:28:13+00:00,0, 0, 1, 24576, 24.92, 26
2026-08-17T13:28:18+00:00,0, 0, 1, 24576, 24.99, 26
2026-08-17T13:28:23+00:00,0, 0, 1, 24576, 24.93, 26
2026-08-17T13:28:28+00:00,0, 0, 1, 24576, 24.92, 26
2026-08-17T13:28:33+00:00,0, 0, 1, 24576, 24.98, 27
2026-08-17T13:28:38+00:00,0, 0, 1, 24576, 24.94, 27
2026-08-17T13:28:43+00:00,0, 0, 1, 24576, 24.97, 27
2026-08-17T13:28:48+00:00,0, 0, 1, 24576, 24.91, 27
2026-08-17T13:28:53+00:00,0, 0, 1, 24576, 24.66, 27
2026-08-17T13:28:58+00:00,0, 0, 1, 24576, 24.87, 27
2026-08-17T13:29:03+00:00,0, 0, 1, 24576, 24.98, 27
2026-08-17T13:29:08+00:00,0, 0, 1, 24576, 24.75, 27
2026-08-17T13:29:13+00:00,0, 0, 1, 24576, 24.88, 27
2026-08-17T13:29:18+00:00,0, 0, 1, 24576, 24.98, 27
2026-08-17T13:29:23+00:00,0, 0, 1, 24576, 24.78, 27
2026-08-17T13:29:28+00:00,0, 0, 1, 24576, 24.81, 27
2026-08-17T13:29:33+00:00,0, 0, 1, 24576, 24.81, 27
2026-08-17T13:29:38+00:00,0, 0, 1, 24576, 24.83, 27
2026-08-17T13:29:43+00:00,0, 0, 1, 24576, 24.79, 27
2026-08-17T13:29:48+00:00,0, 0, 1, 24576, 24.78, 27
2026-08-17T13:29:53+00:00,0, 0, 1, 24576, 24.80, 27
2026-08-17T13:29:59+00:00,0, 0, 1, 24576, 24.93, 27
2026-08-17T13:30:04+00:00,0, 0, 2, 24576, 24.93, 27
2026-08-17T13:30:09+00:00,0, 0, 1, 24576, 83.86, 30
2026-08-17T13:30:14+00:00,0, 0, 1, 24576, 24.80, 28
2026-08-17T13:30:19+00:00,0, 0, 1, 24576, 24.94, 28
2026-08-17T13:30:24+00:00,0, 0, 1, 24576, 24.86, 28
2026-08-17T13:30:29+00:00,0, 0, 1, 24576, 24.84, 28
2026-08-17T13:30:34+00:00,0, 0, 1, 24576, 24.80, 28
2026-08-17T13:30:39+00:00,0, 0, 1, 24576, 24.91, 28
2026-08-17T13:30:44+00:00,0, 0, 1, 24576, 24.92, 28
2026-08-17T13:30:49+00:00,0, 0, 1, 24576, 24.85, 28
2026-08-17T13:30:54+00:00,0, 0, 1, 24576, 24.86, 28
2026-08-17T13:30:59+00:00,0, 0, 1, 24576, 24.96, 28
2026-08-17T13:31:04+00:00,0, 0, 1, 24576, 24.84, 28
2026-08-17T13:31:09+00:00,0, 0, 1, 24576, 24.93, 28
2026-08-17T13:31:14+00:00,0, 0, 1, 24576, 24.87, 28
2026-08-17T13:31:19+00:00,0, 0, 1, 24576, 24.92, 28
2026-08-17T13:31:24+00:00,0, 0, 1, 24576, 24.84, 28
2026-08-17T13:31:29+00:00,0, 0, 1, 24576, 24.80, 28
2026-08-17T13:31:34+00:00,0, 0, 1, 24576, 24.88, 28
2026-08-17T13:31:39+00:00,0, 0, 1, 24576, 24.90, 28
2026-08-17T13:31:45+00:00,0, 0, 1, 24576, 24.88, 28
2026-08-17T13:31:50+00:00,0, 0, 1, 24576, 24.82, 28
2026-08-17T13:31:55+00:00,0, 0, 1, 24576, 25.06, 28
2026-08-17T13:32:00+00:00,0, 0, 1, 24576, 24.84, 28
2026-08-17T13:32:05+00:00,0, 0, 1, 24576, 24.89, 28
2026-08-17T13:32:10+00:00,0, 0, 1, 24576, 24.84, 28
2026-08-17T13:32:15+00:00,0, 0, 1, 24576, 24.76, 28
2026-08-17T13:32:20+00:00,0, 0, 1, 24576, 24.90, 28
2026-08-17T13:32:25+00:00,0, 0, 1, 24576, 25.07, 28
2026-08-17T13:32:30+00:00,0, 0, 1, 24576, 24.89, 28
2026-08-17T13:32:35+00:00,0, 0, 1, 24576, 24.96, 28
2026-08-17T13:32:40+00:00,0, 0, 1, 24576, 24.84, 28
2026-08-17T13:32:45+00:00,0, 0, 1, 24576, 24.89, 28
2026-08-17T13:32:50+00:00,0, 0, 1, 24576, 24.95, 28
2026-08-17T13:32:55+00:00,0, 0, 1, 24576, 24.83, 28
2026-08-17T13:33:00+00:00,0, 0, 1, 24576, 24.79, 28
2026-08-17T13:33:05+00:00,0, 0, 1, 24576, 24.98, 28
2026-08-17T13:33:10+00:00,0, 0, 1, 24576, 24.90, 28
2026-08-17T13:33:15+00:00,0, 0, 1, 24576, 24.89, 28
2026-08-17T13:33:20+00:00,0, 0, 1, 24576, 24.84, 28
2026-08-17T13:33:25+00:00,0, 0, 1, 24576, 25.08, 28
2026-08-17T13:33:30+00:00,0, 0, 1, 24576, 24.81, 28
2026-08-17T13:33:35+00:00,0, 0, 1, 24576, 24.67, 28
2026-08-17T13:33:40+00:00,0, 0, 1, 24576, 24.80, 28
2026-08-17T13:33:46+00:00,0, 0, 1, 24576, 24.84, 28
2026-08-17T13:33:51+00:00,0, 0, 1, 24576, 24.75, 28
2026-08-17T13:33:56+00:00,0, 0, 1, 24576, 24.76, 28
2026-08-17T13:34:01+00:00,0, 0, 1, 24576, 24.87, 28
2026-08-17T13:34:06+00:00,0, 0, 1, 24576, 24.75, 28
2026-08-17T13:34:11+00:00,0, 0, 1, 24576, 24.81, 28
2026-08-17T13:34:16+00:00,0, 0, 1, 24576, 24.79, 28
2026-08-17T13:34:21+00:00,0, 0, 1, 24576, 24.89, 28
2026-08-17T13:34:26+00:00,0, 0, 1, 24576, 24.80, 28
2026-08-17T13:34:31+00:00,0, 0, 1, 24576, 24.73, 28
2026-08-17T13:34:36+00:00,0, 0, 1, 24576, 24.85, 28
2026-08-17T13:34:41+00:00,0, 0, 1, 24576, 24.97, 28
2026-08-17T13:34:46+00:00,0, 0, 1, 24576, 24.77, 28
2026-08-17T13:34:51+00:00,0, 0, 1, 24576, 24.74, 28
2026-08-17T13:34:56+00:00,0, 0, 1, 24576, 24.80, 28
2026-08-17T13:35:01+00:00,0, 0, 1, 24576, 24.82, 28
2026-08-17T13:35:06+00:00,0, 0, 1, 24576, 24.79, 28
2026-08-17T13:35:11+00:00,0, 0, 1, 24576, 24.78, 28
2026-08-17T13:35:16+00:00,0, 0, 1, 24576, 24.98, 28
2026-08-17T13:35:21+00:00,0, 0, 1, 24576, 24.67, 28
2026-08-17T13:35:26+00:00,0, 0, 1, 24576, 24.66, 28
2026-08-17T13:35:31+00:00,0, 0, 1, 24576, 24.82, 27
2026-08-17T13:35:36+00:00,0, 0, 1, 24576, 24.78, 27
2026-08-17T13:35:41+00:00,0, 0, 1, 24576, 24.78, 27
2026-08-17T13:35:47+00:00,0, 0, 1, 24576, 24.65, 27
2026-08-17T13:35:52+00:00,0, 0, 1, 24576, 24.72, 27
2026-08-17T13:35:57+00:00,0, 0, 1, 24576, 24.65, 27
2026-08-17T13:36:02+00:00,0, 0, 1, 24576, 24.70, 27
2026-08-17T13:36:07+00:00,0, 0, 1, 24576, 24.76, 27
2026-08-17T13:36:12+00:00,0, 0, 1, 24576, 24.65, 27
2026-08-17T13:36:17+00:00,0, 0, 1, 24576, 24.79, 27
2026-08-17T13:36:22+00:00,0, 0, 1, 24576, 24.58, 27
2026-08-17T13:36:27+00:00,0, 0, 1, 24576, 24.67, 27
2026-08-17T13:36:32+00:00,0, 0, 1, 24576, 24.67, 27
2026-08-17T13:36:37+00:00,0, 0, 1, 24576, 24.64, 27
2026-08-17T13:36:42+00:00,0, 0, 1, 24576, 24.58, 27
2026-08-17T13:36:47+00:00,0, 0, 1, 24576, 24.70, 27
2026-08-17T13:36:52+00:00,0, 0, 1, 24576, 24.69, 27
2026-08-17T13:36:57+00:00,0, 0, 1, 24576, 24.59, 27
2026-08-17T13:37:02+00:00,0, 0, 1, 24576, 24.50, 27
2026-08-17T13:37:07+00:00,0, 0, 1, 24576, 24.84, 27
2026-08-17T13:37:12+00:00,0, 0, 1, 24576, 24.80, 27
2026-08-17T13:37:17+00:00,0, 0, 1, 24576, 24.82, 27
2026-08-17T13:37:22+00:00,0, 0, 1, 24576, 24.84, 27
2026-08-17T13:37:27+00:00,0, 0, 1, 24576, 24.70, 27
2026-08-17T13:37:32+00:00,0, 0, 1, 24576, 24.67, 27
2026-08-17T13:37:37+00:00,0, 0, 1, 24576, 24.60, 27
2026-08-17T13:37:43+00:00,0, 0, 1, 24576, 24.69, 27
2026-08-17T13:37:48+00:00,0, 0, 1, 24576, 24.60, 27
2026-08-17T13:37:53+00:00,0, 0, 1, 24576, 24.69, 27
2026-08-17T13:37:58+00:00,0, 0, 1, 24576, 24.76, 27
2026-08-17T13:38:03+00:00,0, 0, 1, 24576, 24.75, 27
2026-08-17T13:38:08+00:00,0, 0, 1, 24576, 24.81, 27
2026-08-17T13:38:13+00:00,0, 0, 1, 24576, 24.68, 27
2026-08-17T13:38:18+00:00,0, 0, 1, 24576, 24.78, 27
2026-08-17T13:38:23+00:00,0, 0, 1, 24576, 24.87, 27
2026-08-17T13:38:28+00:00,0, 0, 1, 24576, 24.79, 27
2026-08-17T13:38:33+00:00,0, 0, 1, 24576, 24.63, 27
2026-08-17T13:38:38+00:00,0, 0, 1, 24576, 24.55, 27
2026-08-17T13:38:43+00:00,0, 0, 1, 24576, 24.60, 27
2026-08-17T13:38:48+00:00,0, 0, 1, 24576, 24.60, 27
2026-08-17T13:38:53+00:00,0, 0, 1, 24576, 24.47, 27
2026-08-17T13:38:58+00:00,0, 0, 1, 24576, 24.58, 27
2026-08-17T13:39:03+00:00,0, 0, 1, 24576, 24.53, 27
2026-08-17T13:39:08+00:00,0, 0, 1, 24576, 24.49, 27
2026-08-17T13:39:13+00:00,0, 0, 1, 24576, 24.57, 27
2026-08-17T13:39:18+00:00,0, 0, 1, 24576, 24.51, 27
2026-08-17T13:39:23+00:00,0, 0, 1, 24576, 24.62, 27
2026-08-17T13:39:28+00:00,0, 0, 1, 24576, 24.58, 27
2026-08-17T13:39:33+00:00,0, 0, 1, 24576, 24.63, 27
2026-08-17T13:39:39+00:00,0, 0, 1, 24576, 24.72, 27
2026-08-17T13:39:44+00:00,0, 0, 1, 24576, 24.72, 27
2026-08-17T13:39:49+00:00,0, 0, 1, 24576, 24.79, 27
2026-08-17T13:39:54+00:00,0, 0, 1, 24576, 24.84, 27
2026-08-17T13:39:59+00:00,0, 0, 1, 24576, 24.70, 27
2026-08-17T13:40:04+00:00,0, 0, 1, 24576, 24.69, 27
2026-08-17T13:40:09+00:00,0, 0, 1, 24576, 107.17, 31
2026-08-17T13:40:14+00:00,0, 0, 1, 24576, 24.76, 28
2026-08-17T13:40:19+00:00,0, 0, 1, 24576, 24.62, 27
2026-08-17T13:40:24+00:00,0, 0, 1, 24576, 24.60, 27
2026-08-17T13:40:29+00:00,0, 0, 1, 24576, 24.64, 27
2026-08-17T13:40:34+00:00,0, 0, 1, 24576, 24.65, 27
2026-08-17T13:40:39+00:00,0, 0, 1, 24576, 24.68, 27
2026-08-17T13:40:44+00:00,0, 0, 1, 24576, 24.64, 27
2026-08-17T13:40:49+00:00,0, 0, 1, 24576, 24.84, 27
2026-08-17T13:40:54+00:00,0, 0, 1, 24576, 24.66, 27
2026-08-17T13:40:59+00:00,0, 0, 1, 24576, 24.63, 27
2026-08-17T13:41:04+00:00,0, 0, 1, 24576, 24.58, 27
2026-08-17T13:41:09+00:00,0, 0, 1, 24576, 24.50, 27
2026-08-17T13:41:14+00:00,0, 0, 1, 24576, 24.62, 27
2026-08-17T13:41:19+00:00,0, 0, 1, 24576, 24.69, 27
2026-08-17T13:41:24+00:00,0, 0, 1, 24576, 24.69, 27
2026-08-17T13:41:29+00:00,0, 0, 1, 24576, 24.69, 27
2026-08-17T13:41:35+00:00,0, 0, 1, 24576, 24.65, 27
2026-08-17T13:41:40+00:00,0, 0, 4, 24576, 24.79, 27
2026-08-17T13:41:45+00:00,2, 0, 19756, 24576, 110.40, 34
2026-08-17T13:41:50+00:00,20, 1, 20804, 24576, 133.25, 36
2026-08-17T13:41:55+00:00,0, 0, 20804, 24576, 110.32, 36
2026-08-17T13:42:00+00:00,1, 0, 20804, 24576, 110.64, 37
2026-08-17T13:42:05+00:00,0, 0, 20804, 24576, 110.91, 37
2026-08-17T13:42:10+00:00,0, 0, 20804, 24576, 111.05, 38
2026-08-17T13:42:15+00:00,0, 0, 20804, 24576, 111.19, 39
2026-08-17T13:42:20+00:00,0, 0, 20804, 24576, 111.31, 39
2026-08-17T13:42:25+00:00,0, 0, 20804, 24576, 111.61, 40
2026-08-17T13:42:30+00:00,0, 0, 20804, 24576, 111.65, 40
2026-08-17T13:42:35+00:00,0, 0, 20804, 24576, 111.96, 41
2026-08-17T13:42:40+00:00,0, 0, 20804, 24576, 111.91, 41
2026-08-17T13:42:45+00:00,0, 0, 20804, 24576, 112.06, 42
2026-08-17T13:42:50+00:00,0, 0, 20804, 24576, 112.22, 42
2026-08-17T13:42:55+00:00,1, 0, 20804, 24576, 112.26, 43
2026-08-17T13:43:00+00:00,0, 0, 20804, 24576, 112.11, 43
2026-08-17T13:43:05+00:00,2, 0, 20804, 24576, 112.27, 43
2026-08-17T13:43:10+00:00,1, 0, 20804, 24576, 112.24, 44
2026-08-17T13:43:15+00:00,100, 44, 21992, 24576, 344.74, 59
2026-08-17T13:43:20+00:00,0, 0, 23276, 24576, 114.35, 47
2026-08-17T13:43:25+00:00,0, 0, 23276, 24576, 152.19, 49
2026-08-17T13:43:30+00:00,0, 0, 23276, 24576, 115.55, 46
2026-08-17T13:43:36+00:00,0, 0, 23276, 24576, 115.51, 45
2026-08-17T13:43:41+00:00,0, 0, 23276, 24576, 115.27, 45
2026-08-17T13:43:46+00:00,0, 0, 23276, 24576, 116.89, 45
2026-08-17T13:43:51+00:00,0, 0, 23276, 24576, 115.15, 45
2026-08-17T13:43:56+00:00,0, 0, 23276, 24576, 136.99, 47
2026-08-17T13:44:01+00:00,0, 0, 23276, 24576, 114.77, 45
2026-08-17T13:44:06+00:00,0, 0, 23276, 24576, 114.57, 45
2026-08-17T13:44:11+00:00,0, 0, 23276, 24576, 114.65, 45
2026-08-17T13:44:16+00:00,0, 0, 23276, 24576, 114.42, 44
2026-08-17T13:44:21+00:00,0, 0, 23276, 24576, 114.29, 44
2026-08-17T13:44:26+00:00,0, 0, 23276, 24576, 114.37, 44
2026-08-17T13:44:31+00:00,0, 0, 23276, 24576, 114.26, 44
2026-08-17T13:44:36+00:00,0, 0, 23276, 24576, 114.31, 44
2026-08-17T13:44:41+00:00,0, 0, 23276, 24576, 114.44, 44
2026-08-17T13:44:46+00:00,2, 1, 23276, 24576, 147.71, 48
2026-08-17T13:44:51+00:00,0, 0, 23276, 24576, 114.43, 45
2026-08-17T13:44:56+00:00,0, 0, 23276, 24576, 114.36, 44
2026-08-17T13:45:01+00:00,0, 0, 23276, 24576, 114.06, 44
2026-08-17T13:45:06+00:00,0, 0, 23276, 24576, 114.77, 44
2026-08-17T13:45:11+00:00,0, 0, 23276, 24576, 114.02, 45
2026-08-17T13:45:16+00:00,0, 0, 23276, 24576, 126.15, 45
2026-08-17T13:45:21+00:00,0, 0, 23276, 24576, 113.83, 45
2026-08-17T13:45:26+00:00,0, 0, 23276, 24576, 114.01, 45
2026-08-17T13:45:31+00:00,0, 0, 23276, 24576, 116.43, 45
2026-08-17T13:45:36+00:00,0, 0, 23276, 24576, 114.42, 45
2026-08-17T13:45:42+00:00,0, 0, 23276, 24576, 114.35, 45
2026-08-17T13:45:47+00:00,0, 0, 23276, 24576, 150.41, 47
2026-08-17T13:45:52+00:00,0, 0, 23276, 24576, 128.37, 46
2026-08-17T13:45:57+00:00,0, 0, 23276, 24576, 136.57, 47
2026-08-17T13:46:02+00:00,0, 0, 23276, 24576, 114.51, 46
2026-08-17T13:46:07+00:00,0, 0, 23276, 24576, 150.00, 48
2026-08-17T13:46:12+00:00,0, 0, 23276, 24576, 114.38, 46
2026-08-17T13:46:17+00:00,0, 0, 23276, 24576, 120.76, 46
2026-08-17T13:46:22+00:00,0, 0, 23276, 24576, 114.58, 46
2026-08-17T13:46:27+00:00,0, 0, 23276, 24576, 114.42, 46
2026-08-17T13:46:32+00:00,0, 0, 23276, 24576, 114.19, 46
2026-08-17T13:46:37+00:00,0, 0, 23276, 24576, 114.25, 46
2026-08-17T13:46:42+00:00,0, 0, 23276, 24576, 114.39, 46
2026-08-17T13:46:47+00:00,0, 0, 23276, 24576, 126.59, 46
2026-08-17T13:46:52+00:00,0, 0, 23276, 24576, 114.09, 46
2026-08-17T13:46:57+00:00,0, 0, 23276, 24576, 114.32, 46
2026-08-17T13:47:02+00:00,0, 0, 23276, 24576, 114.30, 46
2026-08-17T13:47:07+00:00,100, 41, 23276, 24576, 136.04, 53
2026-08-17T13:47:12+00:00,0, 0, 23276, 24576, 114.44, 47
2026-08-17T13:47:17+00:00,0, 0, 23276, 24576, 114.25, 46
2026-08-17T13:47:22+00:00,0, 0, 23276, 24576, 114.56, 47
2026-08-17T13:47:27+00:00,0, 0, 23276, 24576, 114.60, 47
2026-08-17T13:47:32+00:00,0, 0, 23276, 24576, 114.52, 47
2026-08-17T13:47:37+00:00,0, 0, 23276, 24576, 114.58, 47
2026-08-17T13:47:42+00:00,0, 0, 23276, 24576, 114.31, 47
2026-08-17T13:47:48+00:00,0, 0, 23276, 24576, 114.33, 47
2026-08-17T13:47:53+00:00,0, 0, 23276, 24576, 114.39, 47
2026-08-17T13:47:58+00:00,0, 0, 23276, 24576, 114.48, 47
2026-08-17T13:48:03+00:00,0, 0, 23276, 24576, 114.44, 47
2026-08-17T13:48:08+00:00,0, 0, 23276, 24576, 114.52, 47
2026-08-17T13:48:13+00:00,0, 0, 23276, 24576, 131.96, 47
2026-08-17T13:48:18+00:00,0, 0, 23276, 24576, 114.60, 47
2026-08-17T13:48:23+00:00,0, 0, 23276, 24576, 114.45, 47
2026-08-17T13:48:28+00:00,0, 0, 23276, 24576, 114.51, 47
2026-08-17T13:48:33+00:00,0, 0, 23276, 24576, 114.50, 48
2026-08-17T13:48:38+00:00,0, 0, 23276, 24576, 114.67, 47
2026-08-17T13:48:43+00:00,0, 0, 23276, 24576, 114.32, 48
2026-08-17T13:48:48+00:00,0, 0, 23276, 24576, 114.52, 48
2026-08-17T13:48:53+00:00,0, 0, 23276, 24576, 114.59, 48
2026-08-17T13:48:58+00:00,0, 0, 23276, 24576, 154.41, 50
2026-08-17T13:49:03+00:00,0, 0, 23276, 24576, 114.75, 48
2026-08-17T13:49:08+00:00,0, 0, 23276, 24576, 114.28, 48
2026-08-17T13:49:13+00:00,0, 0, 23276, 24576, 114.41, 48
2026-08-17T13:49:18+00:00,0, 0, 23276, 24576, 114.52, 48
2026-08-17T13:49:23+00:00,0, 0, 23276, 24576, 114.58, 48
2026-08-17T13:49:28+00:00,0, 0, 23276, 24576, 114.31, 48
2026-08-17T13:49:33+00:00,0, 0, 23276, 24576, 114.62, 48
2026-08-17T13:49:38+00:00,0, 0, 23276, 24576, 114.76, 48
2026-08-17T13:49:43+00:00,0, 0, 23276, 24576, 114.65, 48
2026-08-17T13:49:49+00:00,0, 0, 23276, 24576, 114.76, 48
2026-08-17T13:49:54+00:00,0, 0, 23276, 24576, 114.52, 48
2026-08-17T13:49:59+00:00,22, 9, 23276, 24576, 158.61, 50
2026-08-17T13:50:04+00:00,0, 0, 23276, 24576, 113.75, 49
2026-08-17T13:50:09+00:00,0, 0, 23276, 24576, 113.97, 49
2026-08-17T13:50:14+00:00,0, 0, 23276, 24576, 113.71, 49
2026-08-17T13:50:19+00:00,100, 41, 23276, 24576, 152.76, 50
2026-08-17T13:50:24+00:00,0, 0, 23276, 24576, 113.74, 49
2026-08-17T13:50:29+00:00,0, 0, 23276, 24576, 113.82, 49
2026-08-17T13:50:34+00:00,0, 0, 23276, 24576, 121.13, 49
2026-08-17T13:50:39+00:00,0, 0, 23276, 24576, 113.83, 49
2026-08-17T13:50:44+00:00,0, 0, 23276, 24576, 113.88, 49
2026-08-17T13:50:49+00:00,0, 0, 23276, 24576, 159.62, 51
2026-08-17T13:50:54+00:00,0, 0, 23276, 24576, 114.05, 49
2026-08-17T13:50:59+00:00,0, 0, 23276, 24576, 113.96, 49
2026-08-17T13:51:04+00:00,0, 0, 23276, 24576, 138.07, 51
2026-08-17T13:51:09+00:00,0, 0, 23276, 24576, 114.24, 49
2026-08-17T13:51:14+00:00,0, 0, 23276, 24576, 113.87, 49
2026-08-17T13:51:19+00:00,0, 0, 23276, 24576, 113.83, 49
2026-08-17T13:51:24+00:00,0, 0, 1, 24576, 141.43, 51
2026-08-17T13:51:29+00:00,0, 0, 1, 24576, 26.97, 44
2026-08-17T13:51:34+00:00,0, 0, 1, 24576, 25.40, 41
2026-08-17T13:51:39+00:00,0, 0, 1, 24576, 25.60, 40
2026-08-17T13:51:44+00:00,0, 0, 1, 24576, 25.11, 39
2026-08-17T13:51:50+00:00,0, 0, 1, 24576, 25.19, 38
2026-08-17T13:51:55+00:00,0, 0, 1, 24576, 24.92, 37
2026-08-17T13:52:00+00:00,0, 0, 1, 24576, 25.12, 37
2026-08-17T13:52:05+00:00,0, 0, 1, 24576, 24.97, 36
2026-08-17T13:52:10+00:00,0, 0, 1, 24576, 24.92, 36
2026-08-17T13:52:15+00:00,0, 0, 1, 24576, 25.04, 35
2026-08-17T13:52:20+00:00,0, 0, 1, 24576, 24.99, 35
2026-08-17T13:52:25+00:00,0, 0, 1, 24576, 24.97, 35
2026-08-17T13:52:30+00:00,0, 0, 1, 24576, 25.10, 34
2026-08-17T13:52:35+00:00,0, 0, 1, 24576, 24.93, 34
2026-08-17T13:52:40+00:00,0, 0, 1, 24576, 24.87, 34
2026-08-17T13:52:45+00:00,0, 0, 1, 24576, 25.07, 34
2026-08-17T13:52:50+00:00,0, 0, 1, 24576, 24.91, 33
2026-08-17T13:52:55+00:00,0, 0, 1, 24576, 24.98, 33
2026-08-17T13:53:00+00:00,0, 0, 1, 24576, 25.09, 33
2026-08-17T13:53:05+00:00,0, 0, 1, 24576, 25.21, 33
2026-08-17T13:53:10+00:00,0, 0, 1, 24576, 25.14, 33
2026-08-17T13:53:15+00:00,0, 0, 1, 24576, 25.09, 32
2026-08-17T13:53:20+00:00,0, 0, 1, 24576, 25.17, 32
2026-08-17T13:53:25+00:00,0, 0, 1, 24576, 25.04, 32
2026-08-17T13:53:30+00:00,0, 0, 1, 24576, 24.95, 32
2026-08-17T13:53:35+00:00,0, 0, 1, 24576, 25.00, 32
2026-08-17T13:53:40+00:00,0, 0, 1, 24576, 25.10, 32
2026-08-17T13:53:45+00:00,0, 0, 1, 24576, 24.90, 31
2026-08-17T13:53:51+00:00,0, 0, 1, 24576, 24.81, 31
2026-08-17T13:53:56+00:00,0, 0, 1, 24576, 25.01, 31
2026-08-17T13:54:01+00:00,0, 0, 1, 24576, 25.23, 31
2026-08-17T13:54:06+00:00,6, 0, 1328, 24576, 111.00, 37
2026-08-17T13:54:11+00:00,27, 1, 19756, 24576, 112.95, 39
2026-08-17T13:54:16+00:00,0, 0, 20804, 24576, 111.25, 40
2026-08-17T13:54:21+00:00,0, 0, 20804, 24576, 111.54, 40
2026-08-17T13:54:26+00:00,0, 0, 20804, 24576, 111.60, 41
2026-08-17T13:54:31+00:00,0, 0, 20804, 24576, 111.84, 42
2026-08-17T13:54:36+00:00,1, 0, 20804, 24576, 112.32, 42
2026-08-17T13:54:41+00:00,0, 0, 20804, 24576, 112.48, 43
2026-08-17T13:54:46+00:00,0, 0, 20804, 24576, 112.29, 43
2026-08-17T13:54:51+00:00,1, 0, 20804, 24576, 112.69, 44
2026-08-17T13:54:56+00:00,0, 0, 20804, 24576, 112.86, 44
2026-08-17T13:55:01+00:00,0, 0, 20804, 24576, 112.82, 45
2026-08-17T13:55:06+00:00,0, 0, 20804, 24576, 113.48, 45
2026-08-17T13:55:11+00:00,0, 0, 20804, 24576, 113.76, 45
2026-08-17T13:55:16+00:00,0, 0, 20804, 24576, 113.88, 46
2026-08-17T13:55:21+00:00,0, 0, 20804, 24576, 113.85, 46
2026-08-17T13:55:26+00:00,0, 0, 20804, 24576, 114.01, 46
2026-08-17T13:55:31+00:00,1, 0, 20804, 24576, 114.10, 47
2026-08-17T13:55:36+00:00,0, 0, 20804, 24576, 114.24, 47
2026-08-17T13:55:41+00:00,0, 0, 20804, 24576, 114.27, 47
2026-08-17T13:55:46+00:00,100, 45, 21992, 24576, 344.71, 61
2026-08-17T13:55:52+00:00,0, 0, 22130, 24576, 126.11, 50
2026-08-17T13:55:57+00:00,0, 0, 23276, 24576, 115.65, 49
2026-08-17T13:56:02+00:00,0, 0, 23276, 24576, 115.78, 48
2026-08-17T13:56:07+00:00,0, 0, 23276, 24576, 115.19, 47
2026-08-17T13:56:12+00:00,0, 0, 23276, 24576, 114.86, 47
2026-08-17T13:56:17+00:00,0, 0, 23276, 24576, 114.65, 46
2026-08-17T13:56:22+00:00,0, 0, 23276, 24576, 114.41, 46
2026-08-17T13:56:27+00:00,59, 14, 23276, 24576, 154.90, 48
2026-08-17T13:56:32+00:00,0, 0, 23276, 24576, 120.77, 47
2026-08-17T13:56:37+00:00,0, 0, 23276, 24576, 115.15, 46
2026-08-17T13:56:42+00:00,0, 0, 23276, 24576, 114.83, 46
2026-08-17T13:56:47+00:00,0, 0, 23276, 24576, 114.93, 46
2026-08-17T13:56:52+00:00,0, 0, 23276, 24576, 115.04, 46
2026-08-17T13:56:57+00:00,0, 0, 23276, 24576, 114.90, 45
2026-08-17T13:57:02+00:00,0, 0, 23276, 24576, 114.72, 46
2026-08-17T13:57:07+00:00,0, 0, 23276, 24576, 114.66, 45
2026-08-17T13:57:12+00:00,0, 0, 23276, 24576, 114.67, 45
2026-08-17T13:57:17+00:00,0, 0, 23276, 24576, 114.51, 45
2026-08-17T13:57:22+00:00,0, 0, 23276, 24576, 147.94, 48
2026-08-17T13:57:27+00:00,0, 0, 23276, 24576, 114.65, 46
2026-08-17T13:57:32+00:00,0, 0, 23276, 24576, 114.48, 45
2026-08-17T13:57:37+00:00,0, 0, 23276, 24576, 114.38, 45
2026-08-17T13:57:42+00:00,0, 0, 23276, 24576, 114.51, 45
2026-08-17T13:57:47+00:00,0, 0, 23276, 24576, 114.32, 46
2026-08-17T13:57:53+00:00,0, 0, 23276, 24576, 134.66, 47
2026-08-17T13:57:58+00:00,0, 0, 23276, 24576, 114.82, 46
2026-08-17T13:58:03+00:00,0, 0, 23276, 24576, 114.56, 46
2026-08-17T13:58:08+00:00,0, 0, 23276, 24576, 136.79, 47
2026-08-17T13:58:13+00:00,0, 0, 23276, 24576, 114.58, 46
2026-08-17T13:58:18+00:00,0, 0, 23276, 24576, 114.71, 46
2026-08-17T13:58:23+00:00,0, 0, 23276, 24576, 114.61, 46
2026-08-17T13:58:28+00:00,0, 0, 23276, 24576, 160.51, 49
2026-08-17T13:58:33+00:00,0, 0, 23276, 24576, 114.49, 46
2026-08-17T13:58:38+00:00,0, 0, 1, 24576, 138.83, 48
2026-08-17T13:58:43+00:00,0, 0, 1, 24576, 25.70, 40
2026-08-17T13:58:48+00:00,0, 0, 1, 24576, 25.55, 38
2026-08-17T13:58:53+00:00,0, 0, 1, 24576, 25.42, 37
2026-08-17T13:58:58+00:00,0, 0, 1, 24576, 25.48, 36
2026-08-17T13:59:03+00:00,0, 0, 1, 24576, 25.34, 35
2026-08-17T13:59:08+00:00,0, 0, 1, 24576, 25.23, 35
2026-08-17T13:59:13+00:00,0, 0, 1, 24576, 25.24, 34
2026-08-17T13:59:18+00:00,0, 0, 1, 24576, 25.25, 34
2026-08-17T13:59:23+00:00,0, 0, 1, 24576, 25.17, 33
2026-08-17T13:59:28+00:00,0, 0, 1, 24576, 25.02, 33
2026-08-17T13:59:33+00:00,0, 0, 1, 24576, 24.96, 33
2026-08-17T13:59:38+00:00,0, 0, 1, 24576, 25.29, 33
2026-08-17T13:59:43+00:00,0, 0, 1, 24576, 25.09, 32
2026-08-17T13:59:48+00:00,0, 0, 1, 24576, 25.01, 32
2026-08-17T13:59:53+00:00,0, 0, 1, 24576, 25.08, 32
2026-08-17T13:59:59+00:00,0, 0, 1, 24576, 25.10, 32
2026-08-17T14:00:04+00:00,0, 0, 1, 24576, 25.15, 31
2026-08-17T14:00:09+00:00,0, 0, 1, 24576, 49.47, 33
2026-08-17T14:00:14+00:00,0, 0, 1, 24576, 25.35, 32
2026-08-17T14:00:19+00:00,0, 0, 1, 24576, 25.09, 31
2026-08-17T14:00:24+00:00,0, 0, 1, 24576, 24.96, 31
2026-08-17T14:00:29+00:00,0, 0, 1, 24576, 24.95, 31
2026-08-17T14:00:34+00:00,0, 0, 1, 24576, 24.89, 31
2026-08-17T14:00:39+00:00,0, 0, 1, 24576, 24.94, 31
2026-08-17T14:00:44+00:00,0, 0, 1, 24576, 24.84, 30
2026-08-17T14:00:49+00:00,0, 0, 1, 24576, 24.89, 30
2026-08-17T14:00:54+00:00,0, 0, 1, 24576, 24.92, 30
2026-08-17T14:00:59+00:00,0, 0, 1, 24576, 24.99, 30
2026-08-17T14:01:04+00:00,0, 0, 1, 24576, 24.92, 30
2026-08-17T14:01:09+00:00,0, 0, 1, 24576, 24.85, 30
2026-08-17T14:01:14+00:00,0, 0, 1, 24576, 24.78, 30
2026-08-17T14:01:19+00:00,0, 0, 1, 24576, 24.67, 29
2026-08-17T14:01:24+00:00,0, 0, 1, 24576, 24.70, 29
2026-08-17T14:01:29+00:00,0, 0, 1, 24576, 24.56, 29
2026-08-17T14:01:34+00:00,0, 0, 1, 24576, 24.80, 29
2026-08-17T14:01:39+00:00,0, 0, 1, 24576, 24.85, 29
2026-08-17T14:01:44+00:00,0, 0, 1, 24576, 24.79, 29
2026-08-17T14:01:49+00:00,0, 0, 1, 24576, 24.71, 29
2026-08-17T14:01:55+00:00,0, 0, 1, 24576, 24.89, 29
2026-08-17T14:02:00+00:00,0, 0, 1, 24576, 24.86, 29
2026-08-17T14:02:05+00:00,0, 0, 1, 24576, 24.85, 29
2026-08-17T14:02:10+00:00,0, 0, 1, 24576, 24.76, 28
2026-08-17T14:02:15+00:00,0, 0, 1, 24576, 24.79, 28
2026-08-17T14:02:20+00:00,0, 0, 1, 24576, 24.83, 28
2026-08-17T14:02:25+00:00,0, 0, 1, 24576, 24.69, 28
2026-08-17T14:02:30+00:00,0, 0, 1, 24576, 24.55, 28
2026-08-17T14:02:35+00:00,0, 0, 1, 24576, 24.55, 28
2026-08-17T14:02:40+00:00,0, 0, 1, 24576, 24.62, 28
2026-08-17T14:02:45+00:00,0, 0, 1, 24576, 24.69, 28
2026-08-17T14:02:50+00:00,0, 0, 1, 24576, 24.68, 28
2026-08-17T14:02:55+00:00,0, 0, 1, 24576, 24.60, 28
2026-08-17T14:03:00+00:00,0, 0, 1, 24576, 24.55, 28
2026-08-17T14:03:05+00:00,0, 0, 1, 24576, 24.83, 28
2026-08-17T14:03:10+00:00,0, 0, 1, 24576, 24.82, 28
2026-08-17T14:03:15+00:00,0, 0, 1, 24576, 24.73, 28
2026-08-17T14:03:20+00:00,0, 0, 1, 24576, 24.81, 28
2026-08-17T14:03:25+00:00,0, 0, 1, 24576, 24.83, 27
2026-08-17T14:03:30+00:00,0, 0, 1, 24576, 24.71, 27
2026-08-17T14:03:35+00:00,0, 0, 1, 24576, 24.80, 27
2026-08-17T14:03:40+00:00,0, 0, 1, 24576, 24.88, 27
2026-08-17T14:03:45+00:00,0, 0, 1, 24576, 24.70, 27
2026-08-17T14:03:50+00:00,0, 0, 1, 24576, 24.75, 27
2026-08-17T14:03:56+00:00,0, 0, 1, 24576, 24.74, 27
2026-08-17T14:04:01+00:00,0, 0, 1, 24576, 24.81, 27
2026-08-17T14:04:06+00:00,0, 0, 1, 24576, 24.79, 27
2026-08-17T14:04:11+00:00,0, 0, 1, 24576, 24.80, 27
2026-08-17T14:04:16+00:00,0, 0, 1, 24576, 24.88, 27
2026-08-17T14:04:21+00:00,0, 0, 1, 24576, 24.82, 27
2026-08-17T14:04:26+00:00,0, 0, 1, 24576, 24.73, 27
2026-08-17T14:04:31+00:00,0, 0, 1, 24576, 24.97, 27
2026-08-17T14:04:36+00:00,0, 0, 1, 24576, 24.86, 27
2026-08-17T14:04:41+00:00,0, 0, 1, 24576, 24.94, 27
2026-08-17T14:04:46+00:00,0, 0, 1, 24576, 24.86, 27
2026-08-17T14:04:51+00:00,0, 0, 1, 24576, 25.00, 27
2026-08-17T14:04:56+00:00,0, 0, 1, 24576, 24.92, 27
2026-08-17T14:05:01+00:00,0, 0, 1, 24576, 24.81, 27
2026-08-17T14:05:06+00:00,0, 0, 1, 24576, 24.95, 27
2026-08-17T14:05:11+00:00,0, 0, 1, 24576, 24.82, 27
2026-08-17T14:05:16+00:00,0, 0, 1, 24576, 24.77, 27
2026-08-17T14:05:21+00:00,0, 0, 1, 24576, 24.55, 26
2026-08-17T14:05:26+00:00,0, 0, 1, 24576, 24.64, 26
2026-08-17T14:05:31+00:00,0, 0, 1, 24576, 24.99, 26
2026-08-17T14:05:36+00:00,0, 0, 1, 24576, 24.86, 26
2026-08-17T14:05:41+00:00,0, 0, 1, 24576, 25.06, 26
2026-08-17T14:05:46+00:00,0, 0, 1, 24576, 24.97, 26
2026-08-17T14:05:51+00:00,0, 0, 1, 24576, 24.87, 26
2026-08-17T14:05:57+00:00,0, 0, 1, 24576, 24.79, 26
2026-08-17T14:06:02+00:00,5, 0, 1330, 24576, 110.70, 32
2026-08-17T14:06:07+00:00,0, 0, 19756, 24576, 111.44, 34
2026-08-17T14:06:12+00:00,0, 0, 20804, 24576, 109.98, 35
2026-08-17T14:06:17+00:00,1, 0, 20804, 24576, 110.18, 35
2026-08-17T14:06:22+00:00,0, 0, 20804, 24576, 110.46, 36
2026-08-17T14:06:27+00:00,0, 0, 20804, 24576, 110.18, 37
2026-08-17T14:06:32+00:00,0, 0, 20804, 24576, 110.92, 37
2026-08-17T14:06:37+00:00,0, 0, 20804, 24576, 111.00, 38
2026-08-17T14:06:42+00:00,0, 0, 20804, 24576, 111.08, 38
2026-08-17T14:06:47+00:00,0, 0, 20804, 24576, 111.21, 39
2026-08-17T14:06:52+00:00,0, 0, 20804, 24576, 111.17, 39
2026-08-17T14:06:57+00:00,0, 0, 20804, 24576, 111.43, 40
2026-08-17T14:07:02+00:00,0, 0, 20804, 24576, 111.62, 40
2026-08-17T14:07:07+00:00,0, 0, 20804, 24576, 111.75, 41
2026-08-17T14:07:12+00:00,0, 0, 20804, 24576, 112.07, 41
2026-08-17T14:07:17+00:00,0, 0, 20804, 24576, 112.19, 41
2026-08-17T14:07:22+00:00,0, 0, 20804, 24576, 111.99, 42
2026-08-17T14:07:27+00:00,0, 0, 20804, 24576, 112.12, 42
2026-08-17T14:07:32+00:00,1, 0, 21992, 24576, 112.26, 42
2026-08-17T14:07:37+00:00,0, 0, 22124, 24576, 290.57, 50
2026-08-17T14:07:42+00:00,0, 0, 23276, 24576, 135.71, 47
2026-08-17T14:07:47+00:00,0, 0, 23276, 24576, 136.45, 46
2026-08-17T14:07:52+00:00,0, 0, 23276, 24576, 114.72, 44
2026-08-17T14:07:57+00:00,0, 0, 23276, 24576, 114.53, 44
2026-08-17T14:08:02+00:00,0, 0, 23276, 24576, 114.44, 43
2026-08-17T14:08:08+00:00,0, 0, 23276, 24576, 114.22, 43
2026-08-17T14:08:13+00:00,0, 0, 23276, 24576, 172.51, 50
2026-08-17T14:08:18+00:00,0, 0, 23276, 24576, 118.04, 44
2026-08-17T14:08:23+00:00,0, 0, 23276, 24576, 113.77, 43
2026-08-17T14:08:28+00:00,0, 0, 23276, 24576, 114.16, 43
2026-08-17T14:08:33+00:00,0, 0, 23276, 24576, 114.26, 43
2026-08-17T14:08:38+00:00,0, 0, 23276, 24576, 113.93, 43
2026-08-17T14:08:43+00:00,0, 0, 23276, 24576, 155.69, 44
2026-08-17T14:08:48+00:00,0, 0, 23276, 24576, 113.96, 43
2026-08-17T14:08:53+00:00,0, 0, 23276, 24576, 113.86, 43
2026-08-17T14:08:58+00:00,0, 0, 23276, 24576, 113.71, 43
2026-08-17T14:09:03+00:00,0, 0, 23276, 24576, 113.76, 43
2026-08-17T14:09:08+00:00,0, 0, 23276, 24576, 135.39, 44
2026-08-17T14:09:13+00:00,0, 0, 23276, 24576, 113.70, 43
2026-08-17T14:09:18+00:00,0, 0, 23276, 24576, 113.77, 43
2026-08-17T14:09:23+00:00,0, 0, 23276, 24576, 113.75, 43
2026-08-17T14:09:28+00:00,0, 0, 23276, 24576, 135.22, 44
2026-08-17T14:09:33+00:00,0, 0, 23276, 24576, 113.67, 43
2026-08-17T14:09:38+00:00,0, 0, 23276, 24576, 113.91, 43
2026-08-17T14:09:43+00:00,0, 0, 23276, 24576, 113.97, 43
2026-08-17T14:09:48+00:00,0, 0, 23276, 24576, 113.65, 43
2026-08-17T14:09:53+00:00,0, 0, 23276, 24576, 113.64, 43
2026-08-17T14:09:58+00:00,0, 0, 23276, 24576, 113.40, 43
2026-08-17T14:10:03+00:00,0, 0, 23276, 24576, 113.43, 43
2026-08-17T14:10:08+00:00,0, 0, 23276, 24576, 170.04, 46
2026-08-17T14:10:13+00:00,0, 0, 23276, 24576, 113.41, 44
2026-08-17T14:10:19+00:00,0, 0, 23276, 24576, 113.84, 44
2026-08-17T14:10:24+00:00,0, 0, 23276, 24576, 113.87, 44
2026-08-17T14:10:29+00:00,0, 0, 23276, 24576, 135.53, 45
2026-08-17T14:10:34+00:00,0, 0, 23276, 24576, 113.77, 44
2026-08-17T14:10:39+00:00,0, 0, 23276, 24576, 113.43, 44
2026-08-17T14:10:44+00:00,66, 30, 23276, 24576, 147.10, 45
2026-08-17T14:10:49+00:00,0, 0, 23276, 24576, 113.55, 44
2026-08-17T14:10:54+00:00,0, 0, 23276, 24576, 113.44, 44
2026-08-17T14:10:59+00:00,0, 0, 23276, 24576, 113.32, 44
2026-08-17T14:11:04+00:00,0, 0, 23276, 24576, 113.59, 44
2026-08-17T14:11:09+00:00,0, 0, 23276, 24576, 113.57, 44
2026-08-17T14:11:14+00:00,0, 0, 23276, 24576, 113.60, 44
2026-08-17T14:11:19+00:00,0, 0, 23276, 24576, 113.64, 44
2026-08-17T14:11:24+00:00,0, 0, 23276, 24576, 113.59, 44
2026-08-17T14:11:29+00:00,0, 0, 23276, 24576, 113.92, 44
2026-08-17T14:11:34+00:00,0, 0, 23276, 24576, 113.55, 44
2026-08-17T14:11:39+00:00,0, 0, 23276, 24576, 113.28, 44
2026-08-17T14:11:44+00:00,0, 0, 23276, 24576, 113.45, 44
2026-08-17T14:11:49+00:00,0, 0, 23276, 24576, 113.62, 44
2026-08-17T14:11:54+00:00,6, 0, 23257, 24576, 113.94, 44
2026-08-17T14:11:59+00:00,0, 0, 1, 24576, 115.85, 41
2026-08-17T14:12:04+00:00,0, 0, 1, 24576, 25.56, 37
2026-08-17T14:12:09+00:00,0, 0, 1, 24576, 25.58, 36
2026-08-17T14:12:14+00:00,0, 0, 1, 24576, 25.45, 35
2026-08-17T14:12:19+00:00,0, 0, 1, 24576, 25.12, 34
2026-08-17T14:12:24+00:00,0, 0, 1, 24576, 25.06, 33
2026-08-17T14:12:30+00:00,5, 0, 1330, 24576, 111.54, 39
2026-08-17T14:12:35+00:00,21, 1, 19756, 24576, 113.00, 40
2026-08-17T14:12:40+00:00,0, 0, 20804, 24576, 126.07, 41
2026-08-17T14:12:45+00:00,0, 0, 20804, 24576, 111.47, 41
2026-08-17T14:12:50+00:00,0, 0, 20804, 24576, 111.92, 42
2026-08-17T14:12:55+00:00,0, 0, 20804, 24576, 111.75, 42
2026-08-17T14:13:00+00:00,1, 0, 20804, 24576, 112.04, 42
2026-08-17T14:13:05+00:00,0, 0, 20804, 24576, 112.13, 43
2026-08-17T14:13:10+00:00,0, 0, 20804, 24576, 112.32, 43
2026-08-17T14:13:15+00:00,0, 0, 20804, 24576, 112.51, 43
2026-08-17T14:13:20+00:00,0, 0, 20804, 24576, 112.66, 44
2026-08-17T14:13:25+00:00,0, 0, 20804, 24576, 112.79, 44
2026-08-17T14:13:30+00:00,0, 0, 20804, 24576, 112.53, 44
2026-08-17T14:13:35+00:00,0, 0, 20804, 24576, 112.62, 44
2026-08-17T14:13:40+00:00,0, 0, 20804, 24576, 112.44, 45
2026-08-17T14:13:45+00:00,0, 0, 20804, 24576, 112.81, 45
2026-08-17T14:13:50+00:00,1, 0, 20804, 24576, 112.73, 45
2026-08-17T14:13:55+00:00,0, 0, 20804, 24576, 112.70, 45
2026-08-17T14:14:00+00:00,1, 0, 20804, 24576, 112.85, 45
2026-08-17T14:14:05+00:00,0, 0, 20804, 24576, 112.70, 46
2026-08-17T14:14:10+00:00,100, 46, 21992, 24576, 344.03, 61
2026-08-17T14:14:15+00:00,29, 2, 23276, 24576, 115.69, 49
2026-08-17T14:14:20+00:00,31, 11, 23276, 24576, 121.93, 51
2026-08-17T14:14:25+00:00,0, 0, 23276, 24576, 115.77, 47
2026-08-17T14:14:30+00:00,0, 0, 23276, 24576, 115.49, 46
2026-08-17T14:14:36+00:00,0, 0, 23276, 24576, 115.14, 46
2026-08-17T14:14:41+00:00,0, 0, 23276, 24576, 125.06, 46
2026-08-17T14:14:46+00:00,0, 0, 23276, 24576, 114.79, 45
2026-08-17T14:14:51+00:00,100, 43, 23276, 24576, 190.65, 49
2026-08-17T14:14:56+00:00,0, 0, 23276, 24576, 114.84, 45
2026-08-17T14:15:01+00:00,0, 0, 23276, 24576, 114.70, 45
2026-08-17T14:15:06+00:00,0, 0, 23276, 24576, 115.13, 45
2026-08-17T14:15:11+00:00,0, 0, 23276, 24576, 114.39, 45
2026-08-17T14:15:16+00:00,0, 0, 23276, 24576, 114.40, 45
2026-08-17T14:15:21+00:00,0, 0, 23276, 24576, 114.57, 45
2026-08-17T14:15:26+00:00,0, 0, 23276, 24576, 114.64, 45
2026-08-17T14:15:31+00:00,0, 0, 23276, 24576, 114.77, 45
2026-08-17T14:15:36+00:00,0, 0, 23276, 24576, 114.63, 45
2026-08-17T14:15:41+00:00,0, 0, 23276, 24576, 114.59, 45
2026-08-17T14:15:46+00:00,0, 0, 23276, 24576, 114.62, 45
2026-08-17T14:15:51+00:00,0, 0, 23276, 24576, 114.55, 45
2026-08-17T14:15:56+00:00,0, 0, 23276, 24576, 114.85, 45
2026-08-17T14:16:01+00:00,0, 0, 23276, 24576, 114.66, 45
2026-08-17T14:16:06+00:00,0, 0, 23276, 24576, 128.57, 46
2026-08-17T14:16:11+00:00,72, 31, 23276, 24576, 146.65, 51
2026-08-17T14:16:17+00:00,0, 0, 23276, 24576, 114.74, 46
2026-08-17T14:16:22+00:00,0, 0, 23276, 24576, 114.54, 46
2026-08-17T14:16:27+00:00,0, 0, 23276, 24576, 114.70, 46
2026-08-17T14:16:32+00:00,0, 0, 23276, 24576, 115.03, 46
2026-08-17T14:16:37+00:00,0, 0, 23276, 24576, 114.91, 46
2026-08-17T14:16:42+00:00,0, 0, 23276, 24576, 114.35, 46
2026-08-17T14:16:47+00:00,23, 9, 23276, 24576, 191.99, 54
2026-08-17T14:16:52+00:00,0, 0, 23276, 24576, 115.10, 47
2026-08-17T14:16:57+00:00,0, 0, 23276, 24576, 131.26, 47
2026-08-17T14:17:02+00:00,0, 0, 23276, 24576, 114.98, 47
2026-08-17T14:17:07+00:00,100, 43, 23276, 24576, 153.66, 49
2026-08-17T14:17:12+00:00,0, 0, 23276, 24576, 114.72, 47
2026-08-17T14:17:17+00:00,0, 0, 23276, 24576, 114.68, 47
2026-08-17T14:17:22+00:00,0, 0, 23276, 24576, 114.74, 47
2026-08-17T14:17:27+00:00,0, 0, 23276, 24576, 115.16, 47
2026-08-17T14:17:32+00:00,0, 0, 23276, 24576, 114.98, 47
2026-08-17T14:17:37+00:00,0, 0, 23276, 24576, 114.84, 47
2026-08-17T14:17:42+00:00,0, 0, 23276, 24576, 114.81, 47
2026-08-17T14:17:47+00:00,0, 0, 23276, 24576, 137.28, 49
2026-08-17T14:17:52+00:00,0, 0, 23276, 24576, 114.62, 47
2026-08-17T14:17:57+00:00,0, 0, 23276, 24576, 114.80, 47
2026-08-17T14:18:02+00:00,0, 0, 23276, 24576, 114.65, 47
2026-08-17T14:18:07+00:00,0, 0, 23276, 24576, 114.73, 47
2026-08-17T14:18:12+00:00,0, 0, 23276, 24576, 114.87, 47
2026-08-17T14:18:17+00:00,0, 0, 23276, 24576, 114.80, 47
2026-08-17T14:18:23+00:00,0, 0, 23276, 24576, 114.47, 47
2026-08-17T14:18:28+00:00,0, 0, 23276, 24576, 114.51, 47
2026-08-17T14:18:33+00:00,0, 0, 23276, 24576, 114.40, 47
2026-08-17T14:18:38+00:00,0, 0, 23276, 24576, 114.56, 47
2026-08-17T14:18:43+00:00,0, 0, 23276, 24576, 114.55, 47
2026-08-17T14:18:48+00:00,0, 0, 23276, 24576, 136.44, 49
2026-08-17T14:18:53+00:00,0, 0, 23276, 24576, 114.93, 48
2026-08-17T14:18:58+00:00,0, 0, 23276, 24576, 115.03, 48
2026-08-17T14:19:03+00:00,0, 0, 23276, 24576, 114.89, 48
2026-08-17T14:19:08+00:00,0, 0, 23276, 24576, 114.91, 48
2026-08-17T14:19:13+00:00,0, 0, 23276, 24576, 114.90, 47
2026-08-17T14:19:18+00:00,0, 0, 23276, 24576, 114.81, 48
2026-08-17T14:19:23+00:00,0, 0, 23276, 24576, 114.89, 48
2026-08-17T14:19:28+00:00,0, 0, 23276, 24576, 114.73, 48
2026-08-17T14:19:33+00:00,0, 0, 23276, 24576, 114.81, 48
2026-08-17T14:19:38+00:00,0, 0, 23276, 24576, 114.85, 47
2026-08-17T14:19:43+00:00,0, 0, 23276, 24576, 115.03, 48
2026-08-17T14:19:48+00:00,0, 0, 23276, 24576, 114.49, 47
2026-08-17T14:19:53+00:00,0, 0, 23276, 24576, 114.68, 47
2026-08-17T14:19:58+00:00,0, 0, 23276, 24576, 151.06, 49
2026-08-17T14:20:03+00:00,0, 0, 23276, 24576, 114.60, 48
2026-08-17T14:20:08+00:00,0, 0, 23276, 24576, 115.09, 47
2026-08-17T14:20:13+00:00,0, 0, 23276, 24576, 114.75, 47
2026-08-17T14:20:19+00:00,0, 0, 23276, 24576, 114.86, 47
2026-08-17T14:20:24+00:00,0, 0, 23276, 24576, 114.48, 47
2026-08-17T14:20:29+00:00,0, 0, 23276, 24576, 114.60, 47
2026-08-17T14:20:34+00:00,0, 0, 23276, 24576, 114.66, 47
2026-08-17T14:20:39+00:00,0, 0, 23276, 24576, 114.45, 47
2026-08-17T14:20:44+00:00,0, 0, 23276, 24576, 114.51, 47
2026-08-17T14:20:49+00:00,0, 0, 23276, 24576, 114.68, 47
2026-08-17T14:20:54+00:00,0, 0, 23276, 24576, 114.62, 47
2026-08-17T14:20:59+00:00,0, 0, 23276, 24576, 155.92, 49
2026-08-17T14:21:04+00:00,0, 0, 23276, 24576, 114.68, 47
2026-08-17T14:21:09+00:00,0, 0, 23276, 24576, 114.78, 47
2026-08-17T14:21:14+00:00,0, 0, 23276, 24576, 114.65, 47
2026-08-17T14:21:19+00:00,0, 0, 23276, 24576, 155.86, 49
2026-08-17T14:21:24+00:00,0, 0, 23276, 24576, 114.46, 47
2026-08-17T14:21:29+00:00,0, 0, 1, 24576, 139.11, 48
2026-08-17T14:21:35+00:00,0, 0, 1, 24576, 28.00, 42
2026-08-17T14:21:40+00:00,0, 0, 1, 24576, 25.17, 39
2026-08-17T14:21:45+00:00,0, 0, 1, 24576, 24.96, 38
2026-08-17T14:21:50+00:00,0, 0, 1, 24576, 24.90, 37
2026-08-17T14:21:55+00:00,0, 0, 1, 24576, 25.02, 36
2026-08-17T14:22:00+00:00,0, 0, 1, 24576, 24.75, 35
2026-08-17T14:22:05+00:00,0, 0, 1, 24576, 24.94, 35
2026-08-17T14:22:10+00:00,0, 0, 1, 24576, 24.80, 34
2026-08-17T14:22:15+00:00,7, 1, 1326, 24576, 46.43, 38
2026-08-17T14:22:20+00:00,30, 1, 19756, 24576, 113.90, 41
2026-08-17T14:22:25+00:00,0, 0, 20804, 24576, 124.04, 42
2026-08-17T14:22:30+00:00,0, 0, 20804, 24576, 112.14, 43
2026-08-17T14:22:35+00:00,0, 0, 20804, 24576, 112.45, 43
2026-08-17T14:22:40+00:00,1, 0, 20804, 24576, 112.53, 44
2026-08-17T14:22:45+00:00,0, 0, 20804, 24576, 112.75, 44
2026-08-17T14:22:50+00:00,0, 0, 20804, 24576, 113.14, 44
2026-08-17T14:22:55+00:00,0, 0, 20804, 24576, 113.05, 45
2026-08-17T14:23:00+00:00,0, 0, 20804, 24576, 113.12, 45
2026-08-17T14:23:05+00:00,1, 0, 20804, 24576, 113.06, 45
2026-08-17T14:23:10+00:00,0, 0, 20804, 24576, 113.24, 46
2026-08-17T14:23:16+00:00,0, 0, 20804, 24576, 113.53, 46
2026-08-17T14:23:21+00:00,0, 0, 20804, 24576, 113.20, 46
2026-08-17T14:23:26+00:00,1, 0, 20804, 24576, 113.30, 46
2026-08-17T14:23:31+00:00,1, 0, 20804, 24576, 113.51, 46
2026-08-17T14:23:36+00:00,0, 0, 20804, 24576, 113.30, 46
2026-08-17T14:23:41+00:00,1, 0, 20804, 24576, 113.56, 47
2026-08-17T14:23:46+00:00,0, 0, 20804, 24576, 113.71, 47
2026-08-17T14:23:51+00:00,0, 0, 21992, 24576, 113.76, 47
2026-08-17T14:23:56+00:00,100, 46, 22124, 24576, 303.44, 55
2026-08-17T14:24:01+00:00,0, 0, 23276, 24576, 144.55, 50
2026-08-17T14:24:06+00:00,0, 0, 23276, 24576, 138.33, 49
2026-08-17T14:24:11+00:00,0, 0, 23276, 24576, 115.93, 47
2026-08-17T14:24:16+00:00,0, 0, 23276, 24576, 115.62, 46
2026-08-17T14:24:21+00:00,0, 0, 23276, 24576, 115.62, 46
2026-08-17T14:24:26+00:00,0, 0, 23276, 24576, 115.21, 46
2026-08-17T14:24:31+00:00,0, 0, 23276, 24576, 115.09, 45
2026-08-17T14:24:36+00:00,0, 0, 23276, 24576, 149.71, 47
2026-08-17T14:24:41+00:00,0, 0, 23276, 24576, 115.16, 45
2026-08-17T14:24:46+00:00,0, 0, 23276, 24576, 114.81, 45
2026-08-17T14:24:51+00:00,0, 0, 23276, 24576, 114.83, 45
2026-08-17T14:24:56+00:00,0, 0, 23276, 24576, 114.84, 44
2026-08-17T14:25:01+00:00,0, 0, 23276, 24576, 114.65, 44
2026-08-17T14:25:06+00:00,0, 0, 23276, 24576, 114.71, 44
2026-08-17T14:25:11+00:00,0, 0, 23276, 24576, 114.49, 44
2026-08-17T14:25:16+00:00,0, 0, 23276, 24576, 114.60, 44
2026-08-17T14:25:22+00:00,0, 0, 23276, 24576, 114.25, 44
2026-08-17T14:25:27+00:00,0, 0, 23276, 24576, 114.31, 44
2026-08-17T14:25:32+00:00,82, 34, 23276, 24576, 152.59, 46
2026-08-17T14:25:37+00:00,0, 0, 23276, 24576, 114.26, 44
2026-08-17T14:25:42+00:00,0, 0, 23276, 24576, 114.36, 44
2026-08-17T14:25:47+00:00,0, 0, 23276, 24576, 114.50, 44
2026-08-17T14:25:52+00:00,0, 0, 23276, 24576, 114.22, 44
2026-08-17T14:25:57+00:00,0, 0, 23276, 24576, 135.62, 45
2026-08-17T14:26:02+00:00,0, 0, 23276, 24576, 146.96, 47
2026-08-17T14:26:07+00:00,0, 0, 23276, 24576, 114.46, 44
2026-08-17T14:26:12+00:00,0, 0, 23276, 24576, 114.22, 44
2026-08-17T14:26:17+00:00,0, 0, 23276, 24576, 114.13, 44
2026-08-17T14:26:22+00:00,0, 0, 23276, 24576, 113.86, 44
2026-08-17T14:26:27+00:00,0, 0, 23276, 24576, 113.95, 44
2026-08-17T14:26:32+00:00,0, 0, 23276, 24576, 114.04, 44
2026-08-17T14:26:37+00:00,89, 39, 23276, 24576, 191.79, 52
2026-08-17T14:26:42+00:00,0, 0, 23276, 24576, 114.11, 45
2026-08-17T14:26:47+00:00,0, 0, 23276, 24576, 114.12, 45
2026-08-17T14:26:52+00:00,0, 0, 23276, 24576, 114.32, 45
2026-08-17T14:26:57+00:00,0, 0, 23276, 24576, 135.99, 46
2026-08-17T14:27:02+00:00,0, 0, 23276, 24576, 114.25, 45
2026-08-17T14:27:07+00:00,0, 0, 23276, 24576, 114.22, 45
2026-08-17T14:27:12+00:00,0, 0, 23276, 24576, 114.27, 45
2026-08-17T14:27:17+00:00,0, 0, 23276, 24576, 114.17, 45
2026-08-17T14:27:23+00:00,0, 0, 23276, 24576, 114.15, 45
2026-08-17T14:27:28+00:00,0, 0, 23276, 24576, 114.11, 45
2026-08-17T14:27:33+00:00,0, 0, 23276, 24576, 114.18, 45
2026-08-17T14:27:38+00:00,0, 0, 23276, 24576, 115.43, 45
2026-08-17T14:27:43+00:00,0, 0, 23276, 24576, 114.35, 45
2026-08-17T14:27:48+00:00,0, 0, 23276, 24576, 114.27, 45
2026-08-17T14:27:53+00:00,0, 0, 23276, 24576, 114.03, 45
2026-08-17T14:27:58+00:00,0, 0, 23276, 24576, 113.70, 45
2026-08-17T14:28:03+00:00,0, 0, 23276, 24576, 113.96, 45
2026-08-17T14:28:08+00:00,0, 0, 23276, 24576, 113.94, 45
2026-08-17T14:28:13+00:00,0, 0, 23276, 24576, 113.90, 45
2026-08-17T14:28:18+00:00,0, 0, 23276, 24576, 113.96, 45
2026-08-17T14:28:23+00:00,0, 0, 23276, 24576, 113.61, 45
2026-08-17T14:28:28+00:00,0, 0, 23276, 24576, 113.77, 45
2026-08-17T14:28:33+00:00,0, 0, 23276, 24576, 113.96, 45
2026-08-17T14:28:38+00:00,0, 0, 23276, 24576, 136.45, 47
2026-08-17T14:28:43+00:00,0, 0, 23276, 24576, 113.76, 45
2026-08-17T14:28:48+00:00,0, 0, 23276, 24576, 114.14, 45
2026-08-17T14:28:53+00:00,0, 0, 23276, 24576, 113.82, 45
2026-08-17T14:28:58+00:00,0, 0, 23276, 24576, 114.09, 46
2026-08-17T14:29:03+00:00,0, 0, 23276, 24576, 114.04, 46
2026-08-17T14:29:08+00:00,0, 0, 23276, 24576, 122.27, 46
2026-08-17T14:29:13+00:00,0, 0, 23276, 24576, 114.04, 46
2026-08-17T14:29:18+00:00,0, 0, 23276, 24576, 114.00, 46
2026-08-17T14:29:23+00:00,0, 0, 23276, 24576, 114.24, 46
2026-08-17T14:29:28+00:00,0, 0, 23276, 24576, 114.14, 46
2026-08-17T14:29:34+00:00,0, 0, 23276, 24576, 113.81, 46
2026-08-17T14:29:39+00:00,0, 0, 23276, 24576, 113.97, 46
2026-08-17T14:29:44+00:00,0, 0, 23276, 24576, 114.18, 46
2026-08-17T14:29:49+00:00,0, 0, 23276, 24576, 113.94, 46
2026-08-17T14:29:54+00:00,0, 0, 23276, 24576, 136.59, 48
2026-08-17T14:29:59+00:00,0, 0, 23276, 24576, 113.97, 46
2026-08-17T14:30:04+00:00,0, 0, 23276, 24576, 114.20, 46
2026-08-17T14:30:09+00:00,0, 0, 23276, 24576, 114.55, 46
2026-08-17T14:30:14+00:00,0, 0, 23276, 24576, 114.03, 46
2026-08-17T14:30:19+00:00,0, 0, 23276, 24576, 114.00, 46
2026-08-17T14:30:24+00:00,0, 0, 23276, 24576, 114.18, 46
2026-08-17T14:30:29+00:00,0, 0, 23276, 24576, 113.97, 46
2026-08-17T14:30:34+00:00,0, 0, 23276, 24576, 120.69, 47
2026-08-17T14:30:39+00:00,0, 0, 23276, 24576, 114.15, 47
2026-08-17T14:30:44+00:00,0, 0, 23276, 24576, 114.37, 47
2026-08-17T14:30:49+00:00,0, 0, 23276, 24576, 114.46, 47
2026-08-17T14:30:54+00:00,0, 0, 23276, 24576, 114.16, 47
2026-08-17T14:30:59+00:00,0, 0, 23276, 24576, 130.56, 47
2026-08-17T14:31:04+00:00,0, 0, 23276, 24576, 114.05, 47
2026-08-17T14:31:09+00:00,0, 0, 23276, 24576, 114.18, 47
2026-08-17T14:31:14+00:00,0, 0, 23276, 24576, 114.15, 47
2026-08-17T14:31:19+00:00,0, 0, 23276, 24576, 113.95, 47
2026-08-17T14:31:25+00:00,0, 0, 23276, 24576, 114.12, 47
2026-08-17T14:31:30+00:00,0, 0, 23276, 24576, 114.08, 47
2026-08-17T14:31:35+00:00,0, 0, 23276, 24576, 150.41, 49
2026-08-17T14:31:40+00:00,0, 0, 23276, 24576, 114.45, 47
2026-08-17T14:31:45+00:00,0, 0, 23276, 24576, 114.43, 47
2026-08-17T14:31:50+00:00,0, 0, 23276, 24576, 114.53, 47
2026-08-17T14:31:55+00:00,0, 0, 23276, 24576, 120.29, 47
2026-08-17T14:32:00+00:00,0, 0, 23276, 24576, 114.48, 47
2026-08-17T14:32:05+00:00,0, 0, 23276, 24576, 114.52, 47
2026-08-17T14:32:10+00:00,0, 0, 23276, 24576, 116.75, 48
2026-08-17T14:32:15+00:00,0, 0, 23276, 24576, 114.66, 47
2026-08-17T14:32:20+00:00,0, 0, 23276, 24576, 114.50, 48
2026-08-17T14:32:25+00:00,0, 0, 23278, 24576, 169.68, 50
2026-08-17T14:32:30+00:00,0, 0, 23278, 24576, 113.49, 48
2026-08-17T14:32:35+00:00,0, 0, 23278, 24576, 113.57, 48
2026-08-17T14:32:40+00:00,0, 0, 23278, 24576, 113.84, 48
2026-08-17T14:32:45+00:00,0, 0, 23278, 24576, 113.70, 48
2026-08-17T14:32:50+00:00,0, 0, 23278, 24576, 113.61, 48
2026-08-17T14:32:55+00:00,0, 0, 23278, 24576, 113.62, 48
2026-08-17T14:33:00+00:00,0, 0, 23278, 24576, 113.72, 48
2026-08-17T14:33:05+00:00,68, 26, 23278, 24576, 125.59, 53
2026-08-17T14:33:10+00:00,0, 0, 23278, 24576, 113.67, 48
2026-08-17T14:33:15+00:00,0, 0, 23278, 24576, 136.71, 50
2026-08-17T14:33:20+00:00,100, 42, 23278, 24576, 134.02, 55
2026-08-17T14:33:25+00:00,0, 0, 23278, 24576, 113.91, 49
2026-08-17T14:33:31+00:00,0, 0, 23278, 24576, 113.94, 49
2026-08-17T14:33:36+00:00,0, 0, 23278, 24576, 114.00, 48
2026-08-17T14:33:41+00:00,0, 0, 23278, 24576, 113.93, 48
2026-08-17T14:33:46+00:00,0, 0, 23278, 24576, 114.21, 48
2026-08-17T14:33:51+00:00,0, 0, 23278, 24576, 136.77, 50
2026-08-17T14:33:56+00:00,0, 0, 23278, 24576, 113.88, 49
2026-08-17T14:34:01+00:00,0, 0, 23278, 24576, 114.16, 49
2026-08-17T14:34:06+00:00,0, 0, 23278, 24576, 113.99, 49
2026-08-17T14:34:11+00:00,0, 0, 23278, 24576, 113.97, 49
2026-08-17T14:34:16+00:00,0, 0, 23278, 24576, 113.70, 49
2026-08-17T14:34:21+00:00,0, 0, 23278, 24576, 136.51, 50
2026-08-17T14:34:26+00:00,0, 0, 23278, 24576, 114.08, 49
2026-08-17T14:34:31+00:00,0, 0, 23278, 24576, 114.50, 49
2026-08-17T14:34:36+00:00,0, 0, 23278, 24576, 114.46, 49
2026-08-17T14:34:41+00:00,0, 0, 23278, 24576, 114.53, 49
2026-08-17T14:34:46+00:00,0, 0, 23278, 24576, 154.48, 51
2026-08-17T14:34:51+00:00,0, 0, 23278, 24576, 133.14, 50
2026-08-17T14:34:56+00:00,0, 0, 23278, 24576, 114.40, 49
2026-08-17T14:35:01+00:00,0, 0, 23278, 24576, 120.90, 50
2026-08-17T14:35:06+00:00,0, 0, 23278, 24576, 114.39, 50
2026-08-17T14:35:11+00:00,0, 0, 23278, 24576, 114.47, 49
2026-08-17T14:35:16+00:00,0, 0, 23278, 24576, 138.10, 51
2026-08-17T14:35:21+00:00,0, 0, 23278, 24576, 138.53, 51
2026-08-17T14:35:26+00:00,0, 0, 23278, 24576, 124.68, 51
2026-08-17T14:35:31+00:00,0, 0, 23278, 24576, 138.58, 52
2026-08-17T14:35:36+00:00,0, 0, 23278, 24576, 114.82, 50
2026-08-17T14:35:42+00:00,0, 0, 23278, 24576, 117.20, 50
2026-08-17T14:35:47+00:00,0, 0, 23278, 24576, 114.88, 50
2026-08-17T14:35:52+00:00,0, 0, 23278, 24576, 114.96, 50
2026-08-17T14:35:57+00:00,0, 0, 23278, 24576, 114.61, 50
2026-08-17T14:36:02+00:00,0, 0, 23278, 24576, 114.81, 50
2026-08-17T14:36:07+00:00,0, 0, 23278, 24576, 114.85, 50
2026-08-17T14:36:12+00:00,0, 0, 23278, 24576, 114.76, 50
2026-08-17T14:36:17+00:00,0, 0, 23278, 24576, 114.82, 50
2026-08-17T14:36:22+00:00,0, 0, 23278, 24576, 114.89, 50
2026-08-17T14:36:27+00:00,0, 0, 23278, 24576, 114.49, 50
2026-08-17T14:36:32+00:00,0, 0, 23278, 24576, 114.70, 50
2026-08-17T14:36:37+00:00,0, 0, 23278, 24576, 114.68, 50
2026-08-17T14:36:42+00:00,0, 0, 23278, 24576, 114.77, 50
2026-08-17T14:36:47+00:00,0, 0, 23278, 24576, 114.73, 50
2026-08-17T14:36:52+00:00,0, 0, 23278, 24576, 114.75, 50
2026-08-17T14:36:57+00:00,0, 0, 23278, 24576, 114.86, 49
2026-08-17T14:37:02+00:00,0, 0, 23278, 24576, 115.00, 49
2026-08-17T14:37:07+00:00,0, 0, 23278, 24576, 114.83, 49
2026-08-17T14:37:12+00:00,0, 0, 23278, 24576, 114.74, 49
2026-08-17T14:37:17+00:00,0, 0, 23278, 24576, 114.77, 49
2026-08-17T14:37:22+00:00,0, 0, 23278, 24576, 154.41, 51
2026-08-17T14:37:27+00:00,0, 0, 23278, 24576, 114.56, 49
2026-08-17T14:37:32+00:00,0, 0, 23278, 24576, 114.34, 49
2026-08-17T14:37:37+00:00,0, 0, 23278, 24576, 114.32, 49
2026-08-17T14:37:42+00:00,0, 0, 23278, 24576, 114.27, 49
2026-08-17T14:37:48+00:00,0, 0, 23278, 24576, 114.38, 49
2026-08-17T14:37:53+00:00,0, 0, 23278, 24576, 137.72, 50
2026-08-17T14:37:58+00:00,0, 0, 23278, 24576, 114.45, 49
2026-08-17T14:38:03+00:00,0, 0, 23278, 24576, 114.09, 49
2026-08-17T14:38:08+00:00,0, 0, 23278, 24576, 113.97, 48
2026-08-17T14:38:13+00:00,0, 0, 23278, 24576, 113.73, 48
2026-08-17T14:38:18+00:00,0, 0, 23278, 24576, 113.50, 48
2026-08-17T14:38:23+00:00,0, 0, 23278, 24576, 113.67, 48
2026-08-17T14:38:28+00:00,0, 0, 23278, 24576, 113.78, 48
2026-08-17T14:38:33+00:00,0, 0, 23278, 24576, 159.34, 50
2026-08-17T14:38:38+00:00,0, 0, 23278, 24576, 114.05, 48
2026-08-17T14:38:43+00:00,0, 0, 23278, 24576, 114.02, 48
2026-08-17T14:38:48+00:00,0, 0, 23278, 24576, 113.55, 48
2026-08-17T14:38:53+00:00,0, 0, 23278, 24576, 113.41, 48
2026-08-17T14:38:58+00:00,0, 0, 23278, 24576, 113.96, 48
2026-08-17T14:39:03+00:00,0, 0, 23278, 24576, 113.87, 48
2026-08-17T14:39:08+00:00,0, 0, 23278, 24576, 113.84, 48
2026-08-17T14:39:13+00:00,0, 0, 23278, 24576, 137.72, 49
2026-08-17T14:39:18+00:00,0, 0, 23278, 24576, 113.95, 48
2026-08-17T14:39:23+00:00,0, 0, 23278, 24576, 113.94, 48
2026-08-17T14:39:28+00:00,0, 0, 23278, 24576, 114.14, 48
2026-08-17T14:39:33+00:00,0, 0, 23278, 24576, 114.17, 48
2026-08-17T14:39:38+00:00,0, 0, 23278, 24576, 113.90, 48
2026-08-17T14:39:43+00:00,0, 0, 23278, 24576, 113.68, 48
2026-08-17T14:39:48+00:00,0, 0, 23278, 24576, 147.40, 50
2026-08-17T14:39:54+00:00,0, 0, 23278, 24576, 114.04, 48
2026-08-17T14:39:59+00:00,0, 0, 23278, 24576, 114.06, 48
2026-08-17T14:40:04+00:00,0, 0, 23278, 24576, 114.38, 48
2026-08-17T14:40:09+00:00,0, 0, 23278, 24576, 114.32, 48
2026-08-17T14:40:14+00:00,0, 0, 23278, 24576, 113.91, 48
2026-08-17T14:40:19+00:00,0, 0, 23278, 24576, 113.90, 48
2026-08-17T14:40:24+00:00,0, 0, 23278, 24576, 113.87, 48
2026-08-17T14:40:29+00:00,0, 0, 23278, 24576, 113.79, 47
2026-08-17T14:40:34+00:00,0, 0, 23278, 24576, 113.73, 47
2026-08-17T14:40:39+00:00,78, 31, 23278, 24576, 143.94, 48
2026-08-17T14:40:44+00:00,0, 0, 23278, 24576, 114.85, 48
2026-08-17T14:40:49+00:00,0, 0, 23278, 24576, 114.87, 47
2026-08-17T14:40:54+00:00,0, 0, 23278, 24576, 138.71, 55
2026-08-17T14:40:59+00:00,0, 0, 23278, 24576, 114.51, 48
2026-08-17T14:41:04+00:00,0, 0, 1, 24576, 139.92, 49
2026-08-17T14:41:10+00:00,0, 0, 1, 24576, 29.17, 42
2026-08-17T14:41:15+00:00,0, 0, 1, 24576, 25.75, 39
2026-08-17T14:41:20+00:00,0, 0, 1, 24576, 25.47, 38
2026-08-17T14:41:25+00:00,0, 0, 1, 24576, 25.42, 37
2026-08-17T14:41:30+00:00,0, 0, 1, 24576, 25.42, 36
2026-08-17T14:41:35+00:00,0, 0, 1, 24576, 25.43, 36
2026-08-17T14:41:40+00:00,0, 0, 1, 24576, 25.04, 35
2026-08-17T14:41:45+00:00,0, 0, 1, 24576, 25.15, 35
2026-08-17T14:41:50+00:00,0, 0, 1, 24576, 25.30, 34
2026-08-17T14:41:55+00:00,0, 0, 1, 24576, 25.09, 34
2026-08-17T14:42:00+00:00,0, 0, 1, 24576, 25.14, 33
2026-08-17T14:42:05+00:00,0, 0, 1, 24576, 25.21, 33
2026-08-17T14:42:10+00:00,0, 0, 1, 24576, 25.31, 33
2026-08-17T14:42:15+00:00,0, 0, 1, 24576, 25.18, 32
2026-08-17T14:42:20+00:00,0, 0, 1, 24576, 25.20, 32
2026-08-17T14:42:25+00:00,0, 0, 1, 24576, 25.08, 32
2026-08-17T14:42:30+00:00,0, 0, 1, 24576, 25.20, 32
2026-08-17T14:42:35+00:00,0, 0, 1, 24576, 25.14, 32
2026-08-17T14:42:41+00:00,0, 0, 1, 24576, 24.98, 31
2026-08-17T14:42:46+00:00,0, 0, 1, 24576, 25.11, 31
2026-08-17T14:42:51+00:00,0, 0, 1, 24576, 25.14, 31
2026-08-17T14:42:56+00:00,0, 0, 1, 24576, 25.17, 31
2026-08-17T14:43:01+00:00,0, 0, 1, 24576, 25.14, 31
2026-08-17T14:43:06+00:00,0, 0, 1, 24576, 24.85, 30
2026-08-17T14:43:11+00:00,0, 0, 1, 24576, 24.94, 30
2026-08-17T14:43:16+00:00,0, 0, 1, 24576, 24.70, 30
2026-08-17T14:43:21+00:00,0, 0, 1, 24576, 24.75, 30
2026-08-17T14:43:26+00:00,0, 0, 1, 24576, 24.96, 30
2026-08-17T14:43:31+00:00,0, 0, 1, 24576, 24.88, 30
2026-08-17T14:43:36+00:00,0, 0, 1, 24576, 24.98, 30
2026-08-17T14:43:41+00:00,0, 0, 1, 24576, 24.88, 29
2026-08-17T14:43:46+00:00,0, 0, 1, 24576, 24.95, 29
2026-08-17T14:43:51+00:00,0, 0, 1, 24576, 24.89, 29
2026-08-17T14:43:56+00:00,0, 0, 1, 24576, 24.89, 29
2026-08-17T14:44:01+00:00,0, 0, 1, 24576, 25.11, 29
2026-08-17T14:44:06+00:00,0, 0, 1, 24576, 25.00, 29
2026-08-17T14:44:11+00:00,0, 0, 1, 24576, 25.03, 29
2026-08-17T14:44:16+00:00,0, 0, 1, 24576, 24.99, 29
2026-08-17T14:44:21+00:00,0, 0, 1, 24576, 24.98, 29
2026-08-17T14:44:26+00:00,0, 0, 1, 24576, 24.86, 29
2026-08-17T14:44:31+00:00,0, 0, 1, 24576, 24.91, 28
2026-08-17T14:44:36+00:00,0, 0, 1, 24576, 24.96, 28
2026-08-17T14:44:42+00:00,0, 0, 1, 24576, 25.11, 28
2026-08-17T14:44:47+00:00,0, 0, 1, 24576, 25.18, 28
2026-08-17T14:44:52+00:00,0, 0, 1, 24576, 24.92, 28
2026-08-17T14:44:57+00:00,0, 0, 1, 24576, 24.97, 28
2026-08-17T14:45:02+00:00,0, 0, 1, 24576, 24.95, 28
2026-08-17T14:45:07+00:00,0, 0, 1, 24576, 111.49, 34
2026-08-17T14:45:12+00:00,0, 0, 1, 24576, 25.05, 29
2026-08-17T14:45:17+00:00,0, 0, 1, 24576, 25.00, 29
2026-08-17T14:45:22+00:00,0, 0, 1, 24576, 24.83, 28
2026-08-17T14:45:27+00:00,0, 0, 1, 24576, 24.84, 28
2026-08-17T14:45:32+00:00,0, 0, 1, 24576, 25.00, 28
2026-08-17T14:45:37+00:00,0, 0, 1, 24576, 24.62, 28
2026-08-17T14:45:42+00:00,0, 0, 1, 24576, 24.78, 28
2026-08-17T14:45:47+00:00,0, 0, 1, 24576, 25.02, 28
2026-08-17T14:45:52+00:00,0, 0, 1, 24576, 24.83, 28
2026-08-17T14:45:57+00:00,0, 0, 1, 24576, 24.64, 28
2026-08-17T14:46:02+00:00,0, 0, 1, 24576, 24.60, 28
2026-08-17T14:46:07+00:00,0, 0, 1, 24576, 24.76, 28
2026-08-17T14:46:12+00:00,0, 0, 1, 24576, 24.92, 28
2026-08-17T14:46:17+00:00,0, 0, 1, 24576, 24.65, 27
2026-08-17T14:46:22+00:00,0, 0, 1, 24576, 24.87, 27
2026-08-17T14:46:27+00:00,0, 0, 1, 24576, 24.80, 27
2026-08-17T14:46:32+00:00,0, 0, 1, 24576, 25.00, 27
2026-08-17T14:46:37+00:00,0, 0, 1, 24576, 24.95, 27
2026-08-17T14:46:43+00:00,0, 0, 1, 24576, 25.22, 27
2026-08-17T14:46:48+00:00,0, 0, 1, 24576, 25.21, 27
2026-08-17T14:46:53+00:00,0, 0, 1, 24576, 24.97, 27
2026-08-17T14:46:58+00:00,0, 0, 1, 24576, 25.02, 27
2026-08-17T14:47:03+00:00,0, 0, 1, 24576, 25.05, 27
2026-08-17T14:47:08+00:00,0, 0, 1, 24576, 25.07, 27
2026-08-17T14:47:13+00:00,0, 0, 1, 24576, 25.02, 27
2026-08-17T14:47:18+00:00,0, 0, 1, 24576, 25.13, 27
2026-08-17T14:47:23+00:00,0, 0, 1, 24576, 25.14, 27
2026-08-17T14:47:28+00:00,0, 0, 1, 24576, 25.07, 27
2026-08-17T14:47:33+00:00,0, 0, 1, 24576, 24.94, 27
2026-08-17T14:47:38+00:00,0, 0, 1, 24576, 25.03, 27
2026-08-17T14:47:43+00:00,0, 0, 1, 24576, 24.99, 27
2026-08-17T14:47:48+00:00,0, 0, 1, 24576, 24.87, 27
2026-08-17T14:47:53+00:00,0, 0, 1, 24576, 25.14, 27
2026-08-17T14:47:58+00:00,0, 0, 1, 24576, 25.00, 27
2026-08-17T14:48:03+00:00,0, 0, 1, 24576, 25.18, 27
2026-08-17T14:48:08+00:00,0, 0, 1, 24576, 25.00, 27
2026-08-17T14:48:13+00:00,0, 0, 1, 24576, 25.18, 27
2026-08-17T14:48:18+00:00,0, 0, 1, 24576, 25.24, 27
2026-08-17T14:48:23+00:00,0, 0, 1, 24576, 25.20, 27
2026-08-17T14:48:28+00:00,0, 0, 1, 24576, 25.25, 27
2026-08-17T14:48:33+00:00,0, 0, 1, 24576, 25.28, 27
2026-08-17T14:48:39+00:00,0, 0, 1, 24576, 25.22, 27
2026-08-17T14:48:44+00:00,0, 0, 1, 24576, 25.12, 27
2026-08-17T14:48:49+00:00,0, 0, 1, 24576, 25.11, 27
2026-08-17T14:48:54+00:00,0, 0, 1, 24576, 25.23, 27
2026-08-17T14:48:59+00:00,0, 0, 1, 24576, 25.20, 27
2026-08-17T14:49:04+00:00,0, 0, 1, 24576, 25.13, 27
2026-08-17T14:49:11+00:00,0, 0, 1, 24576, 25.08, 27
2026-08-17T14:49:16+00:00,0, 0, 1, 24576, 25.15, 27
2026-08-17T14:49:21+00:00,0, 0, 1, 24576, 25.10, 27
2026-08-17T14:49:26+00:00,0, 0, 1, 24576, 25.02, 27
2026-08-17T14:49:31+00:00,0, 0, 1, 24576, 25.18, 27
2026-08-17T14:49:36+00:00,0, 0, 1, 24576, 24.70, 27
2026-08-17T14:49:42+00:00,0, 0, 1, 24576, 24.95, 27
2026-08-17T14:49:47+00:00,0, 0, 1, 24576, 24.88, 27
2026-08-17T14:49:52+00:00,0, 0, 1, 24576, 25.15, 27
2026-08-17T14:49:57+00:00,0, 0, 1, 24576, 25.01, 27
2026-08-17T14:50:02+00:00,0, 0, 1, 24576, 24.98, 27
2026-08-17T14:50:07+00:00,0, 0, 4, 24576, 27.75, 27
2026-08-17T14:50:12+00:00,0, 0, 1, 24576, 45.42, 28
2026-08-17T14:50:17+00:00,0, 0, 1, 24576, 25.30, 27
2026-08-17T14:50:22+00:00,0, 0, 1, 24576, 25.17, 27
2026-08-17T14:50:27+00:00,0, 0, 1, 24576, 25.06, 27
2026-08-17T14:50:32+00:00,0, 0, 1, 24576, 25.03, 27
2026-08-17T14:50:37+00:00,0, 0, 1, 24576, 25.25, 27
2026-08-17T14:50:42+00:00,0, 0, 1, 24576, 25.24, 27
2026-08-17T14:50:47+00:00,0, 0, 1, 24576, 25.01, 27
2026-08-17T14:50:52+00:00,0, 0, 1, 24576, 24.95, 26
2026-08-17T14:50:57+00:00,0, 0, 1, 24576, 24.84, 26
2026-08-17T14:51:02+00:00,0, 0, 1, 24576, 25.05, 26
2026-08-17T14:51:07+00:00,0, 0, 1, 24576, 25.00, 26
2026-08-17T14:51:12+00:00,0, 0, 1, 24576, 24.94, 26
2026-08-17T14:51:17+00:00,0, 0, 1, 24576, 25.00, 26
2026-08-17T14:51:22+00:00,0, 0, 1, 24576, 24.81, 26
2026-08-17T14:51:27+00:00,0, 0, 1, 24576, 24.57, 26
2026-08-17T14:51:32+00:00,0, 0, 1, 24576, 24.82, 26
2026-08-17T14:51:38+00:00,0, 0, 1, 24576, 24.88, 26
2026-08-17T14:51:43+00:00,0, 0, 1, 24576, 24.88, 26
2026-08-17T14:51:48+00:00,0, 0, 1, 24576, 24.96, 26
2026-08-17T14:51:53+00:00,0, 0, 1, 24576, 25.15, 26
2026-08-17T14:51:58+00:00,0, 0, 1, 24576, 25.09, 26
2026-08-17T14:52:03+00:00,0, 0, 1, 24576, 25.16, 25
2026-08-17T14:52:08+00:00,0, 0, 1, 24576, 25.11, 25
2026-08-17T14:52:13+00:00,0, 0, 1, 24576, 25.08, 25
2026-08-17T14:52:18+00:00,6, 0, 1330, 24576, 110.58, 31
2026-08-17T14:52:23+00:00,13, 0, 19756, 24576, 112.03, 33
2026-08-17T14:52:28+00:00,0, 0, 20804, 24576, 110.58, 34
2026-08-17T14:52:33+00:00,0, 0, 20804, 24576, 110.83, 35
2026-08-17T14:52:38+00:00,0, 0, 20804, 24576, 110.66, 36
2026-08-17T14:52:43+00:00,0, 0, 20804, 24576, 111.25, 36
2026-08-17T14:52:48+00:00,0, 0, 20804, 24576, 111.52, 37
2026-08-17T14:52:53+00:00,0, 0, 20804, 24576, 111.43, 37
2026-08-17T14:52:58+00:00,0, 0, 20804, 24576, 111.66, 38
2026-08-17T14:53:03+00:00,0, 0, 20804, 24576, 111.40, 38
2026-08-17T14:53:08+00:00,0, 0, 20804, 24576, 112.01, 39
2026-08-17T14:53:13+00:00,0, 0, 20804, 24576, 112.42, 39
2026-08-17T14:53:18+00:00,0, 0, 20804, 24576, 112.40, 40
2026-08-17T14:53:23+00:00,0, 0, 20804, 24576, 112.38, 40
2026-08-17T14:53:28+00:00,0, 0, 20804, 24576, 112.71, 41
2026-08-17T14:53:33+00:00,0, 0, 20804, 24576, 112.47, 41
2026-08-17T14:53:38+00:00,1, 0, 20804, 24576, 112.62, 41
2026-08-17T14:53:43+00:00,0, 0, 20804, 24576, 113.00, 42
2026-08-17T14:53:49+00:00,1, 0, 20804, 24576, 113.04, 42
2026-08-17T14:53:54+00:00,0, 0, 20804, 24576, 113.02, 42
2026-08-17T14:53:59+00:00,0, 0, 20804, 24576, 113.12, 42
2026-08-17T14:54:04+00:00,0, 0, 20804, 24576, 113.04, 43
2026-08-17T14:54:09+00:00,0, 0, 20804, 24576, 113.32, 43
2026-08-17T14:54:14+00:00,0, 0, 20804, 24576, 112.82, 43
2026-08-17T14:54:19+00:00,0, 0, 20804, 24576, 112.93, 43
2026-08-17T14:54:24+00:00,0, 0, 20804, 24576, 113.13, 44
2026-08-17T14:54:29+00:00,0, 0, 20804, 24576, 113.07, 44
2026-08-17T14:54:34+00:00,0, 0, 20804, 24576, 113.28, 44
2026-08-17T14:54:39+00:00,4, 0, 20804, 24576, 113.12, 44
2026-08-17T14:54:44+00:00,0, 0, 20804, 24576, 113.21, 44
2026-08-17T14:54:49+00:00,0, 0, 20804, 24576, 113.40, 45
2026-08-17T14:54:54+00:00,0, 0, 20804, 24576, 113.55, 45
2026-08-17T14:54:59+00:00,0, 0, 20804, 24576, 113.36, 45
2026-08-17T14:55:04+00:00,0, 0, 20804, 24576, 113.38, 45
2026-08-17T14:55:09+00:00,0, 0, 20804, 24576, 113.54, 45
2026-08-17T14:55:14+00:00,0, 0, 20804, 24576, 113.49, 45
2026-08-17T14:55:19+00:00,1, 0, 20804, 24576, 113.64, 46
2026-08-17T14:55:24+00:00,1, 0, 20804, 24576, 113.77, 46
2026-08-17T14:55:29+00:00,100, 43, 21992, 24576, 344.04, 60
2026-08-17T14:55:34+00:00,0, 0, 22130, 24576, 130.25, 49
2026-08-17T14:55:39+00:00,0, 0, 23276, 24576, 116.40, 48
2026-08-17T14:55:44+00:00,0, 0, 23276, 24576, 116.43, 47
2026-08-17T14:55:50+00:00,0, 0, 23276, 24576, 116.14, 46
2026-08-17T14:55:55+00:00,0, 0, 23276, 24576, 115.93, 46
2026-08-17T14:56:00+00:00,0, 0, 23276, 24576, 115.55, 45
2026-08-17T14:56:05+00:00,0, 0, 23276, 24576, 115.52, 45
2026-08-17T14:56:10+00:00,70, 28, 23276, 24576, 153.01, 46
2026-08-17T14:56:15+00:00,0, 0, 23276, 24576, 133.70, 46
2026-08-17T14:56:20+00:00,0, 0, 23276, 24576, 114.97, 45
2026-08-17T14:56:25+00:00,0, 0, 23276, 24576, 115.09, 45
2026-08-17T14:56:30+00:00,0, 0, 23276, 24576, 115.13, 44
2026-08-17T14:56:35+00:00,0, 0, 23276, 24576, 115.23, 44
2026-08-17T14:56:40+00:00,0, 0, 23276, 24576, 115.17, 44
2026-08-17T14:56:45+00:00,0, 0, 23276, 24576, 115.27, 44
2026-08-17T14:56:50+00:00,0, 0, 23276, 24576, 115.24, 44
2026-08-17T14:56:55+00:00,0, 0, 23276, 24576, 115.01, 44
2026-08-17T14:57:00+00:00,0, 0, 23276, 24576, 114.44, 44
2026-08-17T14:57:05+00:00,0, 0, 23276, 24576, 114.46, 44
2026-08-17T14:57:10+00:00,0, 0, 23276, 24576, 114.80, 44
2026-08-17T14:57:15+00:00,0, 0, 23276, 24576, 114.72, 44
2026-08-17T14:57:20+00:00,0, 0, 23276, 24576, 114.64, 44
2026-08-17T14:57:25+00:00,0, 0, 23276, 24576, 115.10, 44
2026-08-17T14:57:30+00:00,0, 0, 23276, 24576, 114.77, 44
2026-08-17T14:57:35+00:00,0, 0, 1, 24576, 133.20, 45
2026-08-17T14:57:40+00:00,0, 0, 1, 24576, 25.70, 38
2026-08-17T14:57:45+00:00,0, 0, 1, 24576, 25.31, 36
2026-08-17T14:57:50+00:00,0, 0, 1, 24576, 25.24, 35
2026-08-17T14:57:55+00:00,0, 0, 1, 24576, 25.24, 34
2026-08-17T14:58:01+00:00,0, 0, 1, 24576, 25.38, 34
2026-08-17T14:58:06+00:00,0, 0, 1, 24576, 25.14, 33
2026-08-17T14:58:11+00:00,0, 0, 1, 24576, 25.11, 33
2026-08-17T14:58:16+00:00,0, 0, 1, 24576, 25.16, 32
2026-08-17T14:58:21+00:00,0, 0, 1, 24576, 25.23, 32
2026-08-17T14:58:26+00:00,0, 0, 1, 24576, 25.27, 32
2026-08-17T14:58:31+00:00,0, 0, 1, 24576, 25.09, 32
2026-08-17T14:58:36+00:00,0, 0, 1, 24576, 25.05, 31
2026-08-17T14:58:41+00:00,0, 0, 1, 24576, 25.23, 31
2026-08-17T14:58:46+00:00,0, 0, 1, 24576, 25.40, 31
2026-08-17T14:58:51+00:00,0, 0, 1, 24576, 25.46, 31
2026-08-17T14:58:56+00:00,0, 0, 1, 24576, 25.17, 30
2026-08-17T14:59:01+00:00,0, 0, 1, 24576, 25.17, 30
2026-08-17T14:59:06+00:00,0, 0, 1, 24576, 25.16, 30
2026-08-17T14:59:11+00:00,0, 0, 1, 24576, 24.86, 30
2026-08-17T14:59:16+00:00,0, 0, 1, 24576, 24.90, 30
2026-08-17T14:59:21+00:00,0, 0, 1, 24576, 25.25, 29
2026-08-17T14:59:26+00:00,0, 0, 1, 24576, 25.12, 29
2026-08-17T14:59:31+00:00,0, 0, 1, 24576, 25.11, 29
2026-08-17T14:59:36+00:00,0, 0, 1, 24576, 25.06, 29
2026-08-17T14:59:41+00:00,0, 0, 1, 24576, 25.20, 29
2026-08-17T14:59:46+00:00,0, 0, 1, 24576, 24.94, 29
2026-08-17T14:59:51+00:00,0, 0, 1, 24576, 24.87, 29
2026-08-17T14:59:57+00:00,0, 0, 1, 24576, 25.03, 29
2026-08-17T15:00:02+00:00,0, 0, 1, 24576, 24.81, 28
2026-08-17T15:00:07+00:00,0, 0, 1, 24576, 89.96, 33
2026-08-17T15:00:12+00:00,0, 0, 1, 24576, 24.62, 29
2026-08-17T15:00:17+00:00,0, 0, 1, 24576, 24.55, 29
2026-08-17T15:00:22+00:00,0, 0, 1, 24576, 24.52, 28
2026-08-17T15:00:27+00:00,0, 0, 1, 24576, 24.67, 28
2026-08-17T15:00:32+00:00,0, 0, 1, 24576, 24.52, 28
2026-08-17T15:00:37+00:00,0, 0, 1, 24576, 24.68, 28
2026-08-17T15:00:42+00:00,0, 0, 1, 24576, 24.78, 28
2026-08-17T15:00:47+00:00,0, 0, 1, 24576, 24.68, 28
2026-08-17T15:00:52+00:00,0, 0, 1, 24576, 24.89, 28
2026-08-17T15:00:57+00:00,0, 0, 1, 24576, 24.52, 28
2026-08-17T15:01:02+00:00,0, 0, 1, 24576, 24.70, 28
2026-08-17T15:01:07+00:00,0, 0, 1, 24576, 24.83, 28
2026-08-17T15:01:12+00:00,0, 0, 1, 24576, 24.37, 28
2026-08-17T15:01:17+00:00,0, 0, 1, 24576, 24.99, 27
2026-08-17T15:01:22+00:00,0, 0, 1, 24576, 24.76, 27
2026-08-17T15:01:27+00:00,0, 0, 1, 24576, 24.78, 27
2026-08-17T15:01:32+00:00,0, 0, 1, 24576, 24.72, 27
2026-08-17T15:01:37+00:00,0, 0, 1, 24576, 24.69, 27
2026-08-17T15:01:42+00:00,0, 0, 1, 24576, 24.17, 27
2026-08-17T15:01:47+00:00,0, 0, 1, 24576, 24.32, 27
