2026-08-17T13:28:43+00:00,54762,308810,668239,966741,3.50,4.52,11.60
2026-08-17T13:28:48+00:00,54728,308844,668239,966775,3.62,4.52,11.57
2026-08-17T13:28:53+00:00,54719,308853,668239,966784,3.57,4.50,11.52
2026-08-17T13:28:58+00:00,54761,308810,668240,966742,3.52,4.47,11.47
2026-08-17T13:29:03+00:00,54747,308825,668240,966756,3.40,4.43,11.42
2026-08-17T13:29:08+00:00,54734,308837,668240,966769,3.45,4.42,11.38
2026-08-17T13:29:13+00:00,54763,308808,668241,966740,3.41,4.40,11.34
2026-08-17T13:29:18+00:00,54740,308831,668241,966764,3.30,4.36,11.29
2026-08-17T13:29:23+00:00,54689,308881,668241,966815,3.20,4.32,11.24
2026-08-17T13:29:28+00:00,54711,308859,668242,966792,3.34,4.33,11.20
2026-08-17T13:29:33+00:00,54785,308785,668242,966718,3.23,4.29,11.15
2026-08-17T13:29:38+00:00,54748,308821,668243,966755,3.30,4.29,11.11
2026-08-17T13:29:43+00:00,54779,308789,668243,966724,3.19,4.25,11.06
2026-08-17T13:29:48+00:00,54731,308837,668243,966772,3.26,4.25,11.03
2026-08-17T13:29:53+00:00,54723,308845,668244,966781,3.16,4.21,10.98
2026-08-17T13:29:58+00:00,54755,308812,668244,966748,3.06,4.17,10.93
2026-08-17T13:30:03+00:00,55832,307734,668245,965671,3.06,4.15,10.89
2026-08-17T13:30:08+00:00,56168,307398,668245,965335,3.13,4.15,10.85
2026-08-17T13:30:13+00:00,55244,308322,668246,966259,3.04,4.11,10.80
2026-08-17T13:30:18+00:00,55074,308491,668246,966429,2.96,4.08,10.75
2026-08-17T13:30:23+00:00,55021,308543,668246,966482,2.96,4.06,10.71
2026-08-17T13:30:28+00:00,54968,308597,668247,966535,2.88,4.02,10.67
2026-08-17T13:30:33+00:00,54887,308677,668247,966616,2.89,4.01,10.62
2026-08-17T13:30:38+00:00,54909,308655,668248,966594,2.98,4.01,10.59
2026-08-17T13:30:43+00:00,54872,308691,668248,966631,2.90,3.97,10.54
2026-08-17T13:30:48+00:00,54884,308678,668248,966619,2.91,3.96,10.50
2026-08-17T13:30:53+00:00,54826,308736,668249,966677,2.84,3.92,10.46
2026-08-17T13:30:58+00:00,54881,308681,668249,966622,2.85,3.91,10.41
2026-08-17T13:31:03+00:00,54861,308701,668249,966643,2.78,3.88,10.37
2026-08-17T13:31:08+00:00,54861,308700,668250,966642,2.80,3.86,10.33
2026-08-17T13:31:13+00:00,54869,308691,668251,966634,2.98,3.88,10.30
2026-08-17T13:31:18+00:00,54863,308698,668251,966641,2.90,3.85,10.26
2026-08-17T13:31:23+00:00,54807,308753,668251,966696,2.83,3.82,10.21
2026-08-17T13:31:28+00:00,54820,308740,668252,966684,2.76,3.79,10.17
2026-08-17T13:31:33+00:00,54769,308790,668252,966735,2.78,3.78,10.13
2026-08-17T13:31:38+00:00,54775,308784,668252,966728,2.80,3.76,10.09
2026-08-17T13:31:43+00:00,54804,308754,668253,966699,2.81,3.75,10.05
2026-08-17T13:31:48+00:00,54765,308793,668253,966738,2.91,3.75,10.02
2026-08-17T13:31:53+00:00,54806,308752,668253,966697,2.92,3.74,9.98
2026-08-17T13:31:58+00:00,54843,308714,668254,966660,2.84,3.71,9.94
2026-08-17T13:32:03+00:00,54826,308731,668254,966677,2.86,3.70,9.90
2026-08-17T13:32:08+00:00,54768,308788,668254,966735,2.87,3.69,9.86
2026-08-17T13:32:13+00:00,54802,308755,668255,966702,2.80,3.66,9.82
2026-08-17T13:32:18+00:00,54753,308803,668255,966750,2.73,3.63,9.78
2026-08-17T13:32:24+00:00,54742,308814,668256,966761,2.75,3.62,9.74
2026-08-17T13:32:29+00:00,54737,308818,668256,966766,2.77,3.61,9.70
2026-08-17T13:32:34+00:00,54793,308762,668257,966711,2.71,3.58,9.66
2026-08-17T13:32:39+00:00,54767,308788,668257,966736,2.82,3.59,9.63
2026-08-17T13:32:44+00:00,54786,308768,668257,966717,2.75,3.56,9.59
2026-08-17T13:32:49+00:00,54808,308745,668258,966695,2.85,3.57,9.56
2026-08-17T13:32:54+00:00,54760,308793,668258,966743,2.78,3.55,9.52
2026-08-17T13:32:59+00:00,54760,308793,668258,966743,2.80,3.54,9.49
2026-08-17T13:33:04+00:00,54814,308739,668259,966689,2.74,3.51,9.44
2026-08-17T13:33:09+00:00,54795,308757,668259,966708,2.76,3.50,9.41
2026-08-17T13:33:14+00:00,54806,308745,668259,966697,2.78,3.49,9.38
2026-08-17T13:33:19+00:00,54769,308783,668260,966735,2.71,3.47,9.34
2026-08-17T13:33:24+00:00,54765,308786,668260,966738,2.66,3.44,9.30
2026-08-17T13:33:29+00:00,54722,308829,668261,966782,2.60,3.42,9.26
2026-08-17T13:33:34+00:00,54705,308845,668262,966798,2.64,3.41,9.22
2026-08-17T13:33:39+00:00,54732,308817,668262,966771,2.75,3.42,9.19
2026-08-17T13:33:44+00:00,54711,308838,668262,966793,2.85,3.43,9.17
2026-08-17T13:33:49+00:00,54686,308863,668263,966817,2.94,3.44,9.14
2026-08-17T13:33:54+00:00,54711,308838,668263,966793,3.02,3.45,9.11
2026-08-17T13:33:59+00:00,54721,308827,668264,966782,2.94,3.43,9.07
2026-08-17T13:34:04+00:00,54757,308790,668264,966746,2.87,3.40,9.03
2026-08-17T13:34:09+00:00,54740,308807,668264,966763,2.96,3.41,9.01
2026-08-17T13:34:14+00:00,54759,308788,668265,966744,2.88,3.39,8.97
2026-08-17T13:34:19+00:00,54720,308826,668265,966783,2.81,3.37,8.93
2026-08-17T13:34:24+00:00,54711,308835,668266,966792,2.83,3.36,8.90
2026-08-17T13:34:29+00:00,54685,308860,668266,966818,2.76,3.34,8.86
2026-08-17T13:34:34+00:00,54697,308848,668266,966807,2.70,3.31,8.82
2026-08-17T13:34:39+00:00,54731,308814,668267,966772,2.72,3.31,8.79
2026-08-17T13:34:44+00:00,54772,308772,668267,966732,2.90,3.34,8.77
2026-08-17T13:34:49+00:00,54729,308815,668268,966774,2.91,3.33,8.74
2026-08-17T13:34:54+00:00,54698,308845,668268,966805,2.84,3.31,8.70
2026-08-17T13:34:59+00:00,54712,308831,668268,966791,2.85,3.30,8.67
2026-08-17T13:35:04+00:00,54831,308711,668269,966672,2.78,3.28,8.64
2026-08-17T13:35:09+00:00,54767,308775,668269,966737,2.88,3.29,8.61
2026-08-17T13:35:14+00:00,54722,308820,668270,966781,3.05,3.32,8.59
2026-08-17T13:35:19+00:00,54727,308814,668270,966776,2.97,3.30,8.56
2026-08-17T13:35:24+00:00,54728,308812,668271,966775,2.89,3.28,8.52
2026-08-17T13:35:29+00:00,54701,308839,668271,966802,2.90,3.27,8.49
2026-08-17T13:35:34+00:00,54726,308814,668272,966777,2.91,3.27,8.46
2026-08-17T13:35:39+00:00,54732,308807,668272,966771,2.91,3.26,8.43
2026-08-17T13:35:44+00:00,54742,308797,668272,966761,2.92,3.26,8.40
2026-08-17T13:35:49+00:00,54675,308864,668273,966828,3.09,3.29,8.38
2026-08-17T13:35:54+00:00,54690,308848,668273,966813,3.24,3.32,8.37
2026-08-17T13:35:59+00:00,54713,308825,668273,966790,3.22,3.31,8.34
2026-08-17T13:36:04+00:00,54767,308771,668274,966737,3.12,3.29,8.30
2026-08-17T13:36:09+00:00,54713,308824,668274,966790,3.11,3.28,8.27
2026-08-17T13:36:14+00:00,54730,308807,668275,966773,3.02,3.26,8.24
2026-08-17T13:36:19+00:00,54697,308840,668275,966806,3.02,3.26,8.21
2026-08-17T13:36:24+00:00,54705,308832,668275,966798,3.02,3.25,8.18
2026-08-17T13:36:29+00:00,54697,308838,668276,966806,2.94,3.23,8.15
2026-08-17T13:36:34+00:00,54703,308832,668276,966800,2.86,3.21,8.12
2026-08-17T13:36:39+00:00,54678,308857,668276,966825,2.95,3.23,8.09
2026-08-17T13:36:44+00:00,54730,308805,668277,966773,2.88,3.21,8.06
2026-08-17T13:36:49+00:00,54696,308838,668277,966807,2.89,3.20,8.03
2026-08-17T13:36:54+00:00,54679,308855,668278,966825,2.82,3.18,8.00
2026-08-17T13:36:59+00:00,54706,308827,668278,966797,2.99,3.21,7.98
2026-08-17T13:37:04+00:00,54811,308722,668278,966693,2.91,3.19,7.95
2026-08-17T13:37:09+00:00,54759,308773,668279,966744,3.16,3.24,7.94
2026-08-17T13:37:14+00:00,54728,308804,668279,966775,3.23,3.25,7.92
2026-08-17T13:37:19+00:00,54768,308764,668280,966736,3.13,3.23,7.89
2026-08-17T13:37:24+00:00,54700,308832,668280,966803,3.04,3.21,7.85
2026-08-17T13:37:29+00:00,54732,308799,668281,966771,2.95,3.19,7.82
2026-08-17T13:37:34+00:00,54733,308798,668281,966770,2.96,3.19,7.80
2026-08-17T13:37:39+00:00,54766,308764,668282,966737,2.96,3.18,7.77
2026-08-17T13:37:44+00:00,54752,308778,668282,966751,3.04,3.20,7.75
2026-08-17T13:37:49+00:00,54788,308741,668282,966715,3.12,3.21,7.73
2026-08-17T13:37:54+00:00,54710,308819,668282,966793,3.03,3.19,7.70
2026-08-17T13:37:59+00:00,54749,308780,668282,966754,2.95,3.17,7.67
2026-08-17T13:38:05+00:00,54718,308810,668283,966785,2.87,3.15,7.64
2026-08-17T13:38:10+00:00,54727,308801,668283,966776,2.96,3.16,7.62
2026-08-17T13:38:15+00:00,54712,308816,668284,966792,2.89,3.14,7.59
2026-08-17T13:38:20+00:00,54734,308793,668285,966769,2.81,3.13,7.56
2026-08-17T13:38:25+00:00,54759,308767,668285,966744,2.83,3.12,7.53
2026-08-17T13:38:30+00:00,54735,308791,668286,966768,2.76,3.10,7.50
2026-08-17T13:38:35+00:00,54745,308781,668286,966759,2.78,3.10,7.48
2026-08-17T13:38:40+00:00,54766,308758,668287,966737,2.96,3.13,7.44
2026-08-17T13:38:45+00:00,54797,308728,668287,966707,2.96,3.13,7.42
2026-08-17T13:38:50+00:00,54757,308767,668287,966746,2.88,3.11,7.39
2026-08-17T13:38:55+00:00,54742,308782,668287,966761,2.97,3.12,7.37
2026-08-17T13:39:00+00:00,54756,308768,668287,966747,2.89,3.11,7.34
2026-08-17T13:39:05+00:00,54737,308787,668287,966766,2.82,3.09,7.31
2026-08-17T13:39:10+00:00,54749,308775,668287,966754,2.92,3.10,7.29
2026-08-17T13:39:15+00:00,54784,308740,668288,966719,2.84,3.08,7.26
2026-08-17T13:39:20+00:00,54778,308746,668288,966725,2.78,3.07,7.23
2026-08-17T13:39:25+00:00,54801,308722,668289,966703,2.71,3.05,7.21
2026-08-17T13:39:30+00:00,54732,308790,668289,966771,2.74,3.05,7.18
2026-08-17T13:39:35+00:00,54809,308713,668290,966695,2.84,3.06,7.17
2026-08-17T13:39:40+00:00,54753,308769,668290,966751,2.77,3.04,7.14
2026-08-17T13:39:45+00:00,54772,308749,668291,966731,2.87,3.06,7.12
2026-08-17T13:39:50+00:00,54713,308807,668291,966790,2.80,3.04,7.09
2026-08-17T13:39:55+00:00,54708,308812,668291,966795,2.74,3.03,7.06
2026-08-17T13:40:00+00:00,54727,308793,668292,966776,2.68,3.01,7.04
2026-08-17T13:40:05+00:00,55868,307644,668300,965627,3.10,3.09,7.04
2026-08-17T13:40:10+00:00,55761,307758,668292,965742,3.01,3.07,7.02
2026-08-17T13:40:15+00:00,55154,308365,668293,966349,3.01,3.07,6.99
2026-08-17T13:40:20+00:00,54970,308548,668293,966533,3.09,3.09,6.98
2026-08-17T13:40:25+00:00,54921,308597,668294,966582,3.00,3.07,6.95
2026-08-17T13:40:30+00:00,54893,308625,668294,966610,2.92,3.05,6.92
2026-08-17T13:40:35+00:00,54891,308626,668295,966613,3.09,3.08,6.91
2026-08-17T13:40:40+00:00,54849,308667,668295,966654,3.16,3.10,6.90
2026-08-17T13:40:45+00:00,54854,308661,668296,966649,3.31,3.13,6.89
2026-08-17T13:40:50+00:00,54852,308664,668296,966652,3.21,3.11,6.86
2026-08-17T13:40:55+00:00,54830,308685,668296,966673,3.27,3.13,6.84
2026-08-17T13:41:00+00:00,54803,308712,668297,966700,3.25,3.12,6.82
2026-08-17T13:41:05+00:00,54852,308662,668297,966651,3.15,3.11,6.80
2026-08-17T13:41:10+00:00,54807,308706,668298,966696,3.14,3.10,6.78
2026-08-17T13:41:15+00:00,55030,308483,668298,966473,3.20,3.12,6.76
2026-08-17T13:41:20+00:00,55144,308364,668303,966359,3.11,3.10,6.74
2026-08-17T13:41:25+00:00,55124,308354,668333,966379,3.10,3.10,6.72
2026-08-17T13:41:30+00:00,55375,307927,668510,966128,3.17,3.11,6.70
2026-08-17T13:41:35+00:00,55813,307488,668511,965690,3.32,3.14,6.69
2026-08-17T13:41:40+00:00,55789,307307,668715,965510,3.29,3.14,6.67
2026-08-17T13:41:45+00:00,55911,302669,673232,960872,3.51,3.19,6.67
2026-08-17T13:41:50+00:00,57938,300641,673232,958845,3.47,3.19,6.65
2026-08-17T13:41:55+00:00,59637,298942,673232,957146,3.43,3.18,6.63
2026-08-17T13:42:00+00:00,62443,296136,673232,954341,3.40,3.18,6.61
2026-08-17T13:42:05+00:00,65166,293412,673233,951617,3.52,3.21,6.60
2026-08-17T13:42:10+00:00,67780,290798,673233,949004,5.56,3.64,6.72
2026-08-17T13:42:15+00:00,70756,287822,673234,946028,5.36,3.63,6.70
2026-08-17T13:42:20+00:00,73089,285489,673234,943694,5.49,3.68,6.70
2026-08-17T13:42:25+00:00,75336,283241,673234,941448,5.37,3.69,6.69
2026-08-17T13:42:30+00:00,77989,280587,673235,938794,5.26,3.69,6.67
2026-08-17T13:42:35+00:00,80762,277814,673235,936021,7.32,4.15,6.80
2026-08-17T13:42:40+00:00,83426,275150,673236,933357,9.14,4.58,6.93
2026-08-17T13:42:45+00:00,86093,272482,673236,930690,10.81,5.00,7.05
2026-08-17T13:42:50+00:00,88833,269741,673237,927950,12.27,5.40,7.17
2026-08-17T13:42:55+00:00,91880,266695,673237,924903,11.60,5.37,7.15
2026-08-17T13:43:00+00:00,94471,264103,673237,922312,11.00,5.35,7.14
2026-08-17T13:43:05+00:00,97461,261113,673238,919322,12.60,5.78,7.26
2026-08-17T13:43:10+00:00,100070,258503,673238,916713,11.99,5.77,7.25
2026-08-17T13:43:15+00:00,99935,258638,673239,916848,11.35,5.74,7.23
2026-08-17T13:43:20+00:00,100708,253769,677335,911980,10.68,5.69,7.21
2026-08-17T13:43:25+00:00,102059,252417,677336,910629,10.06,5.64,7.19
2026-08-17T13:43:30+00:00,101926,252549,677336,910761,9.74,5.65,7.18
2026-08-17T13:43:35+00:00,101877,252598,677337,910811,9.28,5.62,7.16
2026-08-17T13:43:40+00:00,101790,252685,677337,910898,8.94,5.61,7.15
2026-08-17T13:43:45+00:00,102348,252126,677337,910339,8.78,5.64,7.15
2026-08-17T13:43:50+00:00,102248,252226,677338,910440,8.40,5.61,7.13
2026-08-17T13:43:55+00:00,103874,250599,677338,908814,8.04,5.58,7.12
2026-08-17T13:44:01+00:00,103818,250655,677339,908870,7.64,5.54,7.10
2026-08-17T13:44:06+00:00,103822,250650,677339,908865,7.43,5.53,7.08
2026-08-17T13:44:11+00:00,103794,250679,677339,908894,7.15,5.50,7.07
2026-08-17T13:44:16+00:00,103728,250743,677340,908959,6.90,5.48,7.05
2026-08-17T13:44:21+00:00,103702,250769,677340,908985,6.67,5.45,7.03
2026-08-17T13:44:26+00:00,104314,250157,677340,908373,6.53,5.45,7.02
2026-08-17T13:44:31+00:00,104309,250161,677341,908378,6.41,5.44,7.01
2026-08-17T13:44:36+00:00,104375,250095,677341,908312,6.38,5.45,7.01
2026-08-17T13:44:41+00:00,104360,250110,677341,908327,6.11,5.41,6.98
2026-08-17T13:44:46+00:00,104269,250200,677342,908418,5.86,5.37,6.96
2026-08-17T13:44:51+00:00,104951,249518,677342,907736,5.63,5.33,6.94
2026-08-17T13:44:56+00:00,104939,249530,677343,907749,5.50,5.30,6.92
2026-08-17T13:45:01+00:00,104944,249524,677343,907743,5.38,5.28,6.91
2026-08-17T13:45:06+00:00,106183,248285,677344,906505,5.51,5.31,6.91
2026-08-17T13:45:11+00:00,106294,248173,677344,906393,5.47,5.31,6.90
2026-08-17T13:45:16+00:00,106650,247816,677344,906037,5.27,5.27,6.88
2026-08-17T13:45:21+00:00,106545,247922,677345,906142,5.09,5.23,6.86
2026-08-17T13:45:26+00:00,106504,247962,677345,906183,4.92,5.19,6.84
2026-08-17T13:45:31+00:00,107148,247317,677346,905539,4.85,5.17,6.82
2026-08-17T13:45:36+00:00,107145,247321,677346,905543,4.78,5.15,6.80
2026-08-17T13:45:41+00:00,107106,247359,677346,905581,4.64,5.12,6.78
2026-08-17T13:45:46+00:00,107067,247397,677347,905620,4.83,5.15,6.79
2026-08-17T13:45:51+00:00,108807,245657,677347,903880,4.68,5.11,6.76
2026-08-17T13:45:56+00:00,109400,245064,677347,903287,4.62,5.09,6.75
2026-08-17T13:46:01+00:00,110159,244305,677348,902529,4.57,5.08,6.73
2026-08-17T13:46:06+00:00,110146,244317,677348,902541,4.53,5.06,6.72
2026-08-17T13:46:11+00:00,110805,243658,677349,901883,4.65,5.07,6.72
2026-08-17T13:46:16+00:00,111422,243041,677349,901266,4.51,5.04,6.70
2026-08-17T13:46:21+00:00,111449,243013,677349,901239,4.47,5.02,6.68
2026-08-17T13:46:26+00:00,112141,242320,677350,900546,4.43,5.00,6.67
2026-08-17T13:46:31+00:00,112123,242338,677350,900564,4.40,4.99,6.65
2026-08-17T13:46:36+00:00,112164,242297,677351,900524,4.45,4.99,6.64
2026-08-17T13:46:41+00:00,112069,242392,677351,900619,4.33,4.95,6.62
2026-08-17T13:46:46+00:00,112737,241723,677351,899950,4.30,4.94,6.61
2026-08-17T13:46:51+00:00,112743,241716,677352,899944,4.20,4.91,6.59
2026-08-17T13:46:56+00:00,112751,241709,677352,899936,4.50,4.96,6.60
2026-08-17T13:47:01+00:00,112739,241720,677352,899948,4.46,4.94,6.58
2026-08-17T13:47:06+00:00,112750,241708,677353,899937,4.67,4.98,6.58
2026-08-17T13:47:11+00:00,113386,241072,677353,899301,4.77,4.99,6.58
2026-08-17T13:47:16+00:00,113416,241042,677354,899272,4.79,4.99,6.57
2026-08-17T13:47:21+00:00,113387,241070,677354,899300,4.65,4.96,6.55
2026-08-17T13:47:26+00:00,113334,241123,677354,899353,4.60,4.94,6.54
2026-08-17T13:47:31+00:00,113300,241157,677355,899388,4.63,4.94,6.53
2026-08-17T13:47:36+00:00,113366,241091,677355,899322,4.58,4.93,6.52
2026-08-17T13:47:41+00:00,113305,241152,677355,899383,4.69,4.95,6.51
2026-08-17T13:47:46+00:00,114100,240355,677356,898587,4.88,4.98,6.52
2026-08-17T13:47:51+00:00,114075,240380,677356,898612,4.73,4.95,6.50
2026-08-17T13:47:56+00:00,114061,240393,677357,898627,4.59,4.91,6.48
2026-08-17T13:48:01+00:00,114065,240389,677357,898622,4.54,4.90,6.46
2026-08-17T13:48:06+00:00,114067,240387,677358,898621,4.42,4.87,6.45
2026-08-17T13:48:11+00:00,113982,240471,677358,898706,4.30,4.84,6.43
2026-08-17T13:48:16+00:00,114709,239744,677358,897979,4.28,4.82,6.41
2026-08-17T13:48:21+00:00,114714,239738,677359,897974,4.26,4.81,6.40
2026-08-17T13:48:26+00:00,114699,239753,677359,897988,4.24,4.79,6.39
2026-08-17T13:48:31+00:00,114702,239749,677360,897985,4.14,4.76,6.37
2026-08-17T13:48:36+00:00,114732,239719,677360,897956,4.21,4.77,6.36
2026-08-17T13:48:41+00:00,114672,239778,677361,898015,4.27,4.77,6.35
2026-08-17T13:48:46+00:00,114719,239731,677361,897968,4.41,4.79,6.35
2026-08-17T13:48:51+00:00,114701,239749,677361,897986,4.38,4.78,6.34
2026-08-17T13:48:56+00:00,114645,239805,677362,898043,4.27,4.75,6.32
2026-08-17T13:49:01+00:00,115446,239003,677362,897241,4.40,4.77,6.32
2026-08-17T13:49:06+00:00,115480,238969,677363,897207,4.29,4.74,6.30
2026-08-17T13:49:11+00:00,115445,239004,677363,897243,4.27,4.73,6.29
2026-08-17T13:49:16+00:00,115455,238993,677363,897232,4.25,4.72,6.28
2026-08-17T13:49:21+00:00,115405,239043,677364,897283,4.23,4.70,6.26
2026-08-17T13:49:26+00:00,115353,239094,677364,897334,4.21,4.69,6.25
2026-08-17T13:49:31+00:00,115335,239112,677364,897353,4.11,4.66,6.23
2026-08-17T13:49:36+00:00,116104,238342,677365,896583,4.10,4.65,6.22
2026-08-17T13:49:41+00:00,116099,238347,677365,896588,4.01,4.63,6.20
2026-08-17T13:49:46+00:00,116071,238375,677366,896617,4.41,4.70,6.22
2026-08-17T13:49:52+00:00,116045,238400,677366,896642,4.30,4.67,6.20
2026-08-17T13:49:57+00:00,116048,238396,677367,896639,4.19,4.64,6.18
2026-08-17T13:50:02+00:00,116770,237675,677367,895918,4.18,4.63,6.17
2026-08-17T13:50:07+00:00,117638,236805,677368,895049,4.49,4.69,6.18
2026-08-17T13:50:12+00:00,117219,237224,677368,895468,4.53,4.69,6.18
2026-08-17T13:50:17+00:00,117139,237304,677368,895548,4.48,4.68,6.16
2026-08-17T13:50:22+00:00,117645,236798,677368,895042,4.37,4.65,6.15
2026-08-17T13:50:27+00:00,117535,236908,677369,895152,4.34,4.64,6.13
2026-08-17T13:50:32+00:00,117461,236981,677369,895226,4.23,4.61,6.12
2026-08-17T13:50:37+00:00,118290,236152,677369,894398,4.37,4.64,6.12
2026-08-17T13:50:42+00:00,118186,236256,677370,894501,4.50,4.66,6.12
2026-08-17T13:50:47+00:00,118222,236219,677370,894465,4.38,4.63,6.10
2026-08-17T13:50:52+00:00,118788,235653,677370,893899,4.35,4.62,6.09
2026-08-17T13:50:57+00:00,118790,235651,677371,893898,4.24,4.59,6.07
2026-08-17T13:51:02+00:00,118728,235712,677371,893959,4.22,4.58,6.06
2026-08-17T13:51:07+00:00,119445,234995,677372,893242,4.20,4.57,6.05
2026-08-17T13:51:12+00:00,119494,234945,677372,893193,4.11,4.55,6.03
2026-08-17T13:51:17+00:00,109984,244455,677372,902704,4.18,4.56,6.03
2026-08-17T13:51:22+00:00,55079,299412,677320,957661,4.08,4.53,6.01
2026-08-17T13:51:27+00:00,54771,308483,668557,966732,4.00,4.50,5.99
2026-08-17T13:51:32+00:00,54727,308526,668558,966776,3.84,4.46,5.97
2026-08-17T13:51:37+00:00,54750,308503,668558,966753,3.85,4.45,5.96
2026-08-17T13:51:42+00:00,54738,308515,668558,966765,3.78,4.43,5.94
2026-08-17T13:51:47+00:00,54709,308544,668558,966794,3.64,4.39,5.92
2026-08-17T13:51:52+00:00,54727,308525,668559,966776,3.59,4.37,5.91
2026-08-17T13:51:57+00:00,54690,308562,668559,966813,3.46,4.33,5.89
2026-08-17T13:52:02+00:00,54735,308517,668559,966768,3.42,4.30,5.87
2026-08-17T13:52:07+00:00,54703,308548,668560,966800,3.31,4.27,5.85
2026-08-17T13:52:12+00:00,54739,308512,668560,966764,3.20,4.23,5.83
2026-08-17T13:52:17+00:00,54737,308513,668561,966766,3.27,4.22,5.82
2026-08-17T13:52:22+00:00,54682,308569,668561,966821,3.17,4.19,5.80
2026-08-17T13:52:27+00:00,54752,308498,668561,966751,3.07,4.15,5.78
2026-08-17T13:52:32+00:00,54705,308545,668562,966798,3.07,4.13,5.76
2026-08-17T13:52:37+00:00,54742,308507,668562,966761,3.30,4.16,5.76
2026-08-17T13:52:42+00:00,54724,308525,668562,966779,3.20,4.13,5.74
2026-08-17T13:52:47+00:00,54716,308532,668563,966787,3.26,4.12,5.73
2026-08-17T13:52:52+00:00,54789,308458,668564,966714,3.48,4.15,5.73
2026-08-17T13:52:57+00:00,54749,308498,668564,966754,3.36,4.12,5.71
2026-08-17T13:53:02+00:00,54851,308396,668565,966653,3.33,4.10,5.70
2026-08-17T13:53:07+00:00,54793,308454,668565,966710,3.31,4.08,5.68
2026-08-17T13:53:12+00:00,54814,308432,668566,966689,3.20,4.05,5.66
2026-08-17T13:53:17+00:00,54760,308485,668566,966743,3.10,4.01,5.64
2026-08-17T13:53:22+00:00,54720,308525,668566,966783,3.02,3.98,5.62
2026-08-17T13:53:27+00:00,54708,308537,668566,966795,3.01,3.96,5.61
2026-08-17T13:53:32+00:00,54712,308533,668567,966791,3.01,3.95,5.60
2026-08-17T13:53:37+00:00,54718,308526,668567,966785,3.17,3.96,5.59
2026-08-17T13:53:42+00:00,54753,308490,668568,966750,3.24,3.96,5.58
2026-08-17T13:53:47+00:00,54762,308482,668568,966741,3.22,3.95,5.57
2026-08-17T13:53:52+00:00,55010,308233,668568,966493,3.12,3.91,5.55
2026-08-17T13:53:57+00:00,55390,307852,668569,966113,3.19,3.92,5.54
2026-08-17T13:54:02+00:00,55658,307585,668569,965846,3.18,3.90,5.53
2026-08-17T13:54:07+00:00,55588,303661,672563,961922,3.40,3.94,5.53
2026-08-17T13:54:12+00:00,55655,302867,673289,961128,3.61,3.97,5.53
2026-08-17T13:54:17+00:00,59273,299249,673289,957510,5.80,4.42,5.67
2026-08-17T13:54:22+00:00,61773,296748,673290,955010,7.74,4.84,5.80
2026-08-17T13:54:27+00:00,64368,294153,673290,952415,9.45,5.25,5.93
2026-08-17T13:54:32+00:00,66947,291574,673291,949837,9.01,5.22,5.92
2026-08-17T13:54:37+00:00,68742,289779,673291,948042,8.69,5.22,5.91
2026-08-17T13:54:42+00:00,71390,287130,673291,945393,10.39,5.63,6.04
2026-08-17T13:54:47+00:00,73184,285336,673292,943599,9.96,5.62,6.03
2026-08-17T13:54:52+00:00,74995,283524,673293,941788,9.48,5.59,6.02
2026-08-17T13:54:57+00:00,77733,280785,673293,939050,9.05,5.57,6.01
2026-08-17T13:55:02+00:00,79938,278579,673294,936845,10.80,5.99,6.15
2026-08-17T13:55:07+00:00,82482,276036,673294,934302,12.42,6.41,6.28
2026-08-17T13:55:12+00:00,85216,273301,673294,931567,13.99,6.83,6.42
2026-08-17T13:55:17+00:00,87200,271316,673295,929583,15.27,7.22,6.54
2026-08-17T13:55:22+00:00,90003,268513,673295,926780,16.53,7.61,6.68
2026-08-17T13:55:27+00:00,92135,266381,673295,924648,15.69,7.58,6.67
2026-08-17T13:55:32+00:00,94331,264184,673296,922452,15.15,7.61,6.68
2026-08-17T13:55:37+00:00,96646,261870,673296,920138,14.50,7.60,6.69
2026-08-17T13:55:42+00:00,98846,259669,673296,917938,13.74,7.55,6.68
2026-08-17T13:55:47+00:00,99574,258941,673296,917210,13.12,7.53,6.67
2026-08-17T13:55:53+00:00,99638,255037,677136,913305,12.55,7.50,6.67
2026-08-17T13:55:58+00:00,101219,253200,677393,911469,11.94,7.46,6.66
2026-08-17T13:56:03+00:00,101808,252610,677393,910879,11.55,7.45,6.66
2026-08-17T13:56:08+00:00,101685,252733,677393,911003,11.10,7.43,6.66
2026-08-17T13:56:13+00:00,101655,252762,677394,911032,10.61,7.39,6.65
2026-08-17T13:56:18+00:00,102269,252148,677394,910419,10.24,7.36,6.65
2026-08-17T13:56:23+00:00,102221,252195,677395,910466,9.90,7.34,6.64
2026-08-17T13:56:28+00:00,103234,251183,677395,909454,9.51,7.30,6.63
2026-08-17T13:56:33+00:00,103835,250582,677395,908853,9.15,7.26,6.62
2026-08-17T13:56:38+00:00,103828,250587,677396,908859,8.90,7.24,6.62
2026-08-17T13:56:43+00:00,103760,250655,677396,908928,8.58,7.20,6.61
2026-08-17T13:56:48+00:00,103708,250707,677397,908980,8.22,7.15,6.60
2026-08-17T13:56:53+00:00,103680,250734,677397,909007,8.04,7.13,6.59
2026-08-17T13:56:58+00:00,103960,250454,677398,908728,7.96,7.13,6.60
2026-08-17T13:57:03+00:00,104306,250108,677398,908382,7.96,7.14,6.60
2026-08-17T13:57:08+00:00,104281,250132,677398,908406,7.72,7.11,6.60
2026-08-17T13:57:13+00:00,104257,250156,677399,908430,7.50,7.07,6.59
2026-08-17T13:57:18+00:00,104185,250227,677399,908502,7.22,7.02,6.57
2026-08-17T13:57:23+00:00,104857,249555,677399,907830,6.97,6.97,6.56
2026-08-17T13:57:28+00:00,104827,249585,677400,907860,6.89,6.96,6.55
2026-08-17T13:57:33+00:00,104867,249544,677400,907820,6.74,6.92,6.55
2026-08-17T13:57:38+00:00,104834,249577,677401,907854,6.76,6.92,6.55
2026-08-17T13:57:43+00:00,104829,249582,677401,907859,6.62,6.89,6.54
2026-08-17T13:57:48+00:00,105556,248854,677401,907132,6.41,6.84,6.53
2026-08-17T13:57:53+00:00,106149,248260,677402,906538,6.21,6.80,6.51
2026-08-17T13:57:58+00:00,106138,248272,677402,906550,6.28,6.80,6.52
2026-08-17T13:58:03+00:00,106200,248209,677402,906488,6.17,6.77,6.51
2026-08-17T13:58:08+00:00,106915,247494,677402,905772,6.16,6.76,6.50
2026-08-17T13:58:13+00:00,106960,247448,677403,905727,5.99,6.71,6.49
2026-08-17T13:58:18+00:00,106962,247446,677403,905726,5.99,6.70,6.49
2026-08-17T13:58:23+00:00,106839,247569,677404,905849,5.83,6.65,6.47
2026-08-17T13:58:28+00:00,108594,245814,677404,904094,5.68,6.61,6.46
2026-08-17T13:58:33+00:00,62348,292060,677404,950342,5.63,6.58,6.45
2026-08-17T13:58:38+00:00,54953,308269,668589,966550,5.58,6.56,6.44
2026-08-17T13:58:43+00:00,54959,308264,668589,966545,5.45,6.51,6.43
2026-08-17T13:58:48+00:00,54925,308297,668590,966579,5.33,6.47,6.42
2026-08-17T13:58:53+00:00,54862,308359,668590,966641,5.23,6.43,6.40
2026-08-17T13:58:58+00:00,54787,308434,668590,966716,5.05,6.37,6.39
2026-08-17T13:59:03+00:00,54855,308366,668590,966648,5.13,6.37,6.38
2026-08-17T13:59:08+00:00,54776,308445,668590,966727,5.04,6.33,6.37
2026-08-17T13:59:13+00:00,54726,308494,668591,966778,5.03,6.30,6.36
2026-08-17T13:59:18+00:00,54694,308526,668592,966809,4.95,6.27,6.35
2026-08-17T13:59:23+00:00,54689,308530,668592,966814,4.87,6.23,6.34
2026-08-17T13:59:28+00:00,54745,308475,668592,966759,4.80,6.19,6.32
2026-08-17T13:59:33+00:00,54680,308539,668593,966823,4.66,6.14,6.31
2026-08-17T13:59:38+00:00,54735,308484,668593,966769,4.85,6.15,6.31
2026-08-17T13:59:43+00:00,54716,308502,668593,966787,4.78,6.12,6.30
2026-08-17T13:59:48+00:00,54751,308467,668593,966752,4.64,6.06,6.28
2026-08-17T13:59:53+00:00,54688,308530,668593,966815,4.50,6.01,6.26
2026-08-17T13:59:58+00:00,54734,308483,668594,966769,4.46,5.98,6.25
2026-08-17T14:00:03+00:00,55031,308186,668595,966472,4.51,5.96,6.24
2026-08-17T14:00:08+00:00,55818,307398,668595,965685,4.63,5.96,6.24
2026-08-17T14:00:13+00:00,55362,307855,668595,966142,4.58,5.93,6.23
2026-08-17T14:00:18+00:00,55189,308027,668595,966314,4.45,5.88,6.21
2026-08-17T14:00:23+00:00,55075,308140,668596,966428,4.33,5.83,6.19
2026-08-17T14:00:28+00:00,55007,308208,668596,966496,4.31,5.80,6.18
2026-08-17T14:00:33+00:00,54967,308248,668596,966537,4.20,5.76,6.16
2026-08-17T14:00:38+00:00,54861,308353,668597,966642,4.51,5.79,6.17
2026-08-17T14:00:43+00:00,54869,308345,668597,966634,4.55,5.78,6.17
2026-08-17T14:00:48+00:00,54825,308389,668597,966678,4.66,5.78,6.17
2026-08-17T14:00:53+00:00,54837,308376,668598,966666,4.61,5.75,6.16
2026-08-17T14:00:58+00:00,54773,308440,668598,966730,4.56,5.73,6.14
2026-08-17T14:01:03+00:00,54816,308396,668599,966687,4.52,5.70,6.13
2026-08-17T14:01:08+00:00,54817,308395,668599,966687,4.47,5.67,6.12
2026-08-17T14:01:13+00:00,54810,308402,668600,966693,4.44,5.64,6.11
2026-08-17T14:01:18+00:00,54758,308453,668600,966745,4.48,5.63,6.10
2026-08-17T14:01:23+00:00,54770,308441,668601,966733,4.36,5.59,6.08
2026-08-17T14:01:28+00:00,54806,308404,668601,966697,4.25,5.54,6.07
2026-08-17T14:01:33+00:00,54740,308469,668602,966763,4.15,5.50,6.05
2026-08-17T14:01:38+00:00,54763,308446,668602,966740,4.30,5.51,6.05
2026-08-17T14:01:44+00:00,54782,308427,668603,966722,4.28,5.48,6.04
2026-08-17T14:01:49+00:00,54719,308489,668603,966784,4.25,5.46,6.03
2026-08-17T14:01:54+00:00,54743,308464,668603,966760,4.23,5.43,6.02
2026-08-17T14:01:59+00:00,54763,308444,668604,966740,4.13,5.39,6.00
2026-08-17T14:02:04+00:00,54760,308447,668604,966743,4.36,5.42,6.01
2026-08-17T14:02:09+00:00,54706,308501,668605,966798,4.33,5.40,6.00
2026-08-17T14:02:14+00:00,54772,308435,668605,966732,4.23,5.36,5.98
2026-08-17T14:02:19+00:00,54761,308445,668605,966742,4.13,5.32,5.96
2026-08-17T14:02:24+00:00,54740,308465,668606,966763,4.04,5.28,5.95
2026-08-17T14:02:29+00:00,54693,308512,668606,966810,4.36,5.32,5.96
2026-08-17T14:02:34+00:00,54710,308495,668607,966793,4.33,5.30,5.95
2026-08-17T14:02:39+00:00,54676,308528,668607,966827,4.46,5.31,5.95
2026-08-17T14:02:44+00:00,54674,308529,668608,966829,4.42,5.29,5.94
2026-08-17T14:02:49+00:00,54751,308453,668608,966753,4.47,5.29,5.93
2026-08-17T14:02:54+00:00,54677,308527,668608,966827,4.51,5.28,5.93
2026-08-17T14:02:59+00:00,54683,308520,668608,966820,4.55,5.28,5.92
2026-08-17T14:03:04+00:00,54746,308456,668609,966757,4.67,5.29,5.92
2026-08-17T14:03:09+00:00,54738,308465,668609,966766,4.61,5.27,5.91
2026-08-17T14:03:14+00:00,54807,308395,668609,966696,4.56,5.25,5.90
2026-08-17T14:03:19+00:00,54770,308431,668610,966733,4.60,5.24,5.89
2026-08-17T14:03:24+00:00,54697,308503,668611,966806,4.55,5.22,5.88
2026-08-17T14:03:29+00:00,54677,308523,668611,966826,4.51,5.20,5.87
2026-08-17T14:03:34+00:00,54724,308476,668611,966780,4.47,5.18,5.86
2026-08-17T14:03:39+00:00,54725,308475,668612,966779,4.43,5.16,5.85
2026-08-17T14:03:44+00:00,54677,308521,668613,966826,4.39,5.14,5.84
2026-08-17T14:03:49+00:00,54691,308508,668613,966813,4.52,5.15,5.84
2026-08-17T14:03:54+00:00,54746,308452,668614,966757,4.56,5.15,5.84
2026-08-17T14:03:59+00:00,54714,308484,668614,966790,4.60,5.15,5.83
2026-08-17T14:04:04+00:00,54700,308497,668614,966803,4.47,5.11,5.82
2026-08-17T14:04:09+00:00,54681,308515,668615,966822,4.43,5.09,5.81
2026-08-17T14:04:14+00:00,54703,308493,668615,966800,4.32,5.06,5.79
2026-08-17T14:04:19+00:00,53560,309651,668600,967959,4.21,5.02,5.78
2026-08-17T14:04:24+00:00,53541,309671,668600,967979,4.19,5.01,5.77
2026-08-17T14:04:29+00:00,53574,309637,668600,967945,4.26,5.01,5.76
2026-08-17T14:04:34+00:00,53649,309562,668600,967870,4.08,4.96,5.74
2026-08-17T14:04:39+00:00,53579,309632,668600,967940,4.07,4.94,5.73
2026-08-17T14:04:44+00:00,53626,309585,668600,967893,4.07,4.92,5.72
2026-08-17T14:04:49+00:00,53594,309617,668600,967925,3.98,4.89,5.71
2026-08-17T14:04:54+00:00,53540,309671,668600,967979,3.82,4.84,5.69
2026-08-17T14:04:59+00:00,53555,309656,668600,967964,3.76,4.81,5.68
2026-08-17T14:05:04+00:00,53610,309601,668600,967909,3.69,4.78,5.66
2026-08-17T14:05:09+00:00,53543,309668,668600,967976,3.64,4.75,5.65
2026-08-17T14:05:14+00:00,53629,309581,668600,967890,3.59,4.72,5.63
2026-08-17T14:05:19+00:00,53630,309581,668600,967889,3.62,4.71,5.62
2026-08-17T14:05:24+00:00,53572,309639,668600,967948,3.65,4.70,5.61
2026-08-17T14:05:29+00:00,53568,309643,668600,967951,3.68,4.69,5.60
2026-08-17T14:05:34+00:00,53583,309628,668600,967936,3.71,4.68,5.60
2026-08-17T14:05:39+00:00,53604,309607,668600,967915,3.97,4.72,5.60
2026-08-17T14:05:44+00:00,53797,309413,668600,967722,3.81,4.67,5.58
2026-08-17T14:05:49+00:00,53969,309242,668600,967550,3.75,4.64,5.57
2026-08-17T14:05:54+00:00,54360,308851,668600,967159,3.93,4.66,5.57
2026-08-17T14:05:59+00:00,54174,309037,668600,967345,3.85,4.64,5.56
2026-08-17T14:06:04+00:00,54489,304002,673320,962310,3.94,4.64,5.56
2026-08-17T14:06:09+00:00,55774,302717,673320,961025,3.95,4.63,5.55
2026-08-17T14:06:14+00:00,58363,300128,673320,958436,3.87,4.61,5.53
2026-08-17T14:06:19+00:00,61417,297074,673320,955382,3.88,4.60,5.52
2026-08-17T14:06:24+00:00,64063,294428,673320,952737,4.21,4.65,5.54
2026-08-17T14:06:29+00:00,66726,291765,673320,950073,4.76,4.76,5.57
2026-08-17T14:06:34+00:00,69364,289127,673320,947436,4.86,4.78,5.57
2026-08-17T14:06:39+00:00,71343,287148,673320,945456,5.11,4.83,5.58
2026-08-17T14:06:44+00:00,74064,284427,673320,942736,5.10,4.83,5.58
2026-08-17T14:06:49+00:00,76601,281890,673320,940198,7.09,5.25,5.71
2026-08-17T14:06:54+00:00,79565,278925,673320,937234,6.85,5.23,5.70
2026-08-17T14:06:59+00:00,82212,276279,673320,934587,6.62,5.21,5.69
2026-08-17T14:07:04+00:00,84878,273613,673320,931922,6.41,5.19,5.68
2026-08-17T14:07:09+00:00,87531,270960,673320,929268,6.14,5.15,5.67
2026-08-17T14:07:14+00:00,90307,268184,673321,926493,6.12,5.17,5.67
2026-08-17T14:07:19+00:00,93168,265322,673321,923631,6.03,5.17,5.67
2026-08-17T14:07:24+00:00,95193,263298,673321,921606,6.11,5.20,5.67
2026-08-17T14:07:29+00:00,97879,260612,673321,918920,8.10,5.62,5.81
2026-08-17T14:07:34+00:00,98562,259928,673321,918237,9.94,6.05,5.95
2026-08-17T14:07:39+00:00,98688,256907,676217,915215,9.62,6.05,5.95
2026-08-17T14:07:44+00:00,100031,254364,677417,912672,9.17,6.01,5.94
2026-08-17T14:07:50+00:00,100605,253790,677417,912098,9.00,6.03,5.94
2026-08-17T14:07:55+00:00,100543,253852,677417,912160,8.84,6.04,5.95
2026-08-17T14:08:00+00:00,100439,253955,677417,912264,8.45,6.01,5.94
2026-08-17T14:08:05+00:00,101042,253353,677417,911661,8.17,5.99,5.93
2026-08-17T14:08:10+00:00,100925,253470,677417,911779,7.84,5.96,5.92
2026-08-17T14:08:15+00:00,101993,252401,677417,910710,7.53,5.93,5.91
2026-08-17T14:08:20+00:00,102617,251778,677417,910086,9.33,6.33,6.04
2026-08-17T14:08:25+00:00,102552,251842,677417,910151,8.98,6.30,6.03
2026-08-17T14:08:30+00:00,102535,251860,677417,910168,8.50,6.25,6.02
2026-08-17T14:08:35+00:00,102537,251858,677417,910166,8.06,6.20,6.00
2026-08-17T14:08:40+00:00,102593,251801,677417,910110,7.82,6.18,5.99
2026-08-17T14:08:45+00:00,103084,251310,677417,909619,7.43,6.12,5.98
2026-08-17T14:08:50+00:00,103114,251280,677417,909589,7.16,6.09,5.97
2026-08-17T14:08:55+00:00,103109,251285,677417,909594,6.98,6.07,5.96
2026-08-17T14:09:00+00:00,103105,251290,677417,909598,6.74,6.03,5.95
2026-08-17T14:09:05+00:00,103105,251290,677417,909599,6.44,5.98,5.94
2026-08-17T14:09:10+00:00,103747,250647,677417,908956,6.25,5.95,5.92
2026-08-17T14:09:15+00:00,103792,250602,677417,908911,6.07,5.92,5.91
2026-08-17T14:09:20+00:00,103787,250607,677417,908916,5.90,5.89,5.90
2026-08-17T14:09:25+00:00,103789,250605,677417,908914,5.75,5.85,5.89
2026-08-17T14:09:30+00:00,104389,250006,677417,908315,5.85,5.87,5.90
2026-08-17T14:09:35+00:00,105092,249303,677417,907612,5.70,5.84,5.89
2026-08-17T14:09:40+00:00,105092,249303,677417,907612,5.81,5.86,5.90
2026-08-17T14:09:45+00:00,105080,249315,677417,907623,5.98,5.90,5.91
2026-08-17T14:09:50+00:00,105817,248577,677417,906886,5.82,5.86,5.90
2026-08-17T14:09:55+00:00,105800,248594,677417,906903,5.60,5.82,5.88
2026-08-17T14:10:00+00:00,105791,248603,677417,906912,5.39,5.77,5.87
2026-08-17T14:10:05+00:00,107350,247021,677441,905330,5.44,5.77,5.87
2026-08-17T14:10:10+00:00,108405,245989,677417,904299,6.04,5.89,5.91
2026-08-17T14:10:15+00:00,107911,246483,677417,904793,35.43,11.99,7.88
2026-08-17T14:10:20+00:00,109154,245240,677417,903549,33.31,11.94,7.88
2026-08-17T14:10:25+00:00,109060,245334,677417,903643,30.96,11.81,7.86
2026-08-17T14:10:30+00:00,109724,244670,677417,902979,28.72,11.66,7.84
2026-08-17T14:10:35+00:00,110333,244061,677417,902370,26.75,11.53,7.82
2026-08-17T14:10:40+00:00,110327,244067,677417,902376,25.32,11.49,7.82
2026-08-17T14:10:45+00:00,110994,243400,677417,901710,23.54,11.35,7.80
2026-08-17T14:10:50+00:00,110953,243441,677417,901751,20.75,11.16,7.77
2026-08-17T14:10:55+00:00,110909,243485,677417,901794,19.33,11.02,7.75
2026-08-17T14:11:00+00:00,110962,243431,677417,901741,18.10,10.90,7.72
2026-08-17T14:11:05+00:00,111703,242691,677417,901000,17.05,10.81,7.71
2026-08-17T14:11:10+00:00,111646,242748,677417,901057,15.93,10.68,7.68
2026-08-17T14:11:15+00:00,111644,242750,677417,901060,14.89,10.55,7.66
2026-08-17T14:11:20+00:00,111624,242769,677417,901079,14.42,10.52,7.67
2026-08-17T14:11:25+00:00,111632,242762,677417,901072,13.75,10.45,7.66
2026-08-17T14:11:30+00:00,112300,242094,677417,900403,12.89,10.32,7.63
2026-08-17T14:11:35+00:00,112291,242103,677417,900413,12.25,10.23,7.62
2026-08-17T14:11:40+00:00,112296,242097,677417,900407,11.67,10.15,7.60
2026-08-17T14:11:45+00:00,112230,242164,677417,900474,11.14,10.06,7.59
2026-08-17T14:11:50+00:00,96855,257539,677417,915849,10.49,9.94,7.56
2026-08-17T14:11:55+00:00,62009,301200,668602,959510,9.97,9.85,7.54
2026-08-17T14:12:00+00:00,53813,309397,668602,967706,9.65,9.78,7.54
2026-08-17T14:12:05+00:00,53799,309410,668602,967720,9.12,9.67,7.51
2026-08-17T14:12:10+00:00,53816,309394,668602,967703,8.55,9.54,7.48
2026-08-17T14:12:15+00:00,54101,309109,668602,967418,8.26,9.47,7.47
2026-08-17T14:12:20+00:00,54408,308801,668602,967111,10.00,9.81,7.59
2026-08-17T14:12:25+00:00,54678,308532,668602,966841,9.44,9.69,7.56
2026-08-17T14:12:30+00:00,54676,305575,671560,963885,9.25,9.65,7.56
2026-08-17T14:12:35+00:00,54745,303744,673322,962054,8.75,9.54,7.54
2026-08-17T14:12:40+00:00,56574,301916,673322,960226,8.37,9.45,7.52
2026-08-17T14:12:45+00:00,59255,299235,673322,957544,7.94,9.34,7.49
2026-08-17T14:12:50+00:00,61902,296588,673322,954897,7.70,9.27,7.48
2026-08-17T14:12:55+00:00,64143,294347,673322,952656,7.32,9.16,7.45
2026-08-17T14:13:00+00:00,66553,291936,673322,950246,7.06,9.08,7.44
2026-08-17T14:13:05+00:00,69565,288924,673322,947234,7.13,9.06,7.44
2026-08-17T14:13:10+00:00,72130,286360,673322,944669,6.88,8.97,7.42
2026-08-17T14:13:15+00:00,74295,284194,673322,942504,6.73,8.91,7.41
2026-08-17T14:13:20+00:00,75921,282569,673322,940879,6.67,8.86,7.40
2026-08-17T14:13:25+00:00,78809,279681,673322,937991,6.46,8.78,7.38
2026-08-17T14:13:30+00:00,80814,277675,673322,935985,6.50,8.75,7.38
2026-08-17T14:13:35+00:00,83550,274939,673322,933249,6.30,8.67,7.36
2026-08-17T14:13:40+00:00,86229,272260,673322,930570,6.04,8.57,7.34
2026-08-17T14:13:45+00:00,88555,269934,673322,928244,5.95,8.51,7.32
2026-08-17T14:13:50+00:00,91506,266983,673322,925293,7.96,8.89,7.45
2026-08-17T14:13:55+00:00,93925,264564,673322,922874,7.72,8.82,7.44
2026-08-17T14:14:01+00:00,96336,262153,673322,920463,7.58,8.78,7.43
2026-08-17T14:14:06+00:00,98629,259860,673322,918170,7.30,8.70,7.41
2026-08-17T14:14:11+00:00,98465,260024,673322,918334,7.11,8.64,7.40
2026-08-17T14:14:16+00:00,100148,254245,677418,912556,9.19,9.04,7.54
2026-08-17T14:14:21+00:00,100712,253681,677418,911991,8.69,8.94,7.51
2026-08-17T14:14:26+00:00,100638,253756,677418,912066,8.31,8.86,7.49
2026-08-17T14:14:31+00:00,100605,253788,677418,912098,7.97,8.78,7.47
2026-08-17T14:14:36+00:00,100551,253842,677418,912153,7.73,8.71,7.46
2026-08-17T14:14:41+00:00,101120,253273,677418,911584,7.35,8.62,7.44
2026-08-17T14:14:46+00:00,101071,253322,677418,911632,7.24,8.57,7.43
2026-08-17T14:14:51+00:00,102739,251654,677418,909965,6.90,8.48,7.40
2026-08-17T14:14:56+00:00,102656,251737,677418,910047,6.59,8.39,7.38
2026-08-17T14:15:01+00:00,102667,251726,677418,910036,6.46,8.33,7.37
2026-08-17T14:15:06+00:00,104040,250353,677419,908663,6.27,8.26,7.35
2026-08-17T14:15:11+00:00,103079,251313,677419,909624,6.00,8.17,7.33
2026-08-17T14:15:16+00:00,102916,251476,677419,909787,5.84,8.10,7.31
2026-08-17T14:15:21+00:00,103273,251120,677419,909431,5.78,8.05,7.29
2026-08-17T14:15:26+00:00,103206,251186,677419,909497,5.63,7.99,7.28
2026-08-17T14:15:31+00:00,103206,251186,677419,909497,5.42,7.90,7.25
2026-08-17T14:15:36+00:00,103133,251260,677419,909571,5.31,7.84,7.24
2026-08-17T14:15:41+00:00,103079,251314,677419,909624,5.04,7.74,7.21
2026-08-17T14:15:46+00:00,103765,250627,677419,908938,4.88,7.66,7.18
2026-08-17T14:15:51+00:00,103733,250659,677419,908970,4.73,7.58,7.16
2026-08-17T14:15:56+00:00,103714,250679,677419,908990,4.59,7.51,7.14
2026-08-17T14:16:01+00:00,103694,250699,677419,909009,4.46,7.43,7.12
2026-08-17T14:16:06+00:00,104406,249987,677419,908297,4.34,7.36,7.09
2026-08-17T14:16:11+00:00,104388,250005,677419,908316,4.48,7.34,7.09
2026-08-17T14:16:16+00:00,105098,249324,677390,907605,4.36,7.26,7.07
2026-08-17T14:16:21+00:00,105030,249372,677409,907673,4.25,7.19,7.04
2026-08-17T14:16:26+00:00,105022,249377,677412,907681,4.23,7.14,7.03
2026-08-17T14:16:31+00:00,105754,248643,677414,906949,4.13,7.07,7.00
2026-08-17T14:16:36+00:00,105809,248588,677414,906894,4.12,7.02,6.99
2026-08-17T14:16:41+00:00,105785,248612,677414,906918,4.19,6.99,6.98
2026-08-17T14:16:46+00:00,106200,248204,677407,906503,4.26,6.95,6.97
2026-08-17T14:16:51+00:00,107496,246902,677413,905207,4.24,6.90,6.95
2026-08-17T14:16:56+00:00,108174,246267,677370,904529,4.14,6.84,6.93
2026-08-17T14:17:01+00:00,108844,245558,677409,903859,4.12,6.79,6.91
2026-08-17T14:17:06+00:00,109245,245153,677414,903458,4.11,6.74,6.90
2026-08-17T14:17:11+00:00,109533,244865,677414,903170,4.43,6.77,6.90
2026-08-17T14:17:16+00:00,110293,244104,677414,902410,4.39,6.72,6.89
2026-08-17T14:17:21+00:00,110254,244144,677414,902450,4.44,6.69,6.88
2026-08-17T14:17:26+00:00,110945,243452,677414,901758,4.49,6.66,6.87
2026-08-17T14:17:31+00:00,110889,243509,677414,901814,4.37,6.60,6.85
2026-08-17T14:17:36+00:00,110900,243498,677414,901804,4.26,6.54,6.83
2026-08-17T14:17:41+00:00,110870,243528,677414,901834,4.16,6.48,6.80
2026-08-17T14:17:46+00:00,111523,242879,677410,901180,3.98,6.41,6.78
2026-08-17T14:17:51+00:00,111500,242899,677412,901204,3.90,6.35,6.76
2026-08-17T14:17:56+00:00,111494,242904,677413,901209,3.91,6.31,6.74
2026-08-17T14:18:01+00:00,111488,242910,677413,901215,3.84,6.26,6.72
2026-08-17T14:18:06+00:00,111498,242900,677414,901205,3.77,6.20,6.70
2026-08-17T14:18:11+00:00,112159,242240,677412,900544,3.71,6.15,6.68
2026-08-17T14:18:16+00:00,112277,242122,677413,900426,3.65,6.10,6.66
2026-08-17T14:18:21+00:00,112246,242152,677414,900457,3.52,6.03,6.64
2026-08-17T14:18:26+00:00,112181,242212,677418,900522,3.48,5.98,6.62
2026-08-17T14:18:31+00:00,112174,242219,677418,900530,3.36,5.91,6.59
2026-08-17T14:18:36+00:00,112145,242248,677418,900558,3.33,5.86,6.57
2026-08-17T14:18:41+00:00,112118,242275,677418,900586,3.30,5.81,6.55
2026-08-17T14:18:46+00:00,112890,241502,677420,899814,3.44,5.80,6.54
2026-08-17T14:18:51+00:00,112839,241552,677420,899864,3.32,5.74,6.52
2026-08-17T14:18:56+00:00,112945,241446,677420,899759,3.38,5.71,6.51
2026-08-17T14:19:01+00:00,112886,241505,677420,899817,3.35,5.66,6.49
2026-08-17T14:19:06+00:00,112928,241462,677420,899775,3.32,5.62,6.47
2026-08-17T14:19:11+00:00,112790,241601,677420,899913,3.21,5.56,6.44
2026-08-17T14:19:16+00:00,113572,240819,677421,899132,3.28,5.53,6.43
2026-08-17T14:19:21+00:00,113512,240878,677420,899191,3.33,5.51,6.42
2026-08-17T14:19:26+00:00,113565,240826,677420,899138,3.23,5.45,6.39
2026-08-17T14:19:31+00:00,113491,240900,677420,899212,3.21,5.41,6.37
2026-08-17T14:19:36+00:00,113493,240898,677421,899210,3.11,5.35,6.35
2026-08-17T14:19:41+00:00,113402,240989,677420,899301,3.02,5.29,6.33
2026-08-17T14:19:46+00:00,113367,241024,677421,899336,3.02,5.26,6.31
2026-08-17T14:19:51+00:00,113326,241065,677420,899377,3.18,5.25,6.30
2026-08-17T14:19:56+00:00,113348,241042,677421,899355,3.08,5.20,6.28
2026-08-17T14:20:01+00:00,114166,240224,677421,898537,3.00,5.14,6.25
2026-08-17T14:20:07+00:00,115169,239221,677421,897534,3.08,5.12,6.24
2026-08-17T14:20:12+00:00,114678,239712,677421,898025,2.99,5.07,6.22
2026-08-17T14:20:17+00:00,114428,239960,677423,898275,2.91,5.02,6.20
2026-08-17T14:20:22+00:00,114286,240103,677423,898418,2.92,4.99,6.18
2026-08-17T14:20:27+00:00,114186,240202,677423,898518,2.93,4.95,6.16
2026-08-17T14:20:32+00:00,114128,240260,677423,898575,2.93,4.92,6.14
2026-08-17T14:20:37+00:00,114836,239552,677423,897867,2.94,4.89,6.13
2026-08-17T14:20:42+00:00,114826,239562,677423,897878,3.02,4.87,6.12
2026-08-17T14:20:47+00:00,114797,239591,677423,897906,3.10,4.86,6.10
2026-08-17T14:20:52+00:00,114794,239594,677423,897909,3.17,4.85,6.09
2026-08-17T14:20:57+00:00,114720,239668,677423,897983,3.16,4.81,6.08
2026-08-17T14:21:02+00:00,115535,238853,677424,897169,3.15,4.78,6.06
2026-08-17T14:21:07+00:00,115554,238834,677424,897149,3.22,4.77,6.05
2026-08-17T14:21:12+00:00,115551,238837,677424,897152,3.20,4.74,6.03
2026-08-17T14:21:17+00:00,115559,238829,677424,897144,3.10,4.70,6.01
2026-08-17T14:21:22+00:00,112848,241539,677424,899855,3.09,4.67,5.99
2026-08-17T14:21:27+00:00,55403,298985,677424,957300,3.01,4.62,5.97
2026-08-17T14:21:32+00:00,53784,309415,668612,967735,3.01,4.60,5.95
2026-08-17T14:21:37+00:00,53790,309409,668612,967729,2.84,4.54,5.93
2026-08-17T14:21:42+00:00,53753,309446,668612,967766,2.70,4.48,5.90
2026-08-17T14:21:47+00:00,53703,309496,668612,967817,2.64,4.43,5.88
2026-08-17T14:21:52+00:00,53685,309514,668612,967834,2.51,4.38,5.85
2026-08-17T14:21:57+00:00,53698,309501,668612,967822,2.39,4.32,5.83
2026-08-17T14:22:02+00:00,54014,309185,668612,967505,4.52,4.73,5.95
2026-08-17T14:22:07+00:00,54330,308869,668612,967189,4.32,4.69,5.93
2026-08-17T14:22:12+00:00,54624,308575,668613,966896,4.13,4.64,5.91
2026-08-17T14:22:17+00:00,54556,306167,671089,964490,3.96,4.60,5.89
2026-08-17T14:22:22+00:00,54620,303856,673335,962179,4.20,4.64,5.89
2026-08-17T14:22:27+00:00,57322,301154,673335,959477,4.03,4.59,5.87
2026-08-17T14:22:32+00:00,59953,298523,673335,956846,6.11,5.02,6.00
2026-08-17T14:22:37+00:00,62774,295703,673335,954025,6.02,5.01,6.00
2026-08-17T14:22:42+00:00,65219,293257,673335,951580,5.86,5.00,5.99
2026-08-17T14:22:47+00:00,68362,290114,673335,948437,5.63,4.96,5.97
2026-08-17T14:22:52+00:00,70392,288084,673335,946407,5.42,4.93,5.95
2026-08-17T14:22:57+00:00,72383,286093,673335,944416,5.30,4.92,5.94
2026-08-17T14:23:02+00:00,75144,283332,673335,941655,7.20,5.32,6.07
2026-08-17T14:23:07+00:00,77771,286927,667113,939028,9.11,5.74,6.20
2026-08-17T14:23:12+00:00,80684,292094,659033,936116,9.10,5.80,6.22
2026-08-17T14:23:17+00:00,82349,294036,655426,934451,10.93,6.23,6.36
2026-08-17T14:23:22+00:00,84604,296749,650459,932196,10.38,6.19,6.34
2026-08-17T14:23:27+00:00,87498,317451,626862,929301,9.87,6.16,6.33
2026-08-17T14:23:32+00:00,90830,319584,621397,925970,9.48,6.14,6.32
2026-08-17T14:23:37+00:00,92711,317699,621401,924089,8.96,6.09,6.30
2026-08-17T14:23:42+00:00,95181,315328,621302,921618,8.56,6.05,6.29
2026-08-17T14:23:47+00:00,96912,313597,621302,919887,8.19,6.02,6.28
2026-08-17T14:23:52+00:00,98411,312098,621302,918388,7.70,5.95,6.26
2026-08-17T14:23:57+00:00,98530,310247,623034,916537,7.32,5.90,6.24
2026-08-17T14:24:02+00:00,100086,306350,625375,912617,7.14,5.89,6.23
2026-08-17T14:24:07+00:00,100671,305764,625377,912033,6.72,5.82,6.21
2026-08-17T14:24:12+00:00,100560,305873,625378,912144,6.35,5.76,6.19
2026-08-17T14:24:17+00:00,100471,306067,625273,912232,6.16,5.73,6.17
2026-08-17T14:24:22+00:00,100369,306170,625273,912335,6.07,5.72,6.17
2026-08-17T14:24:27+00:00,100990,305545,625276,911713,5.82,5.67,6.15
2026-08-17T14:24:32+00:00,100843,305692,625276,911860,5.67,5.64,6.14
2026-08-17T14:24:37+00:00,102475,304061,625276,910229,5.46,5.60,6.12
2026-08-17T14:24:42+00:00,102355,305079,624377,910348,5.18,5.54,6.10
2026-08-17T14:24:47+00:00,102354,305080,624377,910349,5.01,5.50,6.08
2026-08-17T14:24:52+00:00,102318,305116,624377,910385,4.85,5.45,6.06
2026-08-17T14:24:57+00:00,102259,305175,624377,910445,4.62,5.40,6.04
2026-08-17T14:25:02+00:00,102265,304689,624857,910438,4.49,5.36,6.03
2026-08-17T14:25:07+00:00,103123,302177,626512,909579,4.93,5.43,6.05
2026-08-17T14:25:12+00:00,103138,301157,627516,909565,4.94,5.43,6.04
2026-08-17T14:25:17+00:00,103256,300263,628292,909447,5.10,5.45,6.05
2026-08-17T14:25:22+00:00,103351,299253,629208,909352,5.17,5.46,6.05
2026-08-17T14:25:27+00:00,103448,298236,630127,909255,5.32,5.49,6.05
2026-08-17T14:25:32+00:00,104021,297041,630750,908682,5.53,5.53,6.06
2026-08-17T14:25:37+00:00,104030,296406,631375,908673,5.57,5.54,6.06
2026-08-17T14:25:42+00:00,104056,295523,632233,908648,5.85,5.60,6.08
2026-08-17T14:25:47+00:00,104257,297500,630054,908446,5.86,5.60,6.08
2026-08-17T14:25:52+00:00,104055,297615,630141,908648,5.79,5.59,6.07
2026-08-17T14:25:57+00:00,105535,296119,630157,907168,5.97,5.63,6.08
2026-08-17T14:26:02+00:00,105539,296115,630157,907165,5.65,5.57,6.06
2026-08-17T14:26:08+00:00,105305,296349,630157,907399,5.36,5.51,6.04
2026-08-17T14:26:13+00:00,105151,296503,630158,907553,5.09,5.45,6.02
2026-08-17T14:26:18+00:00,105798,295856,630158,906906,4.92,5.41,6.00
2026-08-17T14:26:23+00:00,105747,295898,630166,906956,4.77,5.37,5.98
2026-08-17T14:26:28+00:00,105855,295789,630167,906848,4.62,5.33,5.97
2026-08-17T14:26:33+00:00,105864,295739,630208,906839,4.90,5.38,5.98
2026-08-17T14:26:38+00:00,106823,294544,630444,905880,4.82,5.35,5.97
2026-08-17T14:26:43+00:00,107467,293795,630550,905236,4.68,5.31,5.95
2026-08-17T14:26:48+00:00,108104,293151,630557,904600,4.62,5.29,5.94
2026-08-17T14:26:53+00:00,108950,292304,630557,903753,4.49,5.25,5.93
2026-08-17T14:26:58+00:00,109679,291575,630557,903024,4.29,5.20,5.90
2026-08-17T14:27:03+00:00,110275,290963,630573,902414,4.27,5.18,5.89
2026-08-17T14:27:08+00:00,111407,289822,630582,901283,4.25,5.16,5.88
2026-08-17T14:27:13+00:00,111452,289765,630595,901238,4.23,5.14,5.87
2026-08-17T14:27:18+00:00,112071,289138,630603,900618,4.13,5.11,5.86
2026-08-17T14:27:23+00:00,111980,289229,630603,900709,4.12,5.09,5.85
2026-08-17T14:27:28+00:00,111909,289293,630610,900781,4.19,5.09,5.84
2026-08-17T14:27:33+00:00,111889,289304,630618,900800,4.17,5.07,5.83
2026-08-17T14:27:38+00:00,112621,288565,630626,900068,4.08,5.03,5.82
2026-08-17T14:27:43+00:00,112522,288663,630626,900167,4.07,5.02,5.81
2026-08-17T14:27:48+00:00,112479,288699,630633,900210,4.07,5.00,5.80
2026-08-17T14:27:53+00:00,112452,288718,630641,900237,4.06,4.98,5.79
2026-08-17T14:27:58+00:00,112926,288237,630649,899763,4.06,4.96,5.78
2026-08-17T14:28:03+00:00,113176,287987,630649,899514,3.97,4.93,5.76
2026-08-17T14:28:08+00:00,113127,288028,630656,899563,3.89,4.90,5.75
2026-08-17T14:28:13+00:00,113154,287993,630664,899535,3.90,4.88,5.74
2026-08-17T14:28:18+00:00,113267,287880,630664,899423,3.83,4.85,5.72
2026-08-17T14:28:23+00:00,113204,287935,630672,899485,3.84,4.84,5.71
2026-08-17T14:28:28+00:00,113141,287997,630674,899548,4.02,4.86,5.71
2026-08-17T14:28:33+00:00,113131,287998,630682,899558,4.26,4.89,5.72
2026-08-17T14:28:38+00:00,113890,287238,630683,898799,4.15,4.86,5.71
2026-08-17T14:28:43+00:00,113840,287281,630691,898850,4.06,4.83,5.69
2026-08-17T14:28:48+00:00,113828,287290,630693,898861,4.22,4.85,5.69
2026-08-17T14:28:53+00:00,113801,287308,630703,898889,4.20,4.84,5.69
2026-08-17T14:28:58+00:00,113868,287240,630703,898821,4.10,4.81,5.67
2026-08-17T14:29:03+00:00,113810,287286,630715,898879,4.10,4.79,5.66
2026-08-17T14:29:08+00:00,114637,286452,630722,898053,4.09,4.78,5.65
2026-08-17T14:29:13+00:00,114718,286363,630730,897971,4.00,4.75,5.64
2026-08-17T14:29:18+00:00,114636,286446,630730,898054,3.92,4.72,5.62
2026-08-17T14:29:23+00:00,114537,286537,630738,898153,4.01,4.72,5.62
2026-08-17T14:29:28+00:00,114489,286578,630745,898201,4.01,4.71,5.61
2026-08-17T14:29:33+00:00,114466,286592,630753,898223,4.01,4.70,5.60
2026-08-17T14:29:38+00:00,114496,286563,630753,898194,4.00,4.69,5.59
2026-08-17T14:29:43+00:00,114555,286496,630761,898135,4.08,4.69,5.59
2026-08-17T14:29:48+00:00,114484,286559,630768,898205,4.16,4.70,5.59
2026-08-17T14:29:53+00:00,115198,285838,630776,897492,4.07,4.67,5.57
2026-08-17T14:29:58+00:00,115176,285852,630784,897513,4.14,4.68,5.57
2026-08-17T14:30:03+00:00,115675,285352,630784,897014,4.05,4.65,5.55
2026-08-17T14:30:08+00:00,116322,284698,630791,896367,4.04,4.64,5.55
2026-08-17T14:30:13+00:00,115865,285147,630799,896824,3.96,4.61,5.53
2026-08-17T14:30:18+00:00,115717,285287,630807,896972,3.88,4.58,5.52
2026-08-17T14:30:23+00:00,115518,285479,630815,897171,4.13,4.62,5.53
2026-08-17T14:30:28+00:00,115397,285584,630830,897292,4.36,4.66,5.53
2026-08-17T14:30:33+00:00,114717,286279,630816,897987,4.33,4.65,5.53
2026-08-17T14:30:38+00:00,114667,286752,630392,898037,4.31,4.64,5.52
2026-08-17T14:30:43+00:00,114613,286806,630392,898091,4.20,4.61,5.50
2026-08-17T14:30:48+00:00,114617,286802,630392,898087,4.27,4.62,5.50
2026-08-17T14:30:53+00:00,115469,285169,631174,897234,4.08,4.58,5.48
2026-08-17T14:30:58+00:00,119222,277777,634812,893481,4.48,4.65,5.50
2026-08-17T14:31:03+00:00,122009,271284,638519,890695,4.76,4.71,5.52
2026-08-17T14:31:08+00:00,122914,267564,641333,889789,5.02,4.76,5.53
2026-08-17T14:31:13+00:00,122840,266639,642332,889863,4.86,4.73,5.52
2026-08-17T14:31:18+00:00,121903,267155,642753,890799,5.03,4.77,5.52
2026-08-17T14:31:23+00:00,121921,266283,643607,890782,4.87,4.74,5.51
2026-08-17T14:31:28+00:00,121398,265775,644638,891305,4.72,4.71,5.50
2026-08-17T14:31:33+00:00,120887,265358,645567,891817,4.82,4.73,5.50
2026-08-17T14:31:38+00:00,120931,265005,645876,891772,4.67,4.70,5.49
2026-08-17T14:31:43+00:00,120419,264785,646607,892284,4.62,4.69,5.48
2026-08-17T14:31:48+00:00,120039,264615,647157,892663,4.65,4.70,5.47
2026-08-17T14:31:53+00:00,120244,263579,647988,892459,4.68,4.70,5.47
2026-08-17T14:31:59+00:00,119908,263004,648899,892795,4.54,4.67,5.46
2026-08-17T14:32:04+00:00,119632,262847,649332,893071,4.66,4.70,5.46
2026-08-17T14:32:09+00:00,119704,263190,648917,893000,4.61,4.68,5.45
2026-08-17T14:32:14+00:00,119473,270121,642217,893230,4.64,4.69,5.45
2026-08-17T14:32:19+00:00,120288,269289,642234,892415,4.75,4.71,5.45
2026-08-17T14:32:24+00:00,119991,269583,642237,892712,4.77,4.72,5.45
2026-08-17T14:32:29+00:00,121384,268174,642253,891304,4.63,4.69,5.44
2026-08-17T14:32:34+00:00,121224,268328,642260,891463,4.74,4.71,5.44
2026-08-17T14:32:39+00:00,120993,268558,642260,891694,10.12,5.83,5.80
2026-08-17T14:32:44+00:00,120828,268728,642254,891859,9.55,5.78,5.78
2026-08-17T14:32:49+00:00,120776,268781,642254,891911,9.11,5.75,5.77
2026-08-17T14:32:54+00:00,120701,268855,642254,891986,8.54,5.69,5.75
2026-08-17T14:32:59+00:00,120642,269166,642003,892045,8.42,5.71,5.76
2026-08-17T14:33:04+00:00,120633,269176,642003,892054,7.90,5.65,5.74
2026-08-17T14:33:09+00:00,120563,269246,642003,892124,7.43,5.59,5.72
2026-08-17T14:33:14+00:00,120501,269308,642003,892187,7.07,5.54,5.70
2026-08-17T14:33:19+00:00,120467,269342,642003,892220,6.67,5.48,5.68
2026-08-17T14:33:24+00:00,121260,268548,642003,891427,8.38,5.86,5.80
2026-08-17T14:33:29+00:00,121175,268633,642004,891513,8.03,5.83,5.79
2026-08-17T14:33:34+00:00,121180,268627,642004,891507,8.02,5.86,5.81
2026-08-17T14:33:39+00:00,121177,268630,642004,891511,7.78,5.85,5.80
2026-08-17T14:33:44+00:00,121200,268607,642004,891488,7.32,5.78,5.78
2026-08-17T14:33:49+00:00,121137,268670,642004,891550,7.05,5.75,5.77
2026-08-17T14:33:54+00:00,121172,268635,642004,891515,6.65,5.69,5.75
2026-08-17T14:33:59+00:00,121120,268687,642004,891568,6.43,5.66,5.74
2026-08-17T14:34:04+00:00,121195,268612,642004,891492,6.08,5.60,5.72
2026-08-17T14:34:09+00:00,121161,268646,642004,891527,5.91,5.58,5.71
2026-08-17T14:34:14+00:00,121142,268665,642004,891545,5.68,5.53,5.70
2026-08-17T14:34:19+00:00,121154,268653,642004,891533,5.38,5.47,5.68
2026-08-17T14:34:24+00:00,121088,268719,642004,891600,5.27,5.45,5.67
2026-08-17T14:34:29+00:00,121160,268646,642005,891527,5.09,5.41,5.65
2026-08-17T14:34:34+00:00,121098,268708,642005,891589,5.00,5.38,5.64
2026-08-17T14:34:39+00:00,121116,268690,642005,891571,5.00,5.38,5.64
2026-08-17T14:34:44+00:00,121111,268695,642005,891576,4.84,5.34,5.63
2026-08-17T14:34:49+00:00,121159,268647,642006,891529,4.77,5.32,5.62
2026-08-17T14:34:54+00:00,121086,268719,642006,891601,4.63,5.28,5.60
2026-08-17T14:34:59+00:00,121087,268718,642006,891600,4.50,5.24,5.59
2026-08-17T14:35:04+00:00,121168,268637,642006,891519,4.30,5.18,5.57
2026-08-17T14:35:09+00:00,121111,268694,642006,891576,4.12,5.13,5.55
2026-08-17T14:35:14+00:00,121134,268667,642010,891553,4.03,5.10,5.54
2026-08-17T14:35:19+00:00,121083,268718,642010,891604,3.86,5.04,5.52
2026-08-17T14:35:24+00:00,121070,268732,642010,891618,3.79,5.01,5.50
2026-08-17T14:35:29+00:00,121112,268698,642001,891575,3.73,4.98,5.49
2026-08-17T14:35:34+00:00,121081,268729,642001,891606,3.83,4.98,5.49
2026-08-17T14:35:39+00:00,121105,268706,642001,891583,3.69,4.93,5.47
2026-08-17T14:35:44+00:00,121099,268711,642001,891588,3.55,4.88,5.45
2026-08-17T14:35:49+00:00,121075,268735,642001,891612,3.51,4.85,5.43
2026-08-17T14:35:54+00:00,121074,268736,642001,891613,3.39,4.80,5.42
2026-08-17T14:35:59+00:00,121068,268742,642001,891619,3.35,4.77,5.40
2026-08-17T14:36:04+00:00,121143,268667,642001,891545,3.41,4.76,5.40
2026-08-17T14:36:09+00:00,121176,268631,642004,891511,3.53,4.76,5.39
2026-08-17T14:36:14+00:00,118694,271149,641968,894009,3.49,4.73,5.38
2026-08-17T14:36:19+00:00,118704,269731,643376,893998,3.45,4.70,5.37
2026-08-17T14:36:24+00:00,118803,267708,645301,893900,3.50,4.69,5.36
2026-08-17T14:36:29+00:00,119111,265576,647124,893592,3.62,4.70,5.36
2026-08-17T14:36:34+00:00,119263,263944,648605,893440,4.05,4.77,5.38
2026-08-17T14:36:39+00:00,119395,264709,647707,893308,4.20,4.79,5.38
2026-08-17T14:36:44+00:00,119302,264086,648423,893401,4.35,4.81,5.38
2026-08-17T14:36:49+00:00,119434,263073,649304,893269,4.56,4.85,5.39
2026-08-17T14:36:54+00:00,119462,262094,650255,893242,4.68,4.87,5.40
2026-08-17T14:36:59+00:00,119643,261081,651087,893060,4.62,4.85,5.39
2026-08-17T14:37:04+00:00,119524,260948,651339,893179,4.73,4.87,5.39
2026-08-17T14:37:09+00:00,119418,260135,652258,893286,4.91,4.91,5.40
2026-08-17T14:37:14+00:00,119254,259433,653124,893449,5.24,4.97,5.42
2026-08-17T14:37:19+00:00,120040,261424,650347,892663,5.30,4.99,5.42
2026-08-17T14:37:24+00:00,119738,261726,650348,892965,5.20,4.97,5.42
2026-08-17T14:37:29+00:00,119556,261905,650351,893147,4.94,4.92,5.40
2026-08-17T14:37:34+00:00,119332,262126,650354,893371,5.11,4.96,5.41
2026-08-17T14:37:39+00:00,119244,262210,650357,893459,4.86,4.91,5.39
2026-08-17T14:37:44+00:00,119120,262330,650361,893583,4.95,4.93,5.39
2026-08-17T14:37:49+00:00,119125,262323,650364,893578,4.87,4.91,5.38
2026-08-17T14:37:55+00:00,119018,262426,650367,893685,4.88,4.91,5.38
2026-08-17T14:38:00+00:00,119012,262429,650370,893691,4.81,4.90,5.37
2026-08-17T14:38:05+00:00,119301,262127,650384,893402,4.67,4.87,5.36
2026-08-17T14:38:10+00:00,127658,246602,657552,877882,4.77,4.89,5.36
2026-08-17T14:38:15+00:00,128799,231159,671853,862440,5.75,5.09,5.43
2026-08-17T14:38:20+00:00,129753,226953,675105,858234,5.77,5.10,5.43
2026-08-17T14:38:25+00:00,127612,227431,676768,858714,5.95,5.15,5.44
2026-08-17T14:38:30+00:00,130481,224995,676336,856278,6.36,5.25,5.47
2026-08-17T14:38:35+00:00,131311,222141,678359,853508,6.97,5.39,5.52
2026-08-17T14:38:40+00:00,134058,219916,677837,851283,7.29,5.49,5.55
2026-08-17T14:38:45+00:00,135117,219024,677670,850391,7.99,5.66,5.61
2026-08-17T14:38:50+00:00,135019,219122,677670,850488,8.71,5.85,5.67
2026-08-17T14:38:55+00:00,134921,218475,678414,849842,14.18,7.03,6.05
2026-08-17T14:39:00+00:00,134607,218224,678980,849590,14.25,7.16,6.10
2026-08-17T14:39:05+00:00,134988,217851,678973,849218,14.31,7.29,6.15
2026-08-17T14:39:10+00:00,134558,219165,678088,850524,14.36,7.42,6.19
2026-08-17T14:39:15+00:00,134564,218977,678271,850343,14.65,7.60,6.26
2026-08-17T14:39:20+00:00,134452,219386,677974,850753,14.44,7.67,6.29
2026-08-17T14:39:25+00:00,133844,219535,678432,850901,14.65,7.83,6.35
2026-08-17T14:39:30+00:00,133896,218293,679623,849659,14.51,7.91,6.38
2026-08-17T14:39:35+00:00,134189,219582,678040,850949,14.39,8.00,6.42
2026-08-17T14:39:40+00:00,134600,219192,678020,850558,14.36,8.10,6.46
2026-08-17T14:39:45+00:00,134931,218463,678417,849830,14.33,8.20,6.50
2026-08-17T14:39:50+00:00,134780,218160,678871,849527,14.39,8.31,6.55
2026-08-17T14:39:55+00:00,134512,219431,677867,850798,14.35,8.40,6.59
2026-08-17T14:40:00+00:00,134659,216257,680895,847624,14.16,8.46,6.62
2026-08-17T14:40:05+00:00,136155,215930,679726,847297,13.75,8.47,6.63
2026-08-17T14:40:10+00:00,136080,216472,679260,847838,13.93,8.60,6.68
2026-08-17T14:40:15+00:00,134763,218000,679049,849367,13.78,8.65,6.71
2026-08-17T14:40:20+00:00,134516,217654,679641,849021,13.71,8.73,6.74
2026-08-17T14:40:25+00:00,135583,215520,680708,846887,13.66,8.80,6.78
2026-08-17T14:40:30+00:00,135576,215823,680412,847190,13.76,8.90,6.82
2026-08-17T14:40:35+00:00,135312,217163,679337,848530,13.86,9.00,6.86
2026-08-17T14:40:40+00:00,135126,217157,679529,848524,13.87,9.09,6.90
2026-08-17T14:40:45+00:00,134664,217133,680014,848500,13.72,9.13,6.93
2026-08-17T14:40:50+00:00,134438,217501,679872,848868,13.75,9.22,6.97
2026-08-17T14:40:55+00:00,123721,227567,680523,858934,13.69,9.28,7.00
2026-08-17T14:41:00+00:00,75126,276021,680665,907388,13.71,9.36,7.04
2026-08-17T14:41:05+00:00,70150,290315,671346,921682,13.74,9.43,7.08
2026-08-17T14:41:10+00:00,69834,290093,671884,921460,13.76,9.51,7.11
2026-08-17T14:41:15+00:00,70183,290562,671066,921929,13.62,9.55,7.14
2026-08-17T14:41:20+00:00,70106,290936,670770,922303,13.73,9.64,7.18
2026-08-17T14:41:25+00:00,70121,290370,671320,921737,13.59,9.68,7.21
2026-08-17T14:41:30+00:00,70911,289541,671360,920907,13.46,9.72,7.24
2026-08-17T14:41:35+00:00,70795,289955,671061,921322,13.50,9.79,7.27
2026-08-17T14:41:40+00:00,70891,290199,670721,921566,13.54,9.86,7.31
2026-08-17T14:41:45+00:00,70744,290527,670540,921894,13.50,9.91,7.34
2026-08-17T14:41:50+00:00,70850,290315,670647,921682,13.38,9.95,7.36
2026-08-17T14:41:55+00:00,70625,288691,672496,920058,13.27,9.98,7.39
2026-08-17T14:42:00+00:00,70533,289129,672149,920496,13.17,10.02,7.41
2026-08-17T14:42:05+00:00,70256,290554,671002,921921,13.23,10.08,7.45
2026-08-17T14:42:10+00:00,70395,290491,670925,921858,13.05,10.10,7.47
2026-08-17T14:42:15+00:00,70538,290348,670926,921715,12.97,10.13,7.49
2026-08-17T14:42:20+00:00,70562,290325,670924,921692,12.73,10.13,7.51
2026-08-17T14:42:25+00:00,71001,289143,671668,920510,12.67,10.16,7.53
2026-08-17T14:42:30+00:00,71367,289096,671349,920463,12.70,10.21,7.56
2026-08-17T14:42:35+00:00,71352,288722,671738,920089,12.72,10.25,7.59
2026-08-17T14:42:40+00:00,71428,288643,671741,920010,12.67,10.28,7.62
2026-08-17T14:42:45+00:00,71561,289019,671231,920386,12.69,10.33,7.64
2026-08-17T14:42:50+00:00,71627,289798,670386,921165,12.72,10.37,7.67
2026-08-17T14:42:55+00:00,72404,287914,671493,919282,12.66,10.40,7.70
2026-08-17T14:43:00+00:00,72715,287954,671142,919322,12.69,10.44,7.73
2026-08-17T14:43:05+00:00,73136,287841,670834,919208,12.87,10.52,7.77
2026-08-17T14:43:10+00:00,74195,286643,670974,918010,12.88,10.56,7.79
2026-08-17T14:43:15+00:00,74753,285972,671086,917340,12.73,10.57,7.81
2026-08-17T14:43:20+00:00,75090,285513,671209,916880,12.75,10.61,7.84
2026-08-17T14:43:25+00:00,73323,286493,671996,917860,12.77,10.65,7.87
2026-08-17T14:43:30+00:00,73526,286936,671349,918303,12.97,10.76,7.93
2026-08-17T14:43:35+00:00,73594,287488,670730,918855,12.89,10.78,7.96
2026-08-17T14:43:40+00:00,73337,287830,670645,919197,12.66,10.77,7.97
2026-08-17T14:43:45+00:00,73265,287779,670767,919146,12.53,10.77,7.98
2026-08-17T14:43:50+00:00,73177,287034,671600,918401,12.72,10.84,8.02
2026-08-17T14:43:55+00:00,73077,286613,672121,917980,12.75,10.88,8.05
2026-08-17T14:44:00+00:00,73400,287865,670547,919232,12.69,10.90,8.07
2026-08-17T14:44:05+00:00,73388,287240,671183,918608,12.63,10.92,8.09
2026-08-17T14:44:10+00:00,73601,286920,671291,918287,12.50,10.92,8.11
2026-08-17T14:44:15+00:00,74442,286599,670770,917967,12.38,10.92,8.12
2026-08-17T14:44:21+00:00,74870,285740,671201,917108,12.27,10.92,8.14
2026-08-17T14:44:26+00:00,75507,285421,670883,916789,12.49,10.99,8.18
2026-08-17T14:44:31+00:00,74924,286098,670789,917466,12.45,11.00,8.20
2026-08-17T14:44:36+00:00,75143,285265,671403,916633,12.41,11.02,8.22
2026-08-17T14:44:41+00:00,75050,286085,670677,917452,12.38,11.04,8.24
2026-08-17T14:44:46+00:00,75607,285498,670707,916865,12.59,11.10,8.27
2026-08-17T14:44:51+00:00,74886,285359,671566,916727,12.54,11.12,8.29
2026-08-17T14:44:56+00:00,75210,285241,671360,916609,12.74,11.18,8.33
2026-08-17T14:45:01+00:00,75112,285459,671240,916827,12.60,11.18,8.34
2026-08-17T14:45:06+00:00,75357,286212,670243,917580,12.63,11.21,8.37
2026-08-17T14:45:11+00:00,74602,286219,670991,917586,12.58,11.22,8.39
2026-08-17T14:45:16+00:00,74386,285900,671526,917267,12.69,11.27,8.42
2026-08-17T14:45:21+00:00,74086,285820,671905,917188,12.64,11.28,8.44
2026-08-17T14:45:26+00:00,74528,285966,671317,917334,12.67,11.31,8.46
2026-08-17T14:45:31+00:00,74894,286323,670595,917691,12.53,11.31,8.48
2026-08-17T14:45:36+00:00,74623,286328,670860,917696,12.41,11.30,8.49
2026-08-17T14:45:41+00:00,74111,286715,670985,918083,12.46,11.33,8.52
2026-08-17T14:45:46+00:00,74114,285876,671821,917244,12.58,11.37,8.55
2026-08-17T14:45:51+00:00,74112,286208,671492,917576,12.62,11.40,8.57
2026-08-17T14:45:56+00:00,73936,285819,672057,917186,12.65,11.43,8.59
2026-08-17T14:46:01+00:00,73406,287172,671233,918540,12.59,11.44,8.61
2026-08-17T14:46:06+00:00,73839,286723,671250,918090,12.55,11.45,8.63
2026-08-17T14:46:11+00:00,74301,286464,671046,917831,12.50,11.46,8.65
2026-08-17T14:46:16+00:00,74075,286562,671174,917930,12.46,11.47,8.67
2026-08-17T14:46:21+00:00,74190,286500,671122,917868,12.43,11.47,8.69
2026-08-17T14:46:26+00:00,74925,285620,671266,916988,12.23,11.45,8.69
2026-08-17T14:46:31+00:00,74678,286123,671010,917491,12.29,11.48,8.72
2026-08-17T14:46:36+00:00,74155,286339,671318,917707,12.35,11.50,8.74
2026-08-17T14:46:41+00:00,75353,284858,671600,916226,12.16,11.48,8.75
2026-08-17T14:46:46+00:00,74922,286124,670765,917492,12.31,11.52,8.77
2026-08-17T14:46:51+00:00,73935,287045,670832,918413,12.20,11.51,8.79
2026-08-17T14:46:56+00:00,73339,287626,670846,918994,12.51,11.58,8.83
2026-08-17T14:47:01+00:00,73267,287259,671285,918628,12.31,11.56,8.83
2026-08-17T14:47:06+00:00,73595,287523,670693,918892,12.20,11.55,8.84
2026-08-17T14:47:11+00:00,73844,286187,671781,917555,12.43,11.61,8.88
2026-08-17T14:47:16+00:00,72992,286801,672018,918170,12.55,11.65,8.91
2026-08-17T14:47:21+00:00,72598,288643,670571,920012,12.43,11.63,8.92
2026-08-17T14:47:26+00:00,72578,287857,671376,919226,12.39,11.64,8.93
2026-08-17T14:47:31+00:00,73112,288006,670693,919375,12.36,11.65,8.95
2026-08-17T14:47:36+00:00,73126,287792,670893,919161,12.33,11.65,8.97
2026-08-17T14:47:41+00:00,73570,286969,671272,918338,12.39,11.68,8.99
2026-08-17T14:47:46+00:00,73316,287317,671178,918686,12.52,11.71,9.02
2026-08-17T14:47:51+00:00,73193,287311,671307,918681,12.39,11.70,9.03
2026-08-17T14:47:56+00:00,73277,287824,670709,919193,12.28,11.69,9.04
2026-08-17T14:48:01+00:00,73581,287787,670444,919156,12.18,11.68,9.05
2026-08-17T14:48:06+00:00,73657,286861,671293,918230,12.08,11.67,9.06
2026-08-17T14:48:11+00:00,74666,285936,671209,917305,12.08,11.67,9.08
2026-08-17T14:48:16+00:00,73594,287514,670703,918883,11.91,11.65,9.08
2026-08-17T14:48:21+00:00,74161,286691,670960,918060,12.00,11.67,9.10
2026-08-17T14:48:26+00:00,73497,287957,670358,919326,12.08,11.69,9.12
2026-08-17T14:48:31+00:00,72645,288218,670948,919587,12.39,11.76,9.16
2026-08-17T14:48:36+00:00,72520,287009,672283,918378,12.68,11.83,9.20
2026-08-17T14:48:41+00:00,72846,287669,671297,919039,12.87,11.89,9.23
2026-08-17T14:48:46+00:00,73003,287815,670993,919184,12.80,11.89,9.24
2026-08-17T14:48:51+00:00,76156,283573,672082,914883,12.09,11.76,9.22
2026-08-17T14:48:56+00:00,62458,297271,672082,928581,11.29,11.59,9.18
2026-08-17T14:49:01+00:00,87631,299288,644892,930598,10.54,11.43,9.14
2026-08-17T14:49:06+00:00,59617,330592,641602,961902,10.10,11.33,9.12
2026-08-17T14:49:11+00:00,59110,331099,641602,962409,9.37,11.16,9.07
2026-08-17T14:49:16+00:00,58782,331428,641602,962737,8.70,10.99,9.03
2026-08-17T14:49:21+00:00,58511,331698,641602,963008,8.24,10.85,9.00
2026-08-17T14:49:26+00:00,58116,332177,641519,963403,7.74,10.71,8.96
2026-08-17T14:49:31+00:00,57859,332434,641518,963660,7.28,10.56,8.92
2026-08-17T14:49:36+00:00,57629,332664,641518,963890,6.86,10.42,8.88
2026-08-17T14:49:41+00:00,59597,328589,643625,961922,6.71,10.33,8.86
2026-08-17T14:49:46+00:00,61841,323192,646778,959678,6.49,10.22,8.83
2026-08-17T14:49:51+00:00,62877,318988,649947,958642,6.69,10.20,8.84
2026-08-17T14:49:56+00:00,62986,316753,652072,958533,6.48,10.10,8.81
2026-08-17T14:50:01+00:00,62080,316728,653003,959439,6.20,9.98,8.78
2026-08-17T14:50:06+00:00,62245,315206,654360,959258,6.26,9.93,8.77
2026-08-17T14:50:11+00:00,61172,315204,655435,960347,6.32,9.88,8.76
2026-08-17T14:50:16+00:00,59581,315807,656424,961938,6.06,9.77,8.73
2026-08-17T14:50:21+00:00,58572,323791,649449,962948,5.81,9.66,8.70
2026-08-17T14:50:26+00:00,57790,324573,649449,963729,5.59,9.54,8.67
2026-08-17T14:50:31+00:00,57043,325320,649449,964476,5.22,9.40,8.62
2026-08-17T14:50:36+00:00,56393,325970,649449,965127,4.88,9.26,8.58
2026-08-17T14:50:41+00:00,55874,326489,649449,965645,4.65,9.14,8.55
2026-08-17T14:50:46+00:00,55365,326997,649449,966154,4.60,9.06,8.52
2026-08-17T14:50:52+00:00,54939,327424,649449,966580,4.31,8.92,8.48
2026-08-17T14:50:57+00:00,54683,327679,649449,966836,4.04,8.79,8.44
2026-08-17T14:51:02+00:00,54490,327873,649449,967030,3.88,8.68,8.41
2026-08-17T14:51:07+00:00,54395,327968,649449,967124,3.81,8.58,8.38
2026-08-17T14:51:12+00:00,54154,326695,650963,967364,3.82,8.51,8.35
2026-08-17T14:51:17+00:00,54053,325717,652041,967466,3.84,8.43,8.33
2026-08-17T14:51:22+00:00,53926,325013,652873,967593,3.61,8.31,8.29
2026-08-17T14:51:27+00:00,53960,324141,653710,967559,3.48,8.20,8.26
2026-08-17T14:51:32+00:00,54022,323195,654594,967497,3.36,8.10,8.22
2026-08-17T14:51:37+00:00,54077,322276,655459,967442,3.49,8.05,8.20
2026-08-17T14:51:42+00:00,54093,321925,655793,967426,3.53,7.98,8.18
2026-08-17T14:51:47+00:00,54143,321193,656476,967376,3.89,7.98,8.18
2026-08-17T14:51:52+00:00,54034,320492,657285,967485,4.46,8.03,8.20
2026-08-17T14:51:57+00:00,53976,322690,655145,967543,4.51,7.98,8.18
2026-08-17T14:52:02+00:00,54337,321795,655680,967182,4.55,7.93,8.16
2026-08-17T14:52:07+00:00,55367,321014,655430,966152,4.58,7.88,8.14
2026-08-17T14:52:12+00:00,55853,320529,655430,965666,4.54,7.82,8.12
2026-08-17T14:52:17+00:00,55903,319347,656561,964485,4.41,7.74,8.09
2026-08-17T14:52:22+00:00,55950,315696,660166,960833,4.22,7.64,8.06
2026-08-17T14:52:27+00:00,57257,314389,660166,959527,4.20,7.58,8.04
2026-08-17T14:52:32+00:00,58263,313382,660166,958520,4.18,7.52,8.02
2026-08-17T14:52:37+00:00,59407,312238,660166,957376,4.09,7.45,7.99
2026-08-17T14:52:42+00:00,60079,311566,660166,956704,4.08,7.39,7.97
2026-08-17T14:52:47+00:00,61507,310138,660166,955276,4.00,7.32,7.94
2026-08-17T14:52:52+00:00,63129,308517,660166,953655,3.92,7.24,7.91
2026-08-17T14:52:57+00:00,64298,307348,660166,952486,3.92,7.19,7.89
2026-08-17T14:53:02+00:00,65769,305877,660166,951015,3.85,7.12,7.87
2026-08-17T14:53:07+00:00,67022,304624,660166,949762,3.78,7.05,7.84
2026-08-17T14:53:12+00:00,67682,303964,660166,949101,3.72,6.98,7.81
2026-08-17T14:53:17+00:00,68968,302677,660166,947816,3.82,6.95,7.80
2026-08-17T14:53:22+00:00,70304,301341,660166,946480,3.75,6.89,7.77
2026-08-17T14:53:27+00:00,71506,300139,660166,945277,3.85,6.85,7.76
2026-08-17T14:53:32+00:00,72419,299226,660166,944364,3.79,6.79,7.73
2026-08-17T14:53:37+00:00,73689,297956,660166,943094,3.72,6.73,7.71
2026-08-17T14:53:42+00:00,75390,296255,660166,941393,3.58,6.65,7.68
2026-08-17T14:53:47+00:00,76841,294804,660166,939942,3.86,6.65,7.67
2026-08-17T14:53:52+00:00,77429,294216,660166,939355,3.87,6.61,7.65
2026-08-17T14:53:57+00:00,79199,292446,660166,937584,3.88,6.57,7.63
2026-08-17T14:54:02+00:00,80455,291190,660166,936329,3.81,6.51,7.61
2026-08-17T14:54:07+00:00,81415,290230,660166,935369,3.83,6.46,7.59
2026-08-17T14:54:12+00:00,82464,289181,660166,934320,3.68,6.39,7.56
2026-08-17T14:54:17+00:00,83872,287773,660166,932912,3.79,6.37,7.54
2026-08-17T14:54:22+00:00,85023,286622,660166,931760,3.88,6.34,7.53
2026-08-17T14:54:27+00:00,86862,284783,660166,929922,3.81,6.29,7.50
2026-08-17T14:54:32+00:00,88002,283642,660166,928781,3.67,6.22,7.47
2026-08-17T14:54:37+00:00,88414,283231,660166,928369,3.77,6.20,7.46
2026-08-17T14:54:42+00:00,89776,281869,660166,927007,3.87,6.18,7.45
2026-08-17T14:54:47+00:00,91060,280585,660166,925723,3.88,6.14,7.43
2026-08-17T14:54:52+00:00,91802,279843,660166,924982,3.81,6.09,7.40
2026-08-17T14:54:57+00:00,92880,278765,660166,923903,3.91,6.07,7.39
2026-08-17T14:55:02+00:00,94098,277547,660166,922685,3.99,6.05,7.38
2026-08-17T14:55:07+00:00,95226,276419,660166,921557,4.00,6.02,7.36
2026-08-17T14:55:12+00:00,96775,274870,660166,920008,3.91,5.97,7.34
2026-08-17T14:55:17+00:00,97066,274579,660166,919717,4.00,5.95,7.32
2026-08-17T14:55:22+00:00,98689,272956,660166,918095,4.08,5.93,7.31
2026-08-17T14:55:27+00:00,99225,272420,660167,917558,3.91,5.87,7.28
2026-08-17T14:55:32+00:00,99297,272347,660167,917486,3.76,5.80,7.25
2026-08-17T14:55:37+00:00,100554,266995,664263,912133,3.78,5.77,7.24
2026-08-17T14:55:42+00:00,101177,266371,664263,911510,3.64,5.71,7.21
2026-08-17T14:55:47+00:00,101059,266489,664263,911628,3.67,5.68,7.19
2026-08-17T14:55:52+00:00,101070,266479,664263,911618,3.61,5.64,7.17
2026-08-17T14:55:57+00:00,100985,266564,664263,911703,3.72,5.63,7.16
2026-08-17T14:56:02+00:00,101770,265779,664263,910917,3.83,5.62,7.14
2026-08-17T14:56:07+00:00,101710,265839,664263,910978,3.68,5.56,7.12
2026-08-17T14:56:12+00:00,102730,264819,664263,909958,3.71,5.53,7.10
2026-08-17T14:56:17+00:00,103419,264129,664263,909268,3.57,5.47,7.07
2026-08-17T14:56:22+00:00,103351,264198,664263,909337,3.60,5.45,7.05
2026-08-17T14:56:27+00:00,103251,264297,664263,909436,3.56,5.41,7.03
2026-08-17T14:56:32+00:00,103195,264354,664263,909493,3.51,5.37,7.01
2026-08-17T14:56:38+00:00,103233,264316,664263,909455,3.55,5.34,6.99
2026-08-17T14:56:43+00:00,103921,263628,664263,908766,3.51,5.30,6.97
2026-08-17T14:56:48+00:00,104049,263499,664263,908638,3.39,5.25,6.95
2026-08-17T14:56:53+00:00,104018,263531,664263,908670,3.35,5.21,6.92
2026-08-17T14:56:58+00:00,103978,263571,664263,908709,3.41,5.19,6.91
2026-08-17T14:57:03+00:00,103959,263590,664263,908729,3.37,5.15,6.89
2026-08-17T14:57:08+00:00,104881,262668,664263,907806,3.50,5.15,6.88
2026-08-17T14:57:13+00:00,104770,262778,664263,907917,3.38,5.10,6.85
2026-08-17T14:57:18+00:00,104756,262792,664263,907931,3.59,5.11,6.85
2026-08-17T14:57:23+00:00,104667,262882,664263,908021,3.46,5.06,6.82
2026-08-17T14:57:28+00:00,93726,273823,664263,918962,3.43,5.03,6.80
2026-08-17T14:57:33+00:00,59998,316366,655447,961505,3.55,5.03,6.79
2026-08-17T14:57:38+00:00,54563,321822,655426,966940,3.59,5.01,6.77
2026-08-17T14:57:43+00:00,54558,321827,655427,966946,3.38,4.94,6.74
2026-08-17T14:57:48+00:00,54514,321870,655427,966989,3.19,4.88,6.71
2026-08-17T14:57:53+00:00,54517,321876,655418,966986,3.02,4.81,6.68
2026-08-17T14:57:58+00:00,54495,321897,655420,967009,2.93,4.76,6.65
2026-08-17T14:58:03+00:00,54519,321872,655420,966985,3.02,4.75,6.64
2026-08-17T14:58:08+00:00,54616,321772,655423,966887,3.02,4.72,6.62
2026-08-17T14:58:13+00:00,54565,321822,655424,966938,2.94,4.68,6.59
2026-08-17T14:58:18+00:00,54578,321809,655424,966925,2.78,4.62,6.56
2026-08-17T14:58:23+00:00,54469,321918,655424,967034,2.64,4.56,6.53
2026-08-17T14:58:28+00:00,54478,321909,655424,967026,2.67,4.53,6.52
2026-08-17T14:58:33+00:00,54544,321843,655424,966959,2.53,4.47,6.49
2026-08-17T14:58:38+00:00,54547,321840,655425,966957,2.41,4.41,6.46
2026-08-17T14:58:43+00:00,54528,321867,655417,966975,2.38,4.37,6.43
2026-08-17T14:58:48+00:00,54632,321758,655421,966871,2.43,4.35,6.41
2026-08-17T14:58:53+00:00,54558,321832,655422,966945,2.39,4.31,6.39
2026-08-17T14:58:58+00:00,56581,319813,655417,964922,2.68,4.34,6.39
2026-08-17T14:59:03+00:00,56694,319700,655418,964810,2.79,4.33,6.37
2026-08-17T14:59:08+00:00,56680,319714,655418,964824,2.80,4.31,6.35
2026-08-17T14:59:13+00:00,56631,319763,655418,964872,2.74,4.27,6.33
2026-08-17T14:59:18+00:00,56618,319776,655418,964885,2.68,4.23,6.31
2026-08-17T14:59:23+00:00,54592,321799,655421,966912,2.71,4.21,6.29
2026-08-17T14:59:28+00:00,54547,321847,655417,966956,2.57,4.16,6.26
2026-08-17T14:59:33+00:00,54665,321728,655419,966838,2.60,4.14,6.24
2026-08-17T14:59:38+00:00,54979,321410,655422,966524,2.80,4.15,6.24
2026-08-17T14:59:43+00:00,55253,321139,655420,966251,2.81,4.13,6.22
2026-08-17T14:59:48+00:00,56443,319948,655420,965060,3.07,4.17,6.22
2026-08-17T14:59:53+00:00,56881,319510,655420,964622,3.22,4.18,6.21
2026-08-17T14:59:58+00:00,57083,319308,655420,964420,3.29,4.18,6.20
2026-08-17T15:00:03+00:00,57601,318789,655421,963902,3.34,4.17,6.19
2026-08-17T15:00:08+00:00,59452,328954,643405,962039,3.48,4.19,6.18
2026-08-17T15:00:13+00:00,58582,329805,643424,962909,3.60,4.20,6.17
2026-08-17T15:00:18+00:00,58376,328200,645235,963115,3.71,4.21,6.17
2026-08-17T15:00:23+00:00,58622,327072,646117,962869,3.81,4.23,6.16
2026-08-17T15:00:28+00:00,58744,326199,646869,962743,3.91,4.24,6.15
2026-08-17T15:00:33+00:00,59029,325168,647614,962458,3.92,4.24,6.14
2026-08-17T15:00:38+00:00,58819,324632,648360,962668,3.84,4.22,6.12
2026-08-17T15:00:43+00:00,58674,323913,649225,962813,4.10,4.26,6.13
2026-08-17T15:00:48+00:00,58824,322834,650153,962664,4.17,4.27,6.12
2026-08-17T15:00:53+00:00,59085,321787,650940,962403,4.07,4.25,6.11
2026-08-17T15:00:58+00:00,58907,321219,651685,962580,4.15,4.27,6.10
2026-08-17T15:01:03+00:00,58841,320540,652431,962646,4.06,4.24,6.08
2026-08-17T15:01:08+00:00,58895,320213,652703,962592,4.05,4.24,6.07
2026-08-17T15:01:13+00:00,58677,319687,653447,962810,4.37,4.30,6.08
2026-08-17T15:01:18+00:00,58508,318335,654968,962979,4.58,4.35,6.09
2026-08-17T15:01:23+00:00,58664,317713,655434,962824,4.85,4.41,6.10
2026-08-17T15:01:28+00:00,58556,317821,655434,962932,4.70,4.39,6.08
2026-08-17T15:01:33+00:00,58409,317968,655435,963079,4.81,4.41,6.08
2026-08-17T15:01:38+00:00,58936,317439,655436,962551,4.66,4.39,6.06
2026-08-17T15:01:43+00:00,58989,317384,655439,962497,4.85,4.43,6.07
2026-08-17T15:01:48+00:00,59094,317276,655441,962392,4.78,4.42,6.06
